DTPG0000000	pip [SEP] FCN3 [SEP] fabA [SEP] IVD [SEP] buk2 [SEP] spoIIAA [SEP] SLC29A2 [SEP] ATP1A3 [SEP] ABCG2 [SEP] VEGFB [SEP] KIF11 [SEP] ACAT1 [SEP] RPL18 [SEP] EPHA1 [SEP] RHD [SEP] cmk [SEP] rfbC [SEP] mecA [SEP] RPL11 [SEP] RPL10L	drug target polypeptide gene	drug target polypeptide gene	drugbank
DTPG0000001	APOA4 [SEP] RGN [SEP] SBK3 [SEP] gtfD [SEP] KDR [SEP] ribH2 [SEP] SMARCE1 [SEP] pchF [SEP] RDH14 [SEP] ABCC1 [SEP] LPAR4 [SEP] CDH11 [SEP] KCNE1 [SEP] SMN2 [SEP] CHRNA1 [SEP] KCNH6 [SEP] GALE [SEP] S1PR5 [SEP] CASR [SEP] kdsA	drug target polypeptide gene	drug target polypeptide gene	drugbank
DTPG0000002	1 [SEP] HMMR [SEP] ABCC6 [SEP] frdA [SEP] yngHB [SEP] MIP [SEP] NDUFS6 [SEP] CDK5R1 [SEP] IDI1 [SEP] PDK4 [SEP] SERPINA5 [SEP] petA [SEP] CD3D [SEP] ppcA [SEP] TMLHE [SEP] ADSS [SEP] TBK1 [SEP] MKNK2 [SEP] TK2 [SEP] APRT	drug target polypeptide gene	drug target polypeptide gene	drugbank
DTPG0000003	PTAFR [SEP] fusA [SEP] FGFR3 [SEP] MARK2 [SEP] DPH5 [SEP] PSMC3 [SEP] MAPK10 [SEP] SPR [SEP] TNK1 [SEP] GHSR [SEP] PDE3A [SEP] ALDH2 [SEP] SCN3B [SEP] OAT [SEP] VCAM1 [SEP] pabC [SEP] ST3GAL5 [SEP] KCNK2 [SEP] GLTP [SEP] NCS1	drug target polypeptide gene	drug target polypeptide gene	drugbank
DTPG0000004	kbl [SEP] CYP11B2 [SEP] pdxJ [SEP] hemC [SEP] CTSD [SEP] opdA [SEP] DDX39B [SEP] ptpA [SEP] MAST1 [SEP] KRT9 [SEP] GSS [SEP] NMNAT3 [SEP] SPTBN1 [SEP] RPL35 [SEP] FOL1 [SEP] SERPINA1 [SEP] IL1A [SEP] FASN [SEP] KEL [SEP] cbaA	drug target polypeptide gene	drug target polypeptide gene	drugbank
DTPG0000005	CFH [SEP] alpha-LP [SEP] tlyA [SEP] moxC [SEP] SOAT1 [SEP] FABP7 [SEP] IRAK1 [SEP] CHUK [SEP] rpsU [SEP] CAST [SEP] cysE [SEP] limA [SEP] thyX [SEP] rpmA [SEP] ANXA1 [SEP] qacR [SEP] mrsD [SEP] CTNNB1 [SEP] NOS1 [SEP] FRK	drug target polypeptide gene	drug target polypeptide gene	drugbank
DTPG0000006	GPR12 [SEP] PARP2 [SEP] ICAM1 [SEP] TUBA4A [SEP] TLL2 [SEP] NDUFA6 [SEP] CCKAR [SEP] celCCG [SEP] celA1 [SEP] SULT1B1 [SEP] STK24 [SEP] fae [SEP] DKFZp686P18130 [SEP] ATP2A2 [SEP] frr [SEP] NR0B1 [SEP] bca [SEP] FGF23 [SEP] tlp1 [SEP] RPS6	drug target polypeptide gene	drug target polypeptide gene	drugbank
DTPG0000007	DSP [SEP] nplT [SEP] APOA1 [SEP] SLC7A3 [SEP] GSTP1 [SEP] FXN [SEP] CPN2 [SEP] LIMK1 [SEP] CKMT2 [SEP] KANSL3 [SEP] SCNN1G [SEP] murB [SEP] chqB [SEP] ADCY5 [SEP] nedA [SEP] xynA [SEP] SSTR2 [SEP] HSD17B3 [SEP] PIK3C2B [SEP] DSTN	drug target polypeptide gene	drug target polypeptide gene	drugbank
DTPG0000008	KLK7 [SEP] BECN1 [SEP] CXCR1 [SEP] NR1H2 [SEP] BCL2L2 [SEP] TAC3 [SEP] CACNB3 [SEP] TRAPPC4 [SEP] INHBA [SEP] nadD [SEP] panC [SEP] TNFAIP6 [SEP] MAPK8IP1 [SEP] Htr2c [SEP] GMPS [SEP] CTSF [SEP] clcD [SEP] PRSS3 [SEP] ispDF [SEP] mobA	drug target polypeptide gene	drug target polypeptide gene	drugbank
DTPG0000009	RALA [SEP] acpP [SEP] PGRMC1 [SEP] IL11RA [SEP] moaE [SEP] coaBC [SEP] CD247 [SEP] BCR/ABL fusion [SEP] SEPP1 [SEP] FARS2 [SEP] rpoC [SEP] SLC6A12 [SEP] cypC [SEP] IARS [SEP] HSD11B1 [SEP] ALDH3B2 [SEP] NDUFS8 [SEP] PREP [SEP] TAS1R3 [SEP] glpE	drug target polypeptide gene	drug target polypeptide gene	drugbank
DTPG0000010	LSS [SEP] GMPR [SEP] LRP1 [SEP] MCAT [SEP] HDAC6 [SEP] PKAr [SEP] CBX5 [SEP] PAM [SEP] NR1D1 [SEP] metF [SEP] GPX5 [SEP] dfrA [SEP] ispD [SEP] SMARCA5 [SEP] rbsD [SEP] GSTT2 [SEP] dgdA [SEP] alsB [SEP] CPK1 [SEP] KRT14	drug target polypeptide gene	drug target polypeptide gene	drugbank
DTPG0000011	NRP2 [SEP] ACOX1 [SEP] sufS [SEP] SUOX [SEP] RARB [SEP] PHOSPHO1 [SEP] ctaC [SEP] ydbK [SEP] thiD [SEP] HDAC7 [SEP] cinA [SEP] PAPSS1 [SEP] ELOVL2 [SEP] OGFOD1 [SEP] phrB [SEP] tynA [SEP] dmg [SEP] CREB1 [SEP] staP [SEP] BAD	drug target polypeptide gene	drug target polypeptide gene	drugbank
DTPG0000012	TTR [SEP] trmD [SEP] NISCH [SEP] pheA2 [SEP] FGB [SEP] oxdC [SEP] STIP1 [SEP] treR [SEP] GABRA3 [SEP] NPR1 [SEP] GFER [SEP] STK10 [SEP] MMACHC [SEP] ATP5D [SEP] cslA [SEP] dxr [SEP] PTDSS1 [SEP] SIRT5 [SEP] NAGPA [SEP] MT-ND5	drug target polypeptide gene	drug target polypeptide gene	drugbank
DTPG0000013	SLCO1B3 [SEP] COX5A [SEP] GCK [SEP] APAF1 [SEP] glk [SEP] cysI [SEP] SMG6 [SEP] MUSK [SEP] trxB [SEP] PKLR [SEP] IRAK4 [SEP] THRB [SEP] bglA [SEP] hpt [SEP] ACSBG1 [SEP] CTRB1 [SEP] S100A7 [SEP] pgk/tpi [SEP] HTATIP2 [SEP] MAPK9	drug target polypeptide gene	drug target polypeptide gene	drugbank
DTPG0000014	ribC [SEP] GRM5 [SEP] algD [SEP] pcrV [SEP] OPRK1 [SEP] TAGLN [SEP] tag [SEP] fadB [SEP] repA [SEP] GP [SEP] UL122 [SEP] NSF [SEP] CAPNS1 [SEP] KHSRP [SEP] DUSP23 [SEP] RTCB [SEP] SERPINA3 [SEP] KRAS [SEP] CLK2 [SEP] ntpK	drug target polypeptide gene	drug target polypeptide gene	drugbank
DTPG0000015	F13A1 [SEP] stxB [SEP] F8 [SEP] NAGK [SEP] tufA [SEP] IFNAR2 [SEP] ribH [SEP] KCNA10 [SEP] porB [SEP] CACNA1I [SEP] pyrR [SEP] SPINK6 [SEP] MTAP [SEP] LACZ [SEP] SLC5A5 [SEP] TAOK1 [SEP] ALDH3A1 [SEP] SF3A2 [SEP] gyrB [SEP] rt	drug target polypeptide gene	drug target polypeptide gene	drugbank
DTPG0000016	GRIN3A [SEP] atpF [SEP] ERG11 [SEP] PHB2 [SEP] KCNQ3 [SEP] HRH3 [SEP] rplK [SEP] COL3A1 [SEP] ponA [SEP] PADI4 [SEP] nanH [SEP] mepA [SEP] BCL2L1 [SEP] COX7B [SEP] HSD17B8 [SEP] SOD1 [SEP] IFNG [SEP] cgiA [SEP] ARF1 [SEP] PIM1	drug target polypeptide gene	drug target polypeptide gene	drugbank
DTPG0000017	rpiB [SEP] PSMB6 [SEP] PPI [SEP] DRD5 [SEP] HIST1H2BC [SEP] SSTR5 [SEP] R [SEP] TUBB4B [SEP] SFRP4 [SEP] cft [SEP] NPR2 [SEP] MAPK4 [SEP] celS [SEP] ADK [SEP] ampC [SEP] tktA [SEP] CCT3 [SEP] NME1 [SEP] IMPA2 [SEP] deoA	drug target polypeptide gene	drug target polypeptide gene	drugbank
DTPG0000018	CIB1 [SEP] xlnA [SEP] upp [SEP] MSRA [SEP] spg [SEP] VMAT2 [SEP] TUBB6 [SEP] PCYT1B [SEP] ADRB3 [SEP] SULT2A1 [SEP] petM [SEP] BMP4 [SEP] CHRNA4 [SEP] ACVR1 [SEP] PDPK1 [SEP] petH [SEP] VDAC2 [SEP] CASQ1 [SEP] VWF [SEP] TNFRSF17	drug target polypeptide gene	drug target polypeptide gene	drugbank
DTPG0000019	nrdI [SEP] inhA [SEP] HABP4 [SEP] clpP [SEP] P/V [SEP] gapA [SEP] OAZ1 [SEP] SLC22A4 [SEP] MDR1 [SEP] GRIK1 [SEP] BAAT [SEP] CA13 [SEP] KCNQ2 [SEP] RAMP1 [SEP] PGGT1B [SEP] SDHA [SEP] nusB [SEP] MARK1 [SEP] celD [SEP] ELSPBP1	drug target polypeptide gene	drug target polypeptide gene	drugbank
DTPG0000020	purE [SEP] TUB2 [SEP] CDK16 [SEP] RAP2A [SEP] SGK1 [SEP] TH [SEP] bglT [SEP] YWHAE [SEP] HAL [SEP] IGF2R [SEP] dnrK [SEP] embA [SEP] gshA [SEP] EDN1 [SEP] ERN1 [SEP] rbsB [SEP] PROSC [SEP] appA [SEP] SLC12A7 [SEP] fox-7	drug target polypeptide gene	drug target polypeptide gene	drugbank
DTPG0000021	SEMG1 [SEP] CEACAM1 [SEP] TK [SEP] soxB [SEP] ndoB [SEP] cobH [SEP] RPS5 [SEP] MCCC1 [SEP] RXRA [SEP] MPL [SEP] narG [SEP] CD52 [SEP] CDO1 [SEP] ERG1 [SEP] TRDMT1 [SEP] NDUFS3 [SEP] GABRR3 [SEP] amtB [SEP] citE [SEP] PPP1CA	drug target polypeptide gene	drug target polypeptide gene	drugbank
DTPG0000022	B2M [SEP] FDXR [SEP] UBB [SEP] GPX6 [SEP] pyrC [SEP] EDNRB [SEP] PTR1 [SEP] asd [SEP] shp [SEP] cutA [SEP] ME1 [SEP] rpoA [SEP] budB [SEP] odcI [SEP] penP [SEP] GLA [SEP] LATS1 [SEP] NDUFA4 [SEP] SLC6A14 [SEP] PAPS	drug target polypeptide gene	drug target polypeptide gene	drugbank
DTPG0000023	menB [SEP] tpdA [SEP] hmuO [SEP] DHRS4L2 [SEP] GAA [SEP] GARS [SEP] ganB [SEP] PRSS8 [SEP] MARK4 [SEP] APOL1 [SEP] lef [SEP] CCL8 [SEP] ompF [SEP] lsrB [SEP] rpsF [SEP] scrY [SEP] icd [SEP] SERPINB2 [SEP] PPIA [SEP] PTGIR	drug target polypeptide gene	drug target polypeptide gene	drugbank
DTPG0000024	ITGA5 [SEP] argI [SEP] oprP [SEP] VDAC3 [SEP] DDR2 [SEP] SSTR4 [SEP] HP [SEP] cysG [SEP] c-des [SEP] KCNQ4 [SEP] def1 [SEP] IGHM [SEP] GABRA5 [SEP] CYP3A4 [SEP] iadA [SEP] P5CR2 [SEP] RET [SEP] ACCS [SEP] BTK [SEP] aroC	drug target polypeptide gene	drug target polypeptide gene	drugbank
DTPG0000025	rpsQ [SEP] yniC [SEP] CSNK1G3 [SEP] AKR1C3 [SEP] VCP [SEP] SLC16A8 [SEP] NDUFC1 [SEP] srtB [SEP] SLC12A5 [SEP] NTRK2 [SEP] ispH [SEP] ENPP1 [SEP] ecoRVR [SEP] PDXP [SEP] HTR7 [SEP] PDIA3 [SEP] cbaB [SEP] hia [SEP] hslU [SEP] ATP4B	drug target polypeptide gene	drug target polypeptide gene	drugbank
DTPG0000026	SLC16A1 [SEP] rab6 [SEP] CDIPT [SEP] pbp [SEP] PPCDC [SEP] HEXB [SEP] GRIN2D [SEP] ACAD8 [SEP] MAP3K4 [SEP] MT3 [SEP] mmaA4 [SEP] ALK [SEP] IL10 [SEP] COL4A4 [SEP] SRR [SEP] B4GALT4 [SEP] hemL [SEP] aat [SEP] UAP56 [SEP] MMP16	drug target polypeptide gene	drug target polypeptide gene	drugbank
DTPG0000027	MAPK14 [SEP] rsmF [SEP] rmlB [SEP] HPX [SEP] dnaN [SEP] pcp [SEP] SLC10A1 [SEP] SLC15A1 [SEP] TTLL3 [SEP] S100A4 [SEP] HNRNPL [SEP] radh [SEP] ALPL [SEP] PAK5 [SEP] CNR1 [SEP] AMY2A [SEP] ATP2C1 [SEP] PDE4A [SEP] NDUFA4L2 [SEP] AASS	drug target polypeptide gene	drug target polypeptide gene	drugbank
DTPG0000028	GABRE [SEP] SIVA1 [SEP] CDC25B [SEP] AURKB [SEP] cycM [SEP] AGXT2 [SEP] LTA [SEP] ARG2 [SEP] rhdA [SEP] POLE2 [SEP] astA [SEP] HSD17B10 [SEP] CDKL1 [SEP] NDUFS5 [SEP] citA [SEP] GPNMB [SEP] ldh [SEP] PISD [SEP] GSTM5 [SEP] MAPKAPK2	drug target polypeptide gene	drug target polypeptide gene	drugbank
DTPG0000029	SERPINF2 [SEP] relA [SEP] H6PD [SEP] SLC25A20 [SEP] UL97 [SEP] TUBB2B [SEP] DCK [SEP] ulaD [SEP] ASPA [SEP] fbaA [SEP] TAOK2 [SEP] STK35 [SEP] SQLE [SEP] PPARG [SEP] prfA [SEP] CLK3 [SEP] FYN [SEP] ARL5B [SEP] metK [SEP] thyA1	drug target polypeptide gene	drug target polypeptide gene	drugbank
DTPG0000030	aroE [SEP] TACSTD2 [SEP] ERG7 [SEP] RBP1 [SEP] rsuA [SEP] purT [SEP] RABGGTB [SEP] USP14 [SEP] galE [SEP] RPS17 [SEP] PTGER3 [SEP] HNRNPD [SEP] RARRES1 [SEP] UQCRQ [SEP] LRG1 [SEP] CYB5B [SEP] rimL [SEP] CTPS1 [SEP] 4 [SEP] nfsB	drug target polypeptide gene	drug target polypeptide gene	drugbank
DTPG0000031	KRT5 [SEP] SEC14L3 [SEP] argB [SEP] cbh [SEP] cagA [SEP] KCNJ3 [SEP] phzD1 [SEP] SEPSECS [SEP] CHEK1 [SEP] HMGCS1 [SEP] ASGR2 [SEP] F [SEP] PDGFRA [SEP] SDS [SEP] acnB [SEP] SBK1 [SEP] P4HTM [SEP] PADI2 [SEP] NDUFA2 [SEP] AKR1B1	drug target polypeptide gene	drug target polypeptide gene	drugbank
DTPG0000032	PDK3 [SEP] petD [SEP] MCHR1 [SEP] TESK1 [SEP] SLC22A5 [SEP] MTOR [SEP] MARK3 [SEP] CMPK1 [SEP] DLD [SEP] rplC [SEP] penA [SEP] tyrS [SEP] IYD [SEP] PI4K2B [SEP] ABL2 [SEP] PTH1R [SEP] rpsH [SEP] ALOX5AP [SEP] C5 [SEP] PTGR1	drug target polypeptide gene	drug target polypeptide gene	drugbank
DTPG0000033	P4HA1 [SEP] RHEB [SEP] ARL5A [SEP] IL1RN [SEP] NDST1 [SEP] INPP5B [SEP] CDK6 [SEP] gntK [SEP] CACNB2 [SEP] BAG1 [SEP] HTR1F [SEP] KCNH1 [SEP] dehB [SEP] frc [SEP] aroH [SEP] CSAD [SEP] yqhD [SEP] TPD52L2 [SEP] yhdN [SEP] fumC	drug target polypeptide gene	drug target polypeptide gene	drugbank
DTPG0000034	NSDHL [SEP] ARPC4 [SEP] MAP3K12 [SEP] GAPDH [SEP] CAMK1 [SEP] RARA [SEP] PFAS [SEP] gmk [SEP] ddh [SEP] TSTA3 [SEP] PDE4D [SEP] NPR3 [SEP] azoR1 [SEP] SDHB [SEP] NDUFB6 [SEP] murF [SEP] LARS [SEP] SLC52A2 [SEP] GOT2 [SEP] MYH14	drug target polypeptide gene	drug target polypeptide gene	drugbank
DTPG0000035	opdK [SEP] PROF [SEP] GUCY1A2 [SEP] HSP90B1 [SEP] NDUFB8 [SEP] PTPRE [SEP] ATOX1 [SEP] efpA [SEP] hisD [SEP] DDX5 [SEP] HIBCH [SEP] GUCY1A1 [SEP] VDAC1 [SEP] PGLYRP3 [SEP] CRT [SEP] CAMK2A [SEP] ROCK2 [SEP] ORM1 [SEP] ppgmk [SEP] YARS2	drug target polypeptide gene	drug target polypeptide gene	drugbank
DTPG0000036	FCER1A [SEP] SLC6A4 [SEP] trwB [SEP] TGFB1 [SEP] GRIK4 [SEP] CTNS [SEP] HSD3B2 [SEP] SSTR1 [SEP] DHODH [SEP] bioD1 [SEP] PRDX6 [SEP] papC [SEP] OAS1 [SEP] AKT2 [SEP] CYP3A5 [SEP] PCNA [SEP] MYO1E [SEP] CA7 [SEP] mdlC [SEP] GNLY	drug target polypeptide gene	drug target polypeptide gene	drugbank
DTPG0000037	LCN1 [SEP] EXTL2 [SEP] FDX1 [SEP] AGTR1 [SEP] AVPR2 [SEP] GGT1 [SEP] GANAB [SEP] TERT [SEP] PLEKHA1 [SEP] TNFRSF10B [SEP] TNNI3K [SEP] folE [SEP] PHKG1 [SEP] MGST3 [SEP] MDH1 [SEP] snoaL [SEP] IKBKG [SEP] SLC12A3 [SEP] cphA [SEP] KCNC2	drug target polypeptide gene	drug target polypeptide gene	drugbank
DTPG0000038	ANGPTL3 [SEP] traR [SEP] SLC1A5 [SEP] RPL3 [SEP] ITPA [SEP] CARS2 [SEP] HTR3B [SEP] KCND2 [SEP] pbp4 [SEP] npr [SEP] CA12 [SEP] HK1 [SEP] RDX [SEP] ASRGL1 [SEP] mrdA [SEP] L [SEP] aauB [SEP] puhA [SEP] hemY [SEP] SGPL1	drug target polypeptide gene	drug target polypeptide gene	drugbank
DTPG0000039	tar [SEP] Lyar [SEP] cia [SEP] ADH7 [SEP] PPBP [SEP] CDK5 [SEP] plcA [SEP] MVK [SEP] AKR1B10 [SEP] AZGP1 [SEP] ftsI [SEP] CA1 [SEP] ADORA2A [SEP] ECI1 [SEP] EXP-1 [SEP] IDH2 [SEP] DLAT [SEP] PIPOX [SEP] RRBP1 [SEP] pgiB	drug target polypeptide gene	drug target polypeptide gene	drugbank
DTPG0000040	GOT1 [SEP] KRT12 [SEP] INSR [SEP] PCDH19 [SEP] ACACA [SEP] CA10 [SEP] HTT [SEP] mtnW [SEP] CMTR1 [SEP] rfbF [SEP] amn [SEP] desIV [SEP] HARS [SEP] CS [SEP] ALAS2 [SEP] FCGR3A [SEP] phzF [SEP] LGALS2 [SEP] phbA [SEP] ttgR	drug target polypeptide gene	drug target polypeptide gene	drugbank
DTPG0000041	rbmD [SEP] MC4R [SEP] CALB2 [SEP] MIR-1 [SEP] MT-CO2 [SEP] DHFR [SEP] PLCXD3 [SEP] HAO1 [SEP] PTS [SEP] PRKCE [SEP] NDUFB4 [SEP] HIBADH [SEP] glbN [SEP] CHRNA6 [SEP] MEF-1 [SEP] OPRM1 [SEP] TLR2 [SEP] DHRS4 [SEP] ADRA1D [SEP] pep	drug target polypeptide gene	drug target polypeptide gene	drugbank
DTPG0000042	STK39 [SEP] CDK4 [SEP] NPSR1 [SEP] UGDH [SEP] ALDH1A1 [SEP] HTR2C [SEP] FGF4 [SEP] tcp14 [SEP] PIK3CD [SEP] phoQ [SEP] PAFAH1B3 [SEP] ADORA2B [SEP] STK33 [SEP] NFKBIA [SEP] TSSK1B [SEP] IARS2 [SEP] APOBR [SEP] dat [SEP] TGFB3 [SEP] fabZ	drug target polypeptide gene	drug target polypeptide gene	drugbank
DTPG0000043	PSAT1 [SEP] CCNA2 [SEP] MC1R [SEP] HSPD1 [SEP] DDAH2 [SEP] SCN2B [SEP] CDK1 [SEP] MAP3K9 [SEP] HSF1 [SEP] GATM [SEP] bsd [SEP] moaB [SEP] mdlB [SEP] xly [SEP] PRKAR2B [SEP] ALKBH2 [SEP] pdxA [SEP] NR1I2 [SEP] KCNN1 [SEP] lsr2	drug target polypeptide gene	drug target polypeptide gene	drugbank
DTPG0000044	cycA [SEP] RENBP [SEP] ADRA1B [SEP] yfiH [SEP] PCMT1 [SEP] GRIN2B [SEP] Adss [SEP] bphD [SEP] ureA [SEP] TYMP [SEP] ORF [SEP] KAT2A [SEP] pbpA [SEP] MMP1 [SEP] gltS [SEP] ADRB1 [SEP] aac(6')-Ii [SEP] SERPINB6 [SEP] TP53 [SEP] GPT	drug target polypeptide gene	drug target polypeptide gene	drugbank
DTPG0000045	AKR1C1 [SEP] ATP6V1B2 [SEP] SERPINA6 [SEP] CLEC14A [SEP] HNRNPA2B1 [SEP] CLPS [SEP] sdiA [SEP] pam [SEP] TARS [SEP] lepB [SEP] IL4R [SEP] TNNI3 [SEP] CTBP1 [SEP] POLE3 [SEP] SCN4B [SEP] PLEKHA4 [SEP] env [SEP] CYP26A1 [SEP] SIRT2 [SEP] IGKV2D-28	drug target polypeptide gene	drug target polypeptide gene	drugbank
DTPG0000046	rpsD [SEP] dhaK [SEP] BIRC5 [SEP] btuB [SEP] CCL5 [SEP] GALK1 [SEP] rplJ [SEP] ACYP2 [SEP] CCS [SEP] galM [SEP] KLK1 [SEP] SLC6A1 [SEP] GBA [SEP] aroA [SEP] GRM2 [SEP] TCTP [SEP] RRM1 [SEP] ccrA [SEP] TACR2 [SEP] pknB	drug target polypeptide gene	drug target polypeptide gene	drugbank
DTPG0000047	rpsJ [SEP] ispE [SEP] METAP1 [SEP] EEF2 [SEP] SCN5A [SEP] KCNK6 [SEP] PGLYRP2 [SEP] tpiA [SEP] CFL1 [SEP] BACE1 [SEP] gstA [SEP] BCAT2 [SEP] BLVRA [SEP] argF' [SEP] ruvB [SEP] PRMT1 [SEP] PPAT [SEP] NDUFS4 [SEP] RPIA [SEP] STK36	drug target polypeptide gene	drug target polypeptide gene	drugbank
DTPG0000048	SLC12A2 [SEP] fdnH [SEP] ilvE [SEP] NAMPT [SEP] PDE4B [SEP] ptr2 [SEP] yerA [SEP] SYT2 [SEP] CDH5 [SEP] MS4A2 [SEP] CHRM1 [SEP] CYB5A [SEP] rub [SEP] mmoX [SEP] EIF2AK1 [SEP] CARTPT [SEP] CD38 [SEP] GADL1 [SEP] TRPV2 [SEP] EPAS1	drug target polypeptide gene	drug target polypeptide gene	drugbank
DTPG0000049	ACE [SEP] P [SEP] HS3ST1 [SEP] amyP [SEP] rpsS [SEP] MMP2 [SEP] PDE7A [SEP] xecC [SEP] COL2A1 [SEP] potD [SEP] ppdK [SEP] ALDH18A1 [SEP] cry [SEP] taqIM [SEP] IMPA1 [SEP] rpoB [SEP] CACNA1D [SEP] xylA [SEP] SLC6A11 [SEP] SLC12A6	drug target polypeptide gene	drug target polypeptide gene	drugbank
DTPG0000050	HBB [SEP] GRIN2C [SEP] TPI [SEP] pbpX [SEP] DPYSL2 [SEP] CA2 [SEP] RHOB [SEP] POLE4 [SEP] CYP27B1 [SEP] PTPN4 [SEP] ssb [SEP] CAPN1 [SEP] TXK [SEP] PLA2G2A [SEP] MTHFD1 [SEP] PFN1 [SEP] plc [SEP] ATP5L [SEP] BBOX1 [SEP] GABRA4	drug target polypeptide gene	drug target polypeptide gene	drugbank
DTPG0000051	RPL23A [SEP] TNF [SEP] BMPR1B [SEP] dsbB [SEP] NEIL1 [SEP] LYN [SEP] ERO1B [SEP] SLC1A7 [SEP] MMP11 [SEP] E2 [SEP] HIV-1 protease [SEP] AKR1A1 [SEP] ATP8A1 [SEP] nanA [SEP] GRM8 [SEP] SERPINA7 [SEP] COPG1 [SEP] pbpC [SEP] PDXK [SEP] PSME1	drug target polypeptide gene	drug target polypeptide gene	drugbank
DTPG0000052	HRAS [SEP] dut [SEP] MT-CO1 [SEP] RYR1 [SEP] FABP6 [SEP] OPRL1 [SEP] RPE65 [SEP] MGAT1 [SEP] MAPKAPK5 [SEP] SCN8A [SEP] MUC2 [SEP] SCMH1 [SEP] MYLK2 [SEP] adk [SEP] xylH [SEP] VTN [SEP] CA9 [SEP] dacB [SEP] fabK [SEP] ESR1	drug target polypeptide gene	drug target polypeptide gene	drugbank
DTPG0000053	ftsZ [SEP] FCGR1B [SEP] PSMA4 [SEP] hutU [SEP] HP1BP3 [SEP] GRB2 [SEP] IGFBP7 [SEP] GAD2 [SEP] TLR4 [SEP] QPCT [SEP] MT-ND3 [SEP] YWHAH [SEP] GPX2 [SEP] PDE4 [SEP] camK [SEP] TRPV1 [SEP] mtnN [SEP] PRKCD [SEP] PCCB [SEP] ELOVL5	drug target polypeptide gene	drug target polypeptide gene	drugbank
DTPG0000054	putA [SEP] CSF3R [SEP] MSTN [SEP] HAPLN1 [SEP] kcsA [SEP] CD2 [SEP] GP1BA [SEP] HMOX1 [SEP] ATP1A1 [SEP] TUFM [SEP] pycA [SEP] S100A9 [SEP] TNFRSF11A [SEP] DAND5 [SEP] rplD [SEP] GABRD [SEP] CD86 [SEP] CPQ [SEP] TYMS [SEP] RNASE2	drug target polypeptide gene	drug target polypeptide gene	drugbank
DTPG0000055	LDHB [SEP] TRHR [SEP] EPHA4 [SEP] FN1 [SEP] CRP [SEP] BMX [SEP] PLA2G7 [SEP] MGST2 [SEP] TRAPPC5 [SEP] CHRNB4 [SEP] FES [SEP] QDPR [SEP] CD163 [SEP] DAPK1 [SEP] HPRT1 [SEP] RBP4 [SEP] RND3 [SEP] pdp [SEP] FOLR2 [SEP] MCFD2	drug target polypeptide gene	drug target polypeptide gene	drugbank
DTPG0000056	lpdV [SEP] LCN9 [SEP] GNRHR2 [SEP] NEK9 [SEP] CAT [SEP] ASL [SEP] hisS [SEP] SLC8A1 [SEP] PA [SEP] TNFSF11 [SEP] CYP2B6 [SEP] HCRT [SEP] CALR3 [SEP] S100B [SEP] gltA [SEP] pamO [SEP] TF [SEP] prpB [SEP] TUBB4A [SEP] TUB	drug target polypeptide gene	drug target polypeptide gene	drugbank
DTPG0000057	PRKG2 [SEP] SPIRE2 [SEP] ALDH7A1 [SEP] crp [SEP] SMAD2 [SEP] PROC [SEP] ADCY1 [SEP] FARSA [SEP] folP1 [SEP] fdhF [SEP] SLC11A2 [SEP] RNASE3 [SEP] ANXA2 [SEP] IDH1 [SEP] prcB [SEP] ITIH4 [SEP] DRD3 [SEP] RAMP2 [SEP] SOAT2 [SEP] KEAP1	drug target polypeptide gene	drug target polypeptide gene	drugbank
DTPG0000058	cyp121 [SEP] SCN1A [SEP] ulaG [SEP] bphA4 [SEP] PKM [SEP] TGM3 [SEP] PTGIS [SEP] TACR3 [SEP] CYP1B1 [SEP] 72 [SEP] AMHR2 [SEP] synC [SEP] NDUFB3 [SEP] AS3MT [SEP] GPI [SEP] pvdQ [SEP] REG1A [SEP] HLA-DRB1 [SEP] cbiD [SEP] fabB	drug target polypeptide gene	drug target polypeptide gene	drugbank
DTPG0000059	PIK3CG [SEP] aldA [SEP] TIMP3 [SEP] CD19 [SEP] pagP [SEP] NIM1K [SEP] gcvT [SEP] CANT1 [SEP] MSMO1 [SEP] ndoC [SEP] CCR9 [SEP] AKR1D1 [SEP] soxA [SEP] PTPN6 [SEP] ECHS1 [SEP] traN [SEP] VKORC1 [SEP] CACNA1E [SEP] PANX1 [SEP] EPN1	drug target polypeptide gene	drug target polypeptide gene	drugbank
DTPG0000060	coaD [SEP] PDE10A [SEP] ASNS [SEP] RDH8 [SEP] panD [SEP] PDHA2 [SEP] IFNAR1 [SEP] PHGDH [SEP] uppS [SEP] oxoO [SEP] dapD [SEP] LAMC1 [SEP] ACTR3 [SEP] bgt [SEP] CCBL1 [SEP] NPM1 [SEP] SLC7A4 [SEP] ALDH4A1 [SEP] COMP [SEP] LTA4H	drug target polypeptide gene	drug target polypeptide gene	drugbank
DTPG0000061	CD276 [SEP] APLP2 [SEP] IL4 [SEP] ADAM17 [SEP] FDPS [SEP] CD9 [SEP] SLC6A7 [SEP] NEK4 [SEP] LTK [SEP] MTRR [SEP] APOD [SEP] HSP90AB1 [SEP] P3H2 [SEP] ORM2 [SEP] DAO [SEP] iolS [SEP] CD79B [SEP] L3HYPDH [SEP] AMN [SEP] CASP9	drug target polypeptide gene	drug target polypeptide gene	drugbank
DTPG0000062	P4HB [SEP] eco [SEP] COX4I1 [SEP] ydhF [SEP] FGR [SEP] lpxA [SEP] ITGAV [SEP] KNG1 [SEP] rsgA [SEP] SCLY [SEP] murD [SEP] CYP2C8 [SEP] AHSG [SEP] CXCL10 [SEP] UNG [SEP] Hrh1 [SEP] TUBA3C [SEP] SCARB1 [SEP] GSC2 [SEP] chiB1	drug target polypeptide gene	drug target polypeptide gene	drugbank
DTPG0000063	PPT1 [SEP] snf [SEP] CSF1R [SEP] ALDH3A2 [SEP] CAMLG [SEP] PON1 [SEP] BRCC3 [SEP] LIP1 [SEP] AURKA [SEP] BDNF [SEP] prr [SEP] PRKAR2A [SEP] IL6R [SEP] MAP4K4 [SEP] TYR [SEP] MST [SEP] tzs [SEP] cyaB2 [SEP] CALCB [SEP] SUCLG2	drug target polypeptide gene	drug target polypeptide gene	drugbank
DTPG0000064	LCN2 [SEP] NAGS [SEP] VDR [SEP] ITIH3 [SEP] CDA [SEP] pbp1b [SEP] ndx1 [SEP] SLC38A3 [SEP] serA [SEP] zipA [SEP] PRKCG [SEP] mutT [SEP] eta [SEP] GLRA3 [SEP] SIGLEC1 [SEP] RNASE1 [SEP] KLK3 [SEP] RFK [SEP] MAP4K5 [SEP] PLG	drug target polypeptide gene	drug target polypeptide gene	drugbank
DTPG0000065	OXTR [SEP] NUAK1 [SEP] GRIK2 [SEP] NDUFA12 [SEP] CD40 [SEP] KCNA6 [SEP] ANXA4 [SEP] thiO [SEP] aroF [SEP] MLLT4 [SEP] ACY1 [SEP] JAK2 [SEP] argG [SEP] NA [SEP] LTC4S [SEP] algQ2 [SEP] AHCY [SEP] S100A6 [SEP] TGFBR1 [SEP] TRAPPC6A	drug target polypeptide gene	drug target polypeptide gene	drugbank
DTPG0000066	CKS1B [SEP] sigA [SEP] LRP2 [SEP] CD22 [SEP] KIT [SEP] MAP2K1 [SEP] PAPPA [SEP] lip [SEP] pyrE [SEP] RPL13A [SEP] cobT [SEP] F7 [SEP] MMP27 [SEP] FEN1 [SEP] PC [SEP] rplP [SEP] nudF [SEP] PFN2 [SEP] chbB [SEP] TIE1	drug target polypeptide gene	drug target polypeptide gene	drugbank
DTPG0000067	PRLR [SEP] MAP4 [SEP] GHR [SEP] TPM4 [SEP] sprT [SEP] phnX [SEP] CRYZ [SEP] CUBN [SEP] NRDD [SEP] DCLK2 [SEP] PEBP1 [SEP] PCYT1A [SEP] P2RX4 [SEP] EPOR [SEP] C1S [SEP] PTPN11 [SEP] botA [SEP] ACVRL1 [SEP] ATP5B [SEP] CAMKK1	drug target polypeptide gene	drug target polypeptide gene	drugbank
DTPG0000068	fabI [SEP] GLO1 [SEP] GLS [SEP] EPHB2 [SEP] LIPF [SEP] bioA [SEP] pilE1 [SEP] CHRM2 [SEP] MAP3K2 [SEP] tagD [SEP] NDUFB1 [SEP] nagA [SEP] PDK2 [SEP] ACADSB [SEP] hsaC [SEP] petG [SEP] ADRA2A [SEP] PIP4K2C [SEP] RXRG [SEP] MMP19	drug target polypeptide gene	drug target polypeptide gene	drugbank
DTPG0000069	shc [SEP] tvaI [SEP] NTRK3 [SEP] malE [SEP] ME3 [SEP] PPP3R1 [SEP] KCNJ2 [SEP] gor [SEP] HMGB1 [SEP] PSMB5 [SEP] HSPA4 [SEP] RAN [SEP] folA [SEP] PIP4K2B [SEP] COL1A1 [SEP] KRT8 [SEP] blaFEZ-1 [SEP] C1QA [SEP] UGCG [SEP] FAH	drug target polypeptide gene	drug target polypeptide gene	drugbank
DTPG0000070	SIRT1 [SEP] GAPDHS [SEP] HADH [SEP] mvaS [SEP] HGS [SEP] tauD [SEP] engB [SEP] APEX1 [SEP] yceI [SEP] CASP7 [SEP] ACTN1 [SEP] HSD17B1 [SEP] AURKC [SEP] kdpB [SEP] ptlH [SEP] CHRNB2 [SEP] C8B [SEP] prs [SEP] cyaC [SEP] IFNB1	drug target polypeptide gene	drug target polypeptide gene	drugbank
DTPG0000071	G6PD [SEP] moaA [SEP] YWHAZ [SEP] DMD [SEP] GABRQ [SEP] DDC [SEP] GNMT [SEP] ALDOB [SEP] SREBF1 [SEP] ENO2 [SEP] DHRS3 [SEP] RPL23 [SEP] RAD51 [SEP] speB [SEP] VAMP1 [SEP] SULT1E1 [SEP] atpE [SEP] nagZ [SEP] ME2 [SEP] PNPO	drug target polypeptide gene	drug target polypeptide gene	drugbank
DTPG0000072	psbV [SEP] pknG [SEP] HSPH1 [SEP] LIAS [SEP] CYTH2 [SEP] ATIC [SEP] TUBA4B [SEP] IL17A [SEP] afaE3 [SEP] TPx1 [SEP] FGA [SEP] blaB1 [SEP] PAK3 [SEP] AXL [SEP] embC [SEP] C4BPA [SEP] MLNR [SEP] FPGS [SEP] JUN [SEP] GANC	drug target polypeptide gene	drug target polypeptide gene	drugbank
DTPG0000073	NID1 [SEP] GGCX [SEP] petB [SEP] clcA [SEP] ispU [SEP] SERPINC1 [SEP] CALM3 [SEP] APOH [SEP] nosZ [SEP] SDF2 [SEP] ERBB4 [SEP] cst-II [SEP] KCNA3 [SEP] FTCD [SEP] SHBG [SEP] onr [SEP] GABRG1 [SEP] CANX [SEP] ndoA [SEP] mauC	drug target polypeptide gene	drug target polypeptide gene	drugbank
DTPG0000074	SRSF4 [SEP] acs [SEP] CSNK1E [SEP] NEK1 [SEP] NEK3 [SEP] PDHB [SEP] TFF1 [SEP] MT-CYB [SEP] tuf [SEP] SNU13 [SEP] EIF6 [SEP] ADH5 [SEP] MYLK [SEP] CTSB [SEP] LDLR [SEP] GNAS [SEP] tyrA [SEP] SDC2 [SEP] P2 [SEP] MAOB	drug target polypeptide gene	drug target polypeptide gene	drugbank
DTPG0000075	IL23A [SEP] hhaIM [SEP] ACPP [SEP] ADAMTS5 [SEP] topA [SEP] PVALB [SEP] gfo [SEP] rdmC [SEP] PRTN3 [SEP] MPO [SEP] PYGB [SEP] PRKACA [SEP] TNK2 [SEP] IGLC1 [SEP] DHPS [SEP] CDK2 [SEP] GPX3 [SEP] UAP1 [SEP] ALDH1A2 [SEP] bpuJIR	drug target polypeptide gene	drug target polypeptide gene	drugbank
DTPG0000076	GLB1 [SEP] parC [SEP] COQ8A [SEP] cocE [SEP] mutY [SEP] CKMT1A [SEP] STK17B [SEP] pbpG [SEP] ITGB1 [SEP] RPS2 [SEP] CHRM3 [SEP] HSPA5 [SEP] rsmH [SEP] PRKAR1A [SEP] JCHAIN [SEP] trpF [SEP] CAMKK2 [SEP] NUCB2 [SEP] tufB [SEP] cobU	drug target polypeptide gene	drug target polypeptide gene	drugbank
DTPG0000077	PPP2CB [SEP] CTSG [SEP] NFE2L1 [SEP] qhnDH [SEP] MYLK4 [SEP] RCVRN [SEP] mshD [SEP] SLC2A1 [SEP] MPG [SEP] EPHB4 [SEP] talB [SEP] PDGFRB [SEP] SYK [SEP] RESA [SEP] CIB2 [SEP] fas [SEP] CLASP1 [SEP] TLK2 [SEP] fmt [SEP] CHIT1	drug target polypeptide gene	drug target polypeptide gene	drugbank
DTPG0000078	cbhA [SEP] KCNC3 [SEP] E [SEP] RSL24D1 [SEP] ITGAL [SEP] CPNE1 [SEP] nrfC [SEP] ATP5I [SEP] RRM2B [SEP] HSPB1 [SEP] per1 [SEP] PTGER4 [SEP] SLC16A7 [SEP] SOD2 [SEP] lytA [SEP] PLA2G2E [SEP] HBA1 [SEP] PRKCQ [SEP] HGF [SEP] GCAT	drug target polypeptide gene	drug target polypeptide gene	drugbank
DTPG0000079	TPR [SEP] C4A [SEP] fadA [SEP] TLR9 [SEP] nadE [SEP] NEK11 [SEP] FBN3 [SEP] BLK [SEP] pstS [SEP] DPP4 [SEP] PRSS2 [SEP] TUBE1 [SEP] MAP2K2 [SEP] TRPM4 [SEP] NFATC1 [SEP] ebgA [SEP] EGLN1 [SEP] CHRNB3 [SEP] TACR1 [SEP] IL2RG	drug target polypeptide gene	drug target polypeptide gene	drugbank
DTPG0000080	arnB [SEP] NDUFA11 [SEP] RPL8 [SEP] PMS2 [SEP] BCKDK [SEP] DFR1 [SEP] RAC1 [SEP] HPGDS [SEP] UQCRH [SEP] MASP2 [SEP] PLK2 [SEP] CRH [SEP] GRM1 [SEP] aspS [SEP] rfbB [SEP] ATP4A [SEP] FDFT1 [SEP] FCER2 [SEP] epiD [SEP] PDGFB	drug target polypeptide gene	drug target polypeptide gene	drugbank
DTPG0000081	MAP3K13 [SEP] MAP4K1 [SEP] PCK1 [SEP] TRPA1 [SEP] CSNK2A1 [SEP] pyrF [SEP] phr [SEP] MAP3K6 [SEP] msrC [SEP] fucA [SEP] ureB [SEP] CPS1 [SEP] ACLY [SEP] S100G [SEP] SLC6A2 [SEP] PNMT [SEP] MMP25 [SEP] TP73 [SEP] CASP3 [SEP] IDH3G	drug target polypeptide gene	drug target polypeptide gene	drugbank
DTPG0000082	dhaB1 [SEP] choA [SEP] APCS [SEP] AVPR1B [SEP] NMT1 [SEP] pox5 [SEP] ERBB3 [SEP] mdeA [SEP] MAP4K3 [SEP] EPHA5 [SEP] ALPPL2 [SEP] AXIN1 [SEP] cytc3 [SEP] CD40LG [SEP] PSMA2 [SEP] birA [SEP] flA [SEP] cpo [SEP] MC3R [SEP] treZ	drug target polypeptide gene	drug target polypeptide gene	drugbank
DTPG0000083	MMP8 [SEP] ACSL1 [SEP] CHAT [SEP] PTGDR [SEP] ATP2B1 [SEP] ompG [SEP] COX6A2 [SEP] MME [SEP] RAB11A [SEP] CACNB4 [SEP] NARS2 [SEP] TMPRSS2 [SEP] PTGER2 [SEP] TXNRD1 [SEP] CPK4 [SEP] HSD17B4 [SEP] phoA [SEP] pbpB [SEP] COX7C [SEP] DHRS4L1	drug target polypeptide gene	drug target polypeptide gene	drugbank
DTPG0000084	SYN1 [SEP] TOP2B [SEP] HAGH [SEP] ALAD [SEP] S100A10 [SEP] glcB [SEP] HNRNPF [SEP] SI [SEP] traO [SEP] MTHFR [SEP] rpsZ [SEP] tthHB8IM [SEP] KCND1 [SEP] F2R [SEP] DTYMK [SEP] YARS [SEP] GPR35 [SEP] TRPM7 [SEP] DHFRL1 [SEP] ZYX	drug target polypeptide gene	drug target polypeptide gene	drugbank
DTPG0000085	LIG3 [SEP] PPIC [SEP] NCAN [SEP] BLVRB [SEP] 17 [SEP] S [SEP] MMP23A [SEP] CXCL12 [SEP] leuB [SEP] GBP [SEP] PGM1 [SEP] bioI [SEP] ARSA [SEP] TST [SEP] tvaII [SEP] IL1R1 [SEP] C5AR1 [SEP] GLRB [SEP] SLC7A2 [SEP] DLG4	drug target polypeptide gene	drug target polypeptide gene	drugbank
DTPG0000086	yopH [SEP] MAOA [SEP] ygbM [SEP] SERPINF1 [SEP] GABBR2 [SEP] CA6 [SEP] cs1 [SEP] OTC [SEP] IL3RA [SEP] GSTA3 [SEP] IL2RB [SEP] IKBKB [SEP] glyA [SEP] EPHA8 [SEP] ptsH [SEP] CD80 [SEP] nrfA [SEP] fecA [SEP] GCA [SEP] CTSS	drug target polypeptide gene	drug target polypeptide gene	drugbank
DTPG0000087	FABP2 [SEP] rfbD [SEP] EPHB1 [SEP] pcaA [SEP] amyE [SEP] CSNK1A1 [SEP] TFPI [SEP] SLC16A6 [SEP] DARS [SEP] ABCB11 [SEP] CROT [SEP] CYP2C19 [SEP] LIPT1 [SEP] GLRX2 [SEP] amyM [SEP] hheC [SEP] NAAA [SEP] TKT [SEP] NUDC [SEP] pyrB	drug target polypeptide gene	drug target polypeptide gene	drugbank
DTPG0000088	SF3A3 [SEP] IGKC [SEP] KCNJ4 [SEP] xynC [SEP] pbp3 [SEP] KCNMB2 [SEP] PTPN12 [SEP] TUBB [SEP] KCNA1 [SEP] THRA [SEP] cheR [SEP] serca [SEP] DRD1 [SEP] EGFR [SEP] CAD [SEP] RUVBL2 [SEP] idi [SEP] PPARGC1B [SEP] CSF2RA [SEP] IL13RA2	drug target polypeptide gene	drug target polypeptide gene	drugbank
DTPG0000089	pbp2a [SEP] CYP1A2 [SEP] aroB [SEP] katA [SEP] COX6C [SEP] cyd [SEP] CDK8 [SEP] PMP2 [SEP] udp [SEP] rsbQ [SEP] xynY [SEP] SLC36A1 [SEP] PDE1A [SEP] SNX3 [SEP] nbaC [SEP] ELOVL4 [SEP] nirM [SEP] ARAF [SEP] MAP4K2 [SEP] folP2	drug target polypeptide gene	drug target polypeptide gene	drugbank
DTPG0000090	PSAP [SEP] ACTB [SEP] lamB [SEP] codA [SEP] MMP15 [SEP] HTR2B [SEP] NOXO1 [SEP] accC [SEP] RBP3 [SEP] NR1D2 [SEP] CLPP [SEP] P2RY11 [SEP] TUBG1 [SEP] ABCC2 [SEP] ARPC1B [SEP] NFKB2 [SEP] NPY5R [SEP] unc-38 [SEP] NAGLU [SEP] serC	drug target polypeptide gene	drug target polypeptide gene	drugbank
DTPG0000091	LIP3 [SEP] araF [SEP] polA [SEP] AKT1 [SEP] CSF2 [SEP] CDC42BPG [SEP] HABP2 [SEP] CYP2C9 [SEP] NT5E [SEP] PADI1 [SEP] unc-63 [SEP] SLC25A12 [SEP] eltB [SEP] CACNA1G [SEP] NTSR2 [SEP] FBP1 [SEP] M6PR [SEP] MAN2A1 [SEP] V-SRC [SEP] 12	drug target polypeptide gene	drug target polypeptide gene	drugbank
DTPG0000092	DYRK1A [SEP] NAGA [SEP] catA [SEP] LTB4R2 [SEP] RIPK1 [SEP] ceaC [SEP] TLR8 [SEP] hmp [SEP] xynZ [SEP] GSTA2 [SEP] WAS [SEP] C1QC [SEP] aspA [SEP] chb [SEP] entB [SEP] MAEA [SEP] ACAA2 [SEP] GRIK3 [SEP] CRYM [SEP] GLDC	drug target polypeptide gene	drug target polypeptide gene	drugbank
DTPG0000093	PI4KB [SEP] PDE2A [SEP] AMY2B [SEP] ALDH1A3 [SEP] CD [SEP] CYP2E1 [SEP] cobA [SEP] draA [SEP] MOCS2 [SEP] ahpF [SEP] kbaY [SEP] CA5A [SEP] BHMT [SEP] SULT1A1 [SEP] moxG [SEP] ASMT [SEP] nagB [SEP] actII [SEP] toxB [SEP] sacB	drug target polypeptide gene	drug target polypeptide gene	drugbank
DTPG0000094	NEU1 [SEP] GSTZ1 [SEP] MAP2K3 [SEP] MMAA [SEP] pdx1 [SEP] TAS1R2 [SEP] PRDX1 [SEP] F5 [SEP] ileS [SEP] purF [SEP] ANTXR1 [SEP] SERPING1 [SEP] CACNA1B [SEP] RYR2 [SEP] XIAP [SEP] IDE [SEP] S100P [SEP] IL4I1 [SEP] azr [SEP] glnA1	drug target polypeptide gene	drug target polypeptide gene	drugbank
DTPG0000095	ESRRB [SEP] KPC-2 [SEP] TLK1 [SEP] MR1 [SEP] gabT [SEP] ethR [SEP] BHMT2 [SEP] pptA [SEP] CYC1 [SEP] mdh [SEP] MYO3A [SEP] NEK5 [SEP] PCBD1 [SEP] RAF1 [SEP] PLOD3 [SEP] ppa [SEP] ABCB1 [SEP] PLA2G1B [SEP] NIP7 [SEP] TUBA1A	drug target polypeptide gene	drug target polypeptide gene	drugbank
DTPG0000096	pyrD [SEP] tmd [SEP] LTF [SEP] HINT1 [SEP] ALKBH3 [SEP] SERPIND1 [SEP] blaB [SEP] PLD2 [SEP] sfp [SEP] folC [SEP] GSR [SEP] PRKDC [SEP] nos [SEP] SFTPA1 [SEP] SF3B1 [SEP] GNG2 [SEP] CMAS [SEP] rraA [SEP] CBR1 [SEP] ITGA4	drug target polypeptide gene	drug target polypeptide gene	drugbank
DTPG0000097	HTR1B [SEP] CPA1 [SEP] acuC1 [SEP] rpsC [SEP] RACK1 [SEP] CCBL2 [SEP] FKBP1A [SEP] AHSP [SEP] TPH2 [SEP] P4HA2 [SEP] DCPS [SEP] xyl [SEP] NNMT [SEP] MT-CO3 [SEP] ECI2 [SEP] NDUFB2 [SEP] GSTO2 [SEP] lpxC [SEP] SERPINA4 [SEP] rpoZ	drug target polypeptide gene	drug target polypeptide gene	drugbank
DTPG0000098	LCMT1 [SEP] MAPK13 [SEP] A2M [SEP] MT-ND4L [SEP] RARG [SEP] GRIN2A [SEP] CES1 [SEP] MAP2 [SEP] OGFOD2 [SEP] hldD [SEP] GCDH [SEP] SCPEP1 [SEP] KCNH2 [SEP] FPR1 [SEP] rmlC [SEP] atsK [SEP] UBE2D2 [SEP] pufM [SEP] IDH3B [SEP] RCAN1	drug target polypeptide gene	drug target polypeptide gene	drugbank
DTPG0000099	PCTP [SEP] GCSH [SEP] PSMB1 [SEP] LCMT2 [SEP] DCXR [SEP] ADRA2C [SEP] TFRC [SEP] agp [SEP] KDM5D [SEP] ASIC2 [SEP] ITEVIR [SEP] PPIH [SEP] VLDLR [SEP] MMP13 [SEP] FLNA [SEP] PDF [SEP] ENOPH1 [SEP] THBD [SEP] MC2R [SEP] pdxY	drug target polypeptide gene	drug target polypeptide gene	drugbank
DTPG0000100	msrA [SEP] FOS [SEP] EPRS [SEP] trpS [SEP] FGFR1 [SEP] GLUD2 [SEP] lasB [SEP] POLA1 [SEP] CPT2 [SEP] IGHV3-30 [SEP] IL12B [SEP] SNCA [SEP] GSTO1 [SEP] RAMP3 [SEP] REN [SEP] ELN [SEP] CCK [SEP] CD55 [SEP] botB [SEP] TPSB2	drug target polypeptide gene	drug target polypeptide gene	drugbank
DTPG0000101	SERPINE1 [SEP] HTR3C [SEP] SLC6A8 [SEP] fpvA [SEP] PNP [SEP] thyA [SEP] ctxB [SEP] NADSYN1 [SEP] HSPG2 [SEP] AGXT [SEP] LDHA [SEP] JAK1 [SEP] dsbA [SEP] gmd [SEP] PSMB9 [SEP] dacA [SEP] S1PR1 [SEP] GCLC [SEP] SCN10A [SEP] chiA	drug target polypeptide gene	drug target polypeptide gene	drugbank
DTPG0000102	MMP9 [SEP] DHRS11 [SEP] CSN3 [SEP] KRT2 [SEP] mndD [SEP] AOC3 [SEP] RPL19 [SEP] SOST [SEP] tonB [SEP] EGF [SEP] NDUFA1 [SEP] rdxA [SEP] CHRNA10 [SEP] PKN2 [SEP] HTR1E [SEP] est [SEP] katG [SEP] EIF2AK2 [SEP] HNF4A [SEP] PECR	drug target polypeptide gene	drug target polypeptide gene	drugbank
DTPG0000103	IL1B [SEP] SNRK [SEP] HSP90AA1 [SEP] HDAC4 [SEP] FGFR4 [SEP] FCGRT [SEP] GST [SEP] yicI [SEP] PGD [SEP] FTH1 [SEP] GR2 [SEP] CD14 [SEP] frdC [SEP] sspA [SEP] PRKAB1 [SEP] nagJ [SEP] CASK [SEP] MAPK11 [SEP] fpr [SEP] FGG	drug target polypeptide gene	drug target polypeptide gene	drugbank
DTPG0000104	SCN1B [SEP] CYP2C18 [SEP] SFTPD [SEP] fabG3 [SEP] PRNP [SEP] CYCS [SEP] nuc [SEP] SERPINB3 [SEP] TRBC1 [SEP] mdtK [SEP] MAPK8 [SEP] glvA [SEP] PAK2 [SEP] ACVR1B [SEP] CXCR4 [SEP] LY96 [SEP] GSTM4 [SEP] mltB [SEP] dfrB [SEP] GUK1	drug target polypeptide gene	drug target polypeptide gene	drugbank
DTPG0000105	SDHC [SEP] GPT2 [SEP] cumD [SEP] gdhB [SEP] ACO2 [SEP] RHO [SEP] metB [SEP] AKR1C2 [SEP] INS [SEP] APOBEC1 [SEP] CDK17 [SEP] aacC1 [SEP] DAPP1 [SEP] lgtC [SEP] NPY4R [SEP] KCNJ5 [SEP] BCL2 [SEP] caiB [SEP] SIK1 [SEP] TMP1	drug target polypeptide gene	drug target polypeptide gene	drugbank
DTPG0000106	PDK1 [SEP] RPL4 [SEP] ICK [SEP] FAAH [SEP] BRAF [SEP] DDAH1 [SEP] cgt [SEP] nadB [SEP] MYLK3 [SEP] ADORA3 [SEP] NR4A3 [SEP] ALDH1L1 [SEP] AVPR1A [SEP] aglA [SEP] DBH [SEP] ansB [SEP] alr [SEP] PARP3 [SEP] CDKL2 [SEP] BDH1	drug target polypeptide gene	drug target polypeptide gene	drugbank
DTPG0000107	RDH12 [SEP] GYG1 [SEP] fprA [SEP] ACADM [SEP] CHRNA3 [SEP] rpsB [SEP] purR [SEP] CAMK4 [SEP] PRPF4B [SEP] CYP21A2 [SEP] ANKK1 [SEP] DNPEP [SEP] C9 [SEP] HLCS [SEP] roo [SEP] crtM [SEP] SLC25A29 [SEP] CASP4 [SEP] AARS [SEP] CMA1	drug target polypeptide gene	drug target polypeptide gene	drugbank
DTPG0000108	MELK [SEP] TRIM13 [SEP] EN2 [SEP] VARS [SEP] clpB [SEP] PLA2G4A [SEP] cslB [SEP] mmaA2 [SEP] PYCRL [SEP] bfrA [SEP] CAMP [SEP] NPY1R [SEP] PSENEN [SEP] CAMK2D [SEP] thrS [SEP] MAPK12 [SEP] GABRA6 [SEP] SCN2A [SEP] GLUD1 [SEP] ACADS	drug target polypeptide gene	drug target polypeptide gene	drugbank
DTPG0000109	NUCB1 [SEP] HPR [SEP] trpD [SEP] PRMT3 [SEP] bioH [SEP] XDH [SEP] xapA [SEP] KCNA5 [SEP] chiB [SEP] MMP10 [SEP] KCNJ6 [SEP] TYRO3 [SEP] BCAT1 [SEP] TRPM8 [SEP] BMPR1A [SEP] LAYN [SEP] CHRM5 [SEP] RPS8 [SEP] hutP [SEP] MST1R	drug target polypeptide gene	drug target polypeptide gene	drugbank
DTPG0000110	engF [SEP] ZAP70 [SEP] LRRK2 [SEP] murI [SEP] SERA5 [SEP] C4BPB [SEP] CADPS [SEP] TRAPPC6B [SEP] bphK [SEP] GSTA5 [SEP] ZAK [SEP] STAB2 [SEP] STS [SEP] ATP6 [SEP] DAPK2 [SEP] leuA [SEP] CYP11A1 [SEP] SCN11A [SEP] daaA [SEP] DCD	drug target polypeptide gene	drug target polypeptide gene	drugbank
DTPG0000111	TOP1MT [SEP] ADAM10 [SEP] torD [SEP] UQCR10 [SEP] aphA [SEP] CALM1 [SEP] NDUFS7 [SEP] GNAT1 [SEP] FFAR4 [SEP] scpB [SEP] OXSR1 [SEP] COX8A [SEP] murA [SEP] rmlA [SEP] TPH1 [SEP] tolC [SEP] HTR3E [SEP] purN [SEP] opd [SEP] BGLAP	drug target polypeptide gene	drug target polypeptide gene	drugbank
DTPG0000112	HCK [SEP] CCL11 [SEP] SNRPD2 [SEP] TEC [SEP] ASIC1 [SEP] dkgA [SEP] GPRC5A [SEP] FGFR2 [SEP] CEBPB [SEP] fbpA [SEP] CHRFAM7A [SEP] CALCR [SEP] L5 [SEP] ANXA3 [SEP] MYH7 [SEP] KRT7 [SEP] bioB [SEP] HTR3D [SEP] P3H3 [SEP] CLCN2	drug target polypeptide gene	drug target polypeptide gene	drugbank
DTPG0000113	STK3 [SEP] SLC38A1 [SEP] hslO [SEP] xpt [SEP] HCAR2 [SEP] IAPP [SEP] CPD [SEP] PLAT [SEP] IL5 [SEP] RAB5A [SEP] BST1 [SEP] APP [SEP] NNT [SEP] PRDX2 [SEP] EIF2S3 [SEP] GSPT1 [SEP] HIF1AN [SEP] ITIH2 [SEP] pflB [SEP] epsE	drug target polypeptide gene	drug target polypeptide gene	drugbank
DTPG0000114	HSD17B7 [SEP] rplV [SEP] BPHL [SEP] CYP4A11 [SEP] STK32A [SEP] ligA [SEP] MGEA5 [SEP] MAP3K3 [SEP] INSRR [SEP] SIGMAR1 [SEP] CA3 [SEP] PPP3R2 [SEP] ABO [SEP] GABRA1 [SEP] kasA [SEP] rtcA [SEP] IDO1 [SEP] PSG5 [SEP] slt [SEP] LRAT	drug target polypeptide gene	drug target polypeptide gene	drugbank
DTPG0000115	pccB [SEP] oprD [SEP] TAB1 [SEP] SCN3A [SEP] lacA [SEP] der [SEP] DDR1 [SEP] KRTAP5-2 [SEP] NOLC1 [SEP] hld [SEP] MT-ND2 [SEP] MBL2 [SEP] CSNK2B [SEP] ureC [SEP] PPIB [SEP] pgl [SEP] GPHN [SEP] tyrB [SEP] mutL [SEP] ARPC2	drug target polypeptide gene	drug target polypeptide gene	drugbank
DTPG0000116	speE [SEP] CYTH3 [SEP] NR1I3 [SEP] cag-alfa [SEP] gyrA [SEP] TPO [SEP] PDE8A [SEP] arsA [SEP] TAOK3 [SEP] NR3C2 [SEP] pobA [SEP] lipA [SEP] pldA [SEP] NS5A [SEP] LGALS1 [SEP] SCNN1B [SEP] cmoA [SEP] NOX1 [SEP] CA5B [SEP] YES1	drug target polypeptide gene	drug target polypeptide gene	drugbank
DTPG0000117	A1BG [SEP] ANTXR2 [SEP] doxG [SEP] S1PR3 [SEP] DIO3 [SEP] fabH [SEP] qbdA [SEP] MATK [SEP] pph [SEP] fabF [SEP] ENPEP [SEP] MAPK3 [SEP] KAT2B [SEP] pheT [SEP] HNRNPH1 [SEP] ATP5C1 [SEP] sdhB [SEP] EPHB6 [SEP] nanC [SEP] FHIT	drug target polypeptide gene	drug target polypeptide gene	drugbank
DTPG0000118	GABRG2 [SEP] dnaQ [SEP] CCND1 [SEP] PIK3R3 [SEP] GLYAT [SEP] 43 [SEP] NOD2 [SEP] rnz [SEP] SLC6A3 [SEP] CHRM4 [SEP] SLC22A8 [SEP] KAT5 [SEP] KCNN4 [SEP] PROCR [SEP] CNR2 [SEP] MMP21 [SEP] wecB [SEP] AQP1 [SEP] HAPLN3 [SEP] thiE	drug target polypeptide gene	drug target polypeptide gene	drugbank
DTPG0000119	IGLL1 [SEP] APOE [SEP] GABRP [SEP] ADCYAP1 [SEP] NDUFV3 [SEP] HM13 [SEP] RHO1 [SEP] APOA2 [SEP] PPIG [SEP] MAPK7 [SEP] NCOA1 [SEP] COMT [SEP] CA8 [SEP] FGF2 [SEP] CARS [SEP] F12 [SEP] CACNA2D2 [SEP] aldH [SEP] petC [SEP] blaSHV	drug target polypeptide gene	drug target polypeptide gene	drugbank
DTPG0000120	GSTK1 [SEP] PLA2G10 [SEP] CACNA1S [SEP] RIPK2 [SEP] NQO1 [SEP] yvyI [SEP] HNF4G [SEP] nisZ [SEP] EEF1A1L14 [SEP] PTPRS [SEP] CALR [SEP] TUBB1 [SEP] SLC1A2 [SEP] SMPD3 [SEP] ITGA2B [SEP] MMP7 [SEP] IRGC [SEP] PAPOLA [SEP] cyp158a2 [SEP] PRKACB	drug target polypeptide gene	drug target polypeptide gene	drugbank
DTPG0000121	SV2A [SEP] OGDH [SEP] ABCC4 [SEP] mrcA [SEP] SETD7 [SEP] LPL [SEP] STK38 [SEP] arsC [SEP] CASQ2 [SEP] tesB [SEP] nfsA [SEP] fhuD [SEP] CHRNA2 [SEP] SLC9A3 [SEP] NDUFA3 [SEP] aspC [SEP] LUM [SEP] MUT [SEP] miaA [SEP] S100A11	drug target polypeptide gene	drug target polypeptide gene	drugbank
DTPG0000122	LHCGR [SEP] KCNH7 [SEP] pac [SEP] COX5B [SEP] FOLR3 [SEP] ABAT [SEP] GABRG3 [SEP] CTSH [SEP] NMNAT1 [SEP] acdS [SEP] RORB [SEP] GPBAR1 [SEP] gmm [SEP] mgtA [SEP] aguA [SEP] HDAC9 [SEP] EIF4E [SEP] CFD [SEP] CTH [SEP] BMP2K	drug target polypeptide gene	drug target polypeptide gene	drugbank
DTPG0000123	CRHR1 [SEP] BDKRB1 [SEP] lat [SEP] SLC15A2 [SEP] PPP1CC [SEP] DNMT1 [SEP] CASP8 [SEP] PTH [SEP] TARS2 [SEP] SAR1B [SEP] PLCD1 [SEP] celA [SEP] rhaA [SEP] sdhA [SEP] CD33 [SEP] fdnI [SEP] DGKD [SEP] TGFB2 [SEP] ATP2A1 [SEP] KCNMA1	drug target polypeptide gene	drug target polypeptide gene	drugbank
DTPG0000124	DAM [SEP] morB [SEP] tdk [SEP] hcp [SEP] HCRTR1 [SEP] ACHE [SEP] HRNR [SEP] nprS [SEP] GLS2 [SEP] pfkA [SEP] DMPK [SEP] KCNQ1 [SEP] LYVE1 [SEP] CALCA [SEP] CHRNA7 [SEP] rpsG [SEP] SLCO2B1 [SEP] MTHFD2 [SEP] GABRB1 [SEP] lipB	drug target polypeptide gene	drug target polypeptide gene	drugbank
DTPG0000125	PHYH [SEP] AADAT [SEP] potF [SEP] ODC1 [SEP] NS3/4A [SEP] PKIA [SEP] SLC5A6 [SEP] ROS1 [SEP] ahcY [SEP] GLP1R [SEP] SRPK2 [SEP] sulI [SEP] CSK [SEP] Sec31p [SEP] nox [SEP] PLK4 [SEP] CDK7 [SEP] ugl [SEP] acpS [SEP] MUC16	drug target polypeptide gene	drug target polypeptide gene	drugbank
DTPG0000126	PLK1 [SEP] ANPEP [SEP] dacC [SEP] CYP19A1 [SEP] cydC [SEP] MAPK15 [SEP] TXN [SEP] PTPN1 [SEP] PROS1 [SEP] PSPH [SEP] ompX [SEP] malP [SEP] PDE6G [SEP] rpsL [SEP] PAEP [SEP] ZFY [SEP] SCTR [SEP] NEU2 [SEP] opmA [SEP] UL54	drug target polypeptide gene	drug target polypeptide gene	drugbank
DTPG0000127	ung [SEP] EEA1 [SEP] fucI [SEP] IGF1R [SEP] lacG [SEP] RDH5 [SEP] PFKFB1 [SEP] KRT6A [SEP] GPX4 [SEP] GNAI1 [SEP] narH [SEP] CYP2A6 [SEP] celCCF [SEP] dlgD [SEP] pepV [SEP] GCLM [SEP] MAP3K1 [SEP] PRSS1 [SEP] LSM6 [SEP] C3	drug target polypeptide gene	drug target polypeptide gene	drugbank
DTPG0000128	GABRR2 [SEP] gag-pro-pol [SEP] cmaA1 [SEP] HTR2A [SEP] bla [SEP] lacY [SEP] NDUFA13 [SEP] SLC25A5 [SEP] RPSA [SEP] RELA [SEP] rpsI [SEP] PPP2R1A [SEP] amiC [SEP] SLC22A11 [SEP] UCKL1 [SEP] ACOT13 [SEP] atpH [SEP] B4GALT1 [SEP] C8A [SEP] ddlA	drug target polypeptide gene	drug target polypeptide gene	drugbank
DTPG0000129	GPR18 [SEP] ymdB [SEP] ASIC3 [SEP] CPB1 [SEP] spoII [SEP] FBN2 [SEP] EGLN2 [SEP] CACNA2D3 [SEP] POLA2 [SEP] UPP1 [SEP] MMP26 [SEP] pgmB [SEP] GLIPR1 [SEP] THYA [SEP] aroQ [SEP] KRT1 [SEP] MINK1 [SEP] assT [SEP] TUBB3 [SEP] blaUOE-1	drug target polypeptide gene	drug target polypeptide gene	drugbank
DTPG0000130	pheS [SEP] HTR1D [SEP] PDE11A [SEP] HRG [SEP] rhaD [SEP] DYRK1B [SEP] PPARD [SEP] CSNK2A2 [SEP] ACTA2 [SEP] OPLAH [SEP] AK8 [SEP] RPL10 [SEP] SMPD1 [SEP] trpS2 [SEP] ABCC8 [SEP] CALCRL [SEP] LIMK2 [SEP] NUAK2 [SEP] ITGB4 [SEP] tgt	drug target polypeptide gene	drug target polypeptide gene	drugbank
DTPG0000131	IMPG2 [SEP] RPS28 [SEP] RPS18 [SEP] ponB [SEP] pbp2 [SEP] IFNGR1 [SEP] SLC22A12 [SEP] celB [SEP] GPR55 [SEP] PDE6H [SEP] CACNA2D1 [SEP] glpG [SEP] CD3G [SEP] UCHL1 [SEP] dld [SEP] HLA-B [SEP] hmcA [SEP] IDH3A [SEP] ybiV [SEP] APOC2	drug target polypeptide gene	drug target polypeptide gene	drugbank
DTPG0000132	RRM2 [SEP] csd [SEP] GRIK5 [SEP] bgl3 [SEP] EFTUD1 [SEP] icl [SEP] DGAT2 [SEP] SLC7A7 [SEP] VCAN [SEP] GGACT [SEP] MAP3K19 [SEP] CTSL [SEP] MT-ND6 [SEP] CEL [SEP] budC [SEP] azoR [SEP] AFM [SEP] CD3E [SEP] PRG2 [SEP] DGKG	drug target polypeptide gene	drug target polypeptide gene	drugbank
DTPG0000133	METAP2 [SEP] CD274 [SEP] GRM3 [SEP] qheDH [SEP] SERPINB5 [SEP] RIOK3 [SEP] botF [SEP] EHHADH [SEP] pcaH [SEP] KCNK9 [SEP] TLR7 [SEP] KLKB1 [SEP] GLYATL1 [SEP] actVA 6 [SEP] pheA [SEP] cat3 [SEP] TNNC1 [SEP] STAT3 [SEP] PPP2CA [SEP] NMRAL1	drug target polypeptide gene	drug target polypeptide gene	drugbank
DTPG0000134	IGKV1-17 [SEP] LDHAL6B [SEP] ABCC5 [SEP] CSF2RB [SEP] CYP1A1 [SEP] L1 [SEP] pntB [SEP] TPSAB1 [SEP] MAP3K10 [SEP] MGMT [SEP] nef [SEP] GSK3A [SEP] PAICS [SEP] ENO3 [SEP] DNMT3B [SEP] ndx4 [SEP] uao [SEP] IRAK3 [SEP] amy [SEP] NDUFS2	drug target polypeptide gene	drug target polypeptide gene	drugbank
DTPG0000135	GCGR [SEP] lacI [SEP] AFG3L2 [SEP] ompA [SEP] PNLIP [SEP] MET [SEP] CKM [SEP] ATF1 [SEP] GUCY1B1 [SEP] HSD17B2 [SEP] FST [SEP] prx [SEP] GHRHR [SEP] LMAN1 [SEP] cirA [SEP] SGK3 [SEP] MMP20 [SEP] gcdA [SEP] PHYKPL [SEP] fksA	drug target polypeptide gene	drug target polypeptide gene	drugbank
DTPG0000136	PGF [SEP] ITGB3 [SEP] CYB5R3 [SEP] AOX1 [SEP] GAK [SEP] FADS2 [SEP] otsA [SEP] FCGR2A [SEP] STK26 [SEP] PDE4C [SEP] FUBP1 [SEP] ADCY2 [SEP] HSD3B1 [SEP] lolB [SEP] LAMA1 [SEP] GRIN3B [SEP] PADI3 [SEP] UQCRC1 [SEP] SLC7A1 [SEP] STMN4	drug target polypeptide gene	drug target polypeptide gene	drugbank
DTPG0000137	TAS2R16 [SEP] PF4 [SEP] fdnG [SEP] EEF1A1 [SEP] RDH13 [SEP] cbiF [SEP] guaB [SEP] AQP3 [SEP] GC [SEP] CACNA1C [SEP] BMPR2 [SEP] lysA [SEP] HTR4 [SEP] XRCC4 [SEP] ACS3 [SEP] apr [SEP] ISYNA1 [SEP] ADH4 [SEP] GPX7 [SEP] menC	drug target polypeptide gene	drug target polypeptide gene	drugbank
DTPG0000138	LIG1 [SEP] CYP51A1 [SEP] CLEC4E [SEP] def2 [SEP] hdaH [SEP] ABCC9 [SEP] hylB [SEP] ALAS1 [SEP] ENG [SEP] frdD [SEP] ACSL4 [SEP] murG [SEP] ESR2 [SEP] DAPK3 [SEP] ninB [SEP] OBP2A [SEP] SSTR3 [SEP] PSMB7 [SEP] CDKN1A [SEP] QPRT	drug target polypeptide gene	drug target polypeptide gene	drugbank
DTPG0000139	UGT1A9 [SEP] ECE1 [SEP] yvbK [SEP] DIABLO [SEP] C1QB [SEP] cc4 [SEP] TNFRSF9 [SEP] TRM3 [SEP] carA [SEP] CAMK1G [SEP] ksi [SEP] mrsA [SEP] HK [SEP] KCNJ8 [SEP] licT [SEP] ADRBK2 [SEP] TSPO [SEP] rnhA [SEP] PLAUR [SEP] GSTM2	drug target polypeptide gene	drug target polypeptide gene	drugbank
DTPG0000140	FGF19 [SEP] PDE5A [SEP] KCNA4 [SEP] SMPD4 [SEP] hisC [SEP] cefE [SEP] PTGS2 [SEP] MYL12A [SEP] GLRA2 [SEP] GAD65 [SEP] CYP17A1 [SEP] EIF2AK4 [SEP] botG [SEP] MAP1A [SEP] murE [SEP] xyn10C [SEP] XPO1 [SEP] ERBB2 [SEP] EPHX2 [SEP] CDC60	drug target polypeptide gene	drug target polypeptide gene	drugbank
DTPG0000141	EZH2 [SEP] MAPK1 [SEP] CFI [SEP] fkbI [SEP] PSMB10 [SEP] SARS [SEP] ispF [SEP] EPHA3 [SEP] prcA [SEP] thiM [SEP] fcbC [SEP] CP [SEP] SLC7A8 [SEP] ALOX15 [SEP] dapB [SEP] L3MBTL1 [SEP] ABCA1 [SEP] NAE1 [SEP] PIK3CB [SEP] MT-ND1	drug target polypeptide gene	drug target polypeptide gene	drugbank
DTPG0000142	CFB [SEP] NUDT9 [SEP] RAB8B [SEP] C1QBP [SEP] gp41 [SEP] HNMT [SEP] ITGAX [SEP] B3GAT3 [SEP] NR1H3 [SEP] CADPS2 [SEP] pcm [SEP] MT1A [SEP] MED1 [SEP] ADRA1A [SEP] glf [SEP] SRP14 [SEP] por [SEP] rpsM [SEP] MAT2A [SEP] nirS	drug target polypeptide gene	drug target polypeptide gene	drugbank
DTPG0000143	trpB [SEP] abfD [SEP] FAP [SEP] FCGR3B [SEP] ASS [SEP] KCNC4 [SEP] AARS2 [SEP] estB [SEP] TPMT [SEP] EBP [SEP] RDH11 [SEP] AK2 [SEP] FURIN [SEP] GRM7 [SEP] HSD11B2 [SEP] FARSB [SEP] folP [SEP] glpK [SEP] PIN1 [SEP] ADRB2	drug target polypeptide gene	drug target polypeptide gene	drugbank
DTPG0000144	NDUFA8 [SEP] C8G [SEP] GPR119 [SEP] PEF1 [SEP] tesA [SEP] PLK3 [SEP] ST14 [SEP] panB [SEP] ARL1 [SEP] ROCK1 [SEP] PGA5 [SEP] RPL15 [SEP] GABRR1 [SEP] frp [SEP] fni [SEP] ESRRG [SEP] FXYD2 [SEP] tetX [SEP] maf [SEP] petL	drug target polypeptide gene	drug target polypeptide gene	drugbank
DTPG0000145	RPS6KA4 [SEP] GPD1 [SEP] NDUFAB1 [SEP] STAT5B [SEP] coaA [SEP] TUBA1C [SEP] bioF [SEP] GLRX [SEP] GABBR1 [SEP] lfrR [SEP] MMP14 [SEP] lacZ [SEP] IGFBP3 [SEP] KRTAP5-3 [SEP] UQCR11 [SEP] MDM2 [SEP] metE [SEP] PRODH [SEP] pks18 [SEP] cyp102A1	drug target polypeptide gene	drug target polypeptide gene	drugbank
DTPG0000146	rpl2 [SEP] F2 [SEP] tnp [SEP] IL2 [SEP] PBP1 [SEP] TBXA2R [SEP] bioD [SEP] PPP3CA [SEP] CACNG2 [SEP] PPP5C [SEP] ADRA2B [SEP] ATP6V0A1 [SEP] CAMK1D [SEP] MTR [SEP] MOD [SEP] NDUFA10 [SEP] DNMT3A [SEP] HADHA [SEP] TUBA8 [SEP] ushA	drug target polypeptide gene	drug target polypeptide gene	drugbank
DTPG0000147	IL6 [SEP] INCENP [SEP] SPHK2 [SEP] TRPV3 [SEP] CASP1 [SEP] CELA1 [SEP] NPY2R [SEP] NR5A1 [SEP] actIII [SEP] PRKD1 [SEP] SEC14L2 [SEP] ATP6V1A [SEP] cqsA [SEP] mrcB [SEP] carAc [SEP] HTR5A [SEP] TOP1 [SEP] NDUFS1 [SEP] RXRB [SEP] CD4	drug target polypeptide gene	drug target polypeptide gene	drugbank
DTPG0000148	HRH2 [SEP] POLB [SEP] ABL1 [SEP] HSPA13 [SEP] rpsE [SEP] rfbE [SEP] HDAC2 [SEP] glmS [SEP] APH1A [SEP] EPHA2 [SEP] nspA [SEP] IGLV3-21 [SEP] ITIH1 [SEP] azu [SEP] ompC [SEP] GUCY2C [SEP] recA [SEP] ESRRA [SEP] SLC16A2 [SEP] gpt	drug target polypeptide gene	drug target polypeptide gene	drugbank
DTPG0000149	PSMA5 [SEP] m-6 [SEP] hyuA [SEP] MYH9 [SEP] IL3 [SEP] AKR1C4 [SEP] SOD3 [SEP] PLOD2 [SEP] pdc [SEP] MC5R [SEP] TAT [SEP] LCK [SEP] hex [SEP] CXCL8 [SEP] TUBD1 [SEP] prmC [SEP] KCNN2 [SEP] SLC25A6 [SEP] KIF1A [SEP] SRC	drug target polypeptide gene	drug target polypeptide gene	drugbank
DTPG0000150	pyrDA [SEP] KRT16 [SEP] glnA [SEP] hemH [SEP] ifcA [SEP] metG [SEP] HEPHL1 [SEP] dadX [SEP] CA14 [SEP] KARS [SEP] MKL1 [SEP] NCOA2 [SEP] PTK6 [SEP] ALDH3B1 [SEP] ETFDH [SEP] choB [SEP] acrB [SEP] ptsP [SEP] PDE9A [SEP] fcbB	drug target polypeptide gene	drug target polypeptide gene	drugbank
DTPG0000151	CD1A [SEP] bphC [SEP] rep [SEP] MTNR1A [SEP] nir [SEP] F10 [SEP] NMT2 [SEP] SH2B3 [SEP] PIK3R1 [SEP] GART [SEP] MT-ATP6 [SEP] HAO2 [SEP] TSLP [SEP] sseA [SEP] NDUFV1 [SEP] SLC5A2 [SEP] FOLH1 [SEP] HDGF [SEP] VIM-2 [SEP] tsx	drug target polypeptide gene	drug target polypeptide gene	drugbank
DTPG0000152	stx2eB [SEP] luxF [SEP] chxA [SEP] pab [SEP] dsbC [SEP] PIK3C3 [SEP] PTGES3 [SEP] TRAPPC1 [SEP] YWHAQ [SEP] KCNK3 [SEP] CTLA4 [SEP] KYNU [SEP] ITK [SEP] RETSAT [SEP] cybC [SEP] adiC [SEP] CACNG1 [SEP] IGHG1 [SEP] S100A16 [SEP] GRM4	drug target polypeptide gene	drug target polypeptide gene	drugbank
DTPG0000153	fccA [SEP] RORA [SEP] PRKCA [SEP] CAMK2G [SEP] HSPE1 [SEP] SRMS [SEP] ppx [SEP] petN [SEP] TREM1 [SEP] IGHA2 [SEP] SLC22A6 [SEP] ARF6 [SEP] HNRNPK [SEP] VIM [SEP] IL5RA [SEP] KCNN3 [SEP] algC [SEP] comB [SEP] FER [SEP] PTDSS2	drug target polypeptide gene	drug target polypeptide gene	drugbank
DTPG0000154	ACP1 [SEP] RPS6KA6 [SEP] tkt2 [SEP] ARPC5 [SEP] ELANE [SEP] kpsU [SEP] ART1 [SEP] GGPS1 [SEP] EPHA7 [SEP] LTB4R [SEP] L1CAM [SEP] HTR3A [SEP] ecdB [SEP] ams [SEP] SHMT1 [SEP] NDUFV2 [SEP] C1R [SEP] ACAT2 [SEP] ACVR2A [SEP] CYP3A7	drug target polypeptide gene	drug target polypeptide gene	drugbank
DTPG0000155	Kcnma1 [SEP] MB [SEP] GABRB2 [SEP] AOC1 [SEP] cobD [SEP] CAPS [SEP] CCL2 [SEP] SPTLC3 [SEP] PTGDR2 [SEP] VKORC1L1 [SEP] aroG [SEP] LGALS3 [SEP] DBI [SEP] gapN [SEP] AADACL2 [SEP] KDM1A [SEP] narI [SEP] CSNK1G1 [SEP] fldA [SEP] SCNN1D	drug target polypeptide gene	drug target polypeptide gene	drugbank
DTPG0000156	glmU [SEP] AHR [SEP] IGHG4 [SEP] STK17A [SEP] CYP26B1 [SEP] TBXAS1 [SEP] fadL [SEP] LCT [SEP] PPP2R5C [SEP] FADS1 [SEP] nrdB [SEP] ITGB7 [SEP] PADI6 [SEP] TPM3 [SEP] cdd [SEP] TOP2A [SEP] MTNR1B [SEP] rffH [SEP] PNLIPRP2 [SEP] manA	drug target polypeptide gene	drug target polypeptide gene	drugbank
DTPG0000157	rpsO [SEP] G [SEP] F3 [SEP] AR [SEP] ACTR2 [SEP] cel5A [SEP] IGHE [SEP] UQCRC2 [SEP] TUBB2A [SEP] GAMT [SEP] FTO [SEP] DGKA [SEP] GJA1 [SEP] dhbE [SEP] GUCA1A [SEP] RIOK1 [SEP] aly [SEP] rbsK [SEP] CRAT [SEP] recQ	drug target polypeptide gene	drug target polypeptide gene	drugbank
DTPG0000158	SMOX [SEP] ATR [SEP] M [SEP] unc-29 [SEP] CKB [SEP] KCNJ12 [SEP] COX6B1 [SEP] CALY [SEP] P2RY2 [SEP] GLYATL2 [SEP] FGF1 [SEP] LYZ [SEP] F13B [SEP] ffh [SEP] MS4A1 [SEP] HPGD [SEP] tenA [SEP] SAP2 [SEP] GCH1 [SEP] GluClX	drug target polypeptide gene	drug target polypeptide gene	drugbank
DTPG0000159	ADRBK1 [SEP] ADSSL1 [SEP] SLC25A13 [SEP] cheA [SEP] CYBB [SEP] sud [SEP] POL [SEP] mauB [SEP] AMY1A [SEP] DAGLA [SEP] deoD [SEP] FCGR2C [SEP] SEMG2 [SEP] MYC [SEP] HTR6 [SEP] ATP6V1C1 [SEP] NME2 [SEP] PARP15 [SEP] ccpA [SEP] SPARC	drug target polypeptide gene	drug target polypeptide gene	drugbank
DTPG0000160	guaD [SEP] HCAR3 [SEP] HSD17B11 [SEP] ARL3 [SEP] RPS6KA1 [SEP] PAK4 [SEP] SLC25A4 [SEP] FCGR1A [SEP] NR3C1 [SEP] TFF2 [SEP] LGALS7 [SEP] abfA [SEP] NDUFB7 [SEP] tenI [SEP] blaVIM-2 [SEP] CENPE [SEP] ATP5O [SEP] hasB [SEP] CFTR [SEP] UBC	drug target polypeptide gene	drug target polypeptide gene	drugbank
DTPG0000161	psbA1 [SEP] pagA [SEP] KLK6 [SEP] TPM1 [SEP] TAAR1 [SEP] CLEC3B [SEP] CHRNA9 [SEP] MAPT [SEP] map [SEP] S gene [SEP] P2RY12 [SEP] POMC [SEP] CALM2 [SEP] nikA [SEP] NOS2 [SEP] CA4 [SEP] HIPK3 [SEP] NECTIN4 [SEP] udg [SEP] NDUFB5	drug target polypeptide gene	drug target polypeptide gene	drugbank
DTPG0000162	camA [SEP] PRDX5 [SEP] purA [SEP] HNF1A [SEP] KCNJ1 [SEP] RAB9A [SEP] SLC29A1 [SEP] MARCO [SEP] nadC [SEP] traF [SEP] P3H1 [SEP] RHOA [SEP] arcA [SEP] CPN1 [SEP] dhlB [SEP] SLC1A6 [SEP] SLC12A4 [SEP] PGAM2 [SEP] PHB [SEP] FCER1G	drug target polypeptide gene	drug target polypeptide gene	drugbank
DTPG0000163	ALDH5A1 [SEP] mdlA [SEP] tpl [SEP] TYK2 [SEP] pabB [SEP] nahD [SEP] CHRNA5 [SEP] SPTLC1 [SEP] mdfA [SEP] RIPK4 [SEP] ACTG1 [SEP] CYP2D6 [SEP] fbpC [SEP] MAPKAPK3 [SEP] APLP1 [SEP] KCNJ11 [SEP] COX7A1 [SEP] B3GAT1 [SEP] HS3ST3A1 [SEP] GSN	drug target polypeptide gene	drug target polypeptide gene	drugbank
DTPG0000164	UGT3A1 [SEP] SLC16A4 [SEP] GP9 [SEP] TRPV4 [SEP] SIK3 [SEP] MT2A [SEP] SF1 [SEP] PLIN3 [SEP] HDAC10 [SEP] GNRHR [SEP] RAB7A [SEP] licC [SEP] TPI1 [SEP] GAST [SEP] cyp130 [SEP] AIFM1 [SEP] GRIN1 [SEP] KCNQ5 [SEP] MGP [SEP] LCTL	drug target polypeptide gene	drug target polypeptide gene	drugbank
DTPG0000165	LAP3 [SEP] CSRP1 [SEP] glsA1 [SEP] SLCO1B1 [SEP] CRK2 [SEP] rpsR [SEP] FNTB [SEP] pdaA [SEP] sqr [SEP] kaiB [SEP] MAT1A [SEP] KCNB2 [SEP] pepP [SEP] PAK1 [SEP] cit [SEP] GM2A [SEP] GRIA3 [SEP] MMP24 [SEP] GSK3B [SEP] GNPDA1	drug target polypeptide gene	drug target polypeptide gene	drugbank
DTPG0000166	paiA [SEP] bacB [SEP] IKBKE [SEP] ANO1 [SEP] WARS [SEP] fhuA [SEP] HMGCR [SEP] SLC18A1 [SEP] coaE [SEP] MAP3K15 [SEP] sdsA1 [SEP] MMP12 [SEP] MGAM [SEP] gudD [SEP] PARK7 [SEP] dapA [SEP] pdxH [SEP] CTDSP1 [SEP] acma [SEP] EIF3F	drug target polypeptide gene	drug target polypeptide gene	drugbank
DTPG0000167	CIT [SEP] obg [SEP] ispA [SEP] ULK1 [SEP] LARS2 [SEP] rpsN [SEP] STK16 [SEP] ompW [SEP] GABRA2 [SEP] cenC [SEP] spsA [SEP] LAMB1 [SEP] XOG1 [SEP] fmoA [SEP] lhyD [SEP] IL2RA [SEP] MT-ND4 [SEP] CCR2 [SEP] TRM2 [SEP] NR2F1	drug target polypeptide gene	drug target polypeptide gene	drugbank
DTPG0000168	SELE [SEP] GLP2R [SEP] F2RL3 [SEP] NOMO1 [SEP] GSTA1 [SEP] FOLR1 [SEP] PTEN [SEP] FTL [SEP] arnA [SEP] pcaG [SEP] ptd [SEP] SULT2B1 [SEP] SLC7A11 [SEP] NRXN1 [SEP] CPB2 [SEP] HOXA10 [SEP] CLU [SEP] TUBA3E [SEP] murC [SEP] ASS1	drug target polypeptide gene	drug target polypeptide gene	drugbank
DTPG0000169	SKP1 [SEP] IRS1 [SEP] H45 [SEP] GSTM1 [SEP] algQ1 [SEP] celH [SEP] NPEPPS [SEP] pufL [SEP] NDUFB10 [SEP] NPC1L1 [SEP] exaA [SEP] MYH11 [SEP] ADORA1 [SEP] NPPB [SEP] GRIA2 [SEP] WEE1 [SEP] PARS2 [SEP] SLC2A2 [SEP] SLC18A2 [SEP] ALB	drug target polypeptide gene	drug target polypeptide gene	drugbank
DTPG0000170	guaA [SEP] GRIA1 [SEP] fptA [SEP] RPS9 [SEP] folK [SEP] HNRNPH3 [SEP] SLK [SEP] DARS2 [SEP] ADA [SEP] GIG18 [SEP] botD [SEP] JAK3 [SEP] lev-1 [SEP] PIK3C2G [SEP] blaIMP-1 [SEP] CYSLTR2 [SEP] SFPQ [SEP] TAGLN2 [SEP] ANGPT2 [SEP] ermC'	drug target polypeptide gene	drug target polypeptide gene	drugbank
DTPG0000171	rpiA [SEP] HCRTR2 [SEP] JUP [SEP] PDCD1 [SEP] mauA [SEP] MMP28 [SEP] cheY [SEP] S1PR4 [SEP] ADH1C [SEP] SNRPA [SEP] TNNC2 [SEP] MAN1B1 [SEP] SCNN1A [SEP] PB1 [SEP] cysJ [SEP] IGHV3-23 [SEP] aauA [SEP] SCO1 [SEP] CPT1A [SEP] blaR1	drug target polypeptide gene	drug target polypeptide gene	drugbank
DTPG0000172	cycP [SEP] TNFRSF1A [SEP] KIF2C [SEP] NAPEPLD [SEP] CA11 [SEP] SPTLC2 [SEP] pyp [SEP] CPE [SEP] hisG [SEP] SEC14L4 [SEP] PDE1B [SEP] MMP3 [SEP] SLC1A4 [SEP] ACE2 [SEP] NARS [SEP] BCR [SEP] CCKBR [SEP] cbaD [SEP] HIF1A [SEP] ycdX	drug target polypeptide gene	drug target polypeptide gene	drugbank
DTPG0000173	ridA [SEP] HCN2 [SEP] RPL26L1 [SEP] ntd [SEP] PRKAA1 [SEP] SUCNR1 [SEP] NEIL2 [SEP] ADAM9 [SEP] camC [SEP] MOCOS [SEP] KCND3 [SEP] DUT [SEP] GSTT1 [SEP] TRAC [SEP] lpdA [SEP] ALOX5 [SEP] trpC [SEP] BPI [SEP] CCR5 [SEP] HPN	drug target polypeptide gene	drug target polypeptide gene	drugbank
DTPG0000174	NOS3 [SEP] IL15 [SEP] MKNK1 [SEP] hemB [SEP] CYSLTR1 [SEP] MIF [SEP] FECH [SEP] blm [SEP] rpsT [SEP] DNTT [SEP] POR [SEP] PGR [SEP] GSTA4 [SEP] PDGFD [SEP] HLA-DRA [SEP] ARL2 [SEP] vapA [SEP] CACNB1 [SEP] NT5C2 [SEP] PSMA1	drug target polypeptide gene	drug target polypeptide gene	drugbank
DTPG0000175	EGLN3 [SEP] SCYL1 [SEP] araC [SEP] PTGR2 [SEP] IL13 [SEP] RIC3 [SEP] ULK3 [SEP] SRD5A1 [SEP] HDAC8 [SEP] MYL6B [SEP] PTK2 [SEP] PYCR2 [SEP] AMD1 [SEP] PTGFR [SEP] NT5M [SEP] rocF [SEP] FNTA [SEP] EPHA6 [SEP] dmsA [SEP] ACSS2	drug target polypeptide gene	drug target polypeptide gene	drugbank
DTPG0000176	PLAU [SEP] rpsP [SEP] RIOK2 [SEP] FBXO41 [SEP] CHP1 [SEP] RPS6KA3 [SEP] pufC [SEP] PAH [SEP] CAMK2B [SEP] AGT [SEP] oppA [SEP] ALDOA [SEP] SDHD [SEP] HSPA8 [SEP] TGM2 [SEP] S100A12 [SEP] LDHAL6A [SEP] punA [SEP] ctaD [SEP] bont/a	drug target polypeptide gene	drug target polypeptide gene	drugbank
DTPG0000177	lasR [SEP] UGT1A1 [SEP] GRIA4 [SEP] UTRN [SEP] ESD [SEP] PDE3B [SEP] dnaX [SEP] clpX [SEP] TGFBR2 [SEP] celC307 [SEP] CDC42 [SEP] MMP17 [SEP] NS5b [SEP] CAPN3 [SEP] CDK15 [SEP] hsaD [SEP] SMO [SEP] blaZ [SEP] ADGRD1 [SEP] PCSK9	drug target polypeptide gene	drug target polypeptide gene	drugbank
DTPG0000178	TRM1 [SEP] GABRB3 [SEP] PTGS1 [SEP] LEF1 [SEP] eryF [SEP] MGST1 [SEP] aac [SEP] recR [SEP] POLK [SEP] estA [SEP] VAMP2 [SEP] CACNA1F [SEP] BDKRB2 [SEP] HRH1 [SEP] MUC1 [SEP] CCDC51 [SEP] rnaSA [SEP] HDAC3 [SEP] HIST1H1E [SEP] PKMYT1	drug target polypeptide gene	drug target polypeptide gene	drugbank
DTPG0000179	rpsK [SEP] HDC [SEP] S100A2 [SEP] IMPDH2 [SEP] aroD [SEP] IGF1 [SEP] 9 [SEP] TNFRSF8 [SEP] PTGDS [SEP] fadH [SEP] CYB5R1 [SEP] PLOD1 [SEP] cat [SEP] ASNA1 [SEP] def [SEP] DMC1 [SEP] carC [SEP] MSLN [SEP] HMOX2 [SEP] PML	drug target polypeptide gene	drug target polypeptide gene	drugbank
DTPG0000180	UL80 [SEP] gag [SEP] rsrIM [SEP] TLH6 [SEP] KRT10 [SEP] UBR4 [SEP] NCOA5 [SEP] SORD [SEP] dcd [SEP] TK1 [SEP] MSDC [SEP] phyA [SEP] ipdC [SEP] CSTB [SEP] CCL3 [SEP] luxS [SEP] WARS2 [SEP] kynU [SEP] KISS1R [SEP] mglB	drug target polypeptide gene	drug target polypeptide gene	drugbank
DTPG0000181	GDNF [SEP] fixL [SEP] gmhA [SEP] DRD4 [SEP] SLC1A3 [SEP] allC [SEP] EZH1 [SEP] LALBA [SEP] CYP24A1 [SEP] CREBBP [SEP] LEPR [SEP] HRH4 [SEP] SLC25A15 [SEP] trmL [SEP] nirK [SEP] PCCA [SEP] CEACAM5 [SEP] SLC1A1 [SEP] RPS19 [SEP] OPRD1	drug target polypeptide gene	drug target polypeptide gene	drugbank
DTPG0000182	fadR [SEP] A1 [SEP] gap [SEP] GLUL [SEP] FLT3 [SEP] dac [SEP] UGI [SEP] TNFSF13B [SEP] PLA2G2D [SEP] RANBP1 [SEP] SDSL [SEP] phzG [SEP] Unc13b [SEP] proX [SEP] GSG2 [SEP] PSMA3 [SEP] pdh [SEP] UQCRFS1 [SEP] ncsA [SEP] KCNK1	drug target polypeptide gene	drug target polypeptide gene	drugbank
DTPG0000183	TSHR [SEP] PTGER1 [SEP] DECR1 [SEP] PIK3CA [SEP] gpmI [SEP] NDUFA7 [SEP] galT [SEP] blaNDM-1 [SEP] AGTR2 [SEP] SLC10A2 [SEP] SRI [SEP] sigA1 [SEP] ARF4 [SEP] Tcdut [SEP] TRAPPC3 [SEP] OXCT1 [SEP] NRIP1 [SEP] rpmF [SEP] pikAIV [SEP] hutH	drug target polypeptide gene	drug target polypeptide gene	drugbank
DTPG0000184	SLC22A7 [SEP] ctaDII [SEP] cex [SEP] rdmB [SEP] GLT6D1 [SEP] envZ [SEP] gtfA [SEP] ppiA [SEP] CLK4 [SEP] zwf [SEP] F9 [SEP] MDH2 [SEP] pqqC [SEP] PTPRB [SEP] PSMB2 [SEP] HSPA2 [SEP] folB [SEP] PSMB3 [SEP] ohr [SEP] NOV	drug target polypeptide gene	drug target polypeptide gene	drugbank
DTPG0000185	CSNK1G2 [SEP] kdsB [SEP] KCNC1 [SEP] ALDH6A1 [SEP] LGALS9 [SEP] PIM3 [SEP] rplA [SEP] AMT [SEP] PAK6 [SEP] ASPG [SEP] MSP-1 [SEP] C4B [SEP] TNFRSF1B [SEP] vatD [SEP] SRD5A2 [SEP] ACTA1 [SEP] SIK2 [SEP] RPS13 [SEP] HTR1A [SEP] ALPP	drug target polypeptide gene	drug target polypeptide gene	drugbank
DTPG0000186	IQGAP1 [SEP] LAMA5 [SEP] MTTP [SEP] ABCB5 [SEP] SLC29A4 [SEP] PTK2B [SEP] APOC3 [SEP] PKN1 [SEP] ADH1A [SEP] sdhC [SEP] TUBA1B [SEP] Aaar [SEP] nrdF [SEP] PPARA [SEP] ABL [SEP] PSMA7 [SEP] ISG20 [SEP] CRBN [SEP] ALDH1B1 [SEP] SMS	drug target polypeptide gene	drug target polypeptide gene	drugbank
DTPG0000187	HA [SEP] PITPNA [SEP] ABCG1 [SEP] rfbG [SEP] LAMA3 [SEP] MRC1 [SEP] COMTD1 [SEP] RABGGTA [SEP] FSHR [SEP] mtdA [SEP] UMPS [SEP] MCCC2 [SEP] NR1H4 [SEP] AANAT [SEP] ceaS [SEP] MERTK [SEP] ITPKA [SEP] DPEP1 [SEP] F11 [SEP] cmaA2	drug target polypeptide gene	drug target polypeptide gene	drugbank
DTPG0000188	B1 [SEP] KCNJ9 [SEP] lecB [SEP] yedY [SEP] NPY [SEP] UQCRB [SEP] BCHE [SEP] DPYD [SEP] CTSV [SEP] nudE [SEP] SLC12A1 [SEP] embB [SEP] ARG1 [SEP] STK38L [SEP] deoC [SEP] 42 [SEP] AAK1 [SEP] TPK1 [SEP] PFKFB4 [SEP] SELPLG	drug target polypeptide gene	drug target polypeptide gene	drugbank
DTPG0000189	astB [SEP] glnG [SEP] phnA [SEP] GLIPR2 [SEP] tpx [SEP] POLE [SEP] RPL37 [SEP] amyA [SEP] CYP26C1 [SEP] CYP11B1 [SEP] ENO1 [SEP] parE [SEP] gpmA [SEP] NTRK1 [SEP] cca [SEP] frdB [SEP] SLAMF7 [SEP] ATP5A1 [SEP] PSMA6 [SEP] PSMB8	drug target polypeptide gene	drug target polypeptide gene	drugbank
DTPG0000190	fucO [SEP] HGPRTase [SEP] CLK1 [SEP] vhb [SEP] IFNGR2 [SEP] IGHV1-2 [SEP] ppc [SEP] SCGB1A1 [SEP] CCR4 [SEP] SLC25A2 [SEP] ADAM28 [SEP] blaCTX-M-9a [SEP] NDUFA9 [SEP] ENO [SEP] CNGA1 [SEP] PZP [SEP] CDK9 [SEP] SERPINB9 [SEP] fgs [SEP] lpd	drug target polypeptide gene	drug target polypeptide gene	drugbank
DTPG0000191	CETP [SEP] nrdE [SEP] GPX1 [SEP] fabG [SEP] GPER1 [SEP] FLT4 [SEP] MAP2K6 [SEP] PDHA1 [SEP] rph [SEP] AZIN2 [SEP] ALDH9A1 [SEP] PPP2R2A [SEP] adh [SEP] HLA-A [SEP] pcaB [SEP] CLC [SEP] SLC16A5 [SEP] PPIF [SEP] DRD2 [SEP] EPX	drug target polypeptide gene	drug target polypeptide gene	drugbank
DTPG0000192	GMDS [SEP] EPCAM [SEP] ARPC3 [SEP] ULK2 [SEP] KCNA2 [SEP] AUR1 [SEP] ASPH [SEP] SAT1 [SEP] TEK [SEP] ANXA5 [SEP] DCLK3 [SEP] mop [SEP] GLRA1 [SEP] ATM [SEP] HDAC1 [SEP] EDNRA [SEP] CD1D [SEP] mgsA [SEP] IGFALS [SEP] benC	drug target polypeptide gene	drug target polypeptide gene	drugbank
DTPG0000193	ACACB [SEP] FLT1 [SEP] PLD1 [SEP] IGSF10 [SEP] pvuIIM [SEP] PSMB4 [SEP] PLCL1 [SEP] SELP [SEP] UROD [SEP] SLC6A13 [SEP] HIPK2 [SEP] NDUFB9 [SEP] HMGCL [SEP] CD44 [SEP] CTSK [SEP] pol [SEP] DNApol [SEP] CLIC1 [SEP] hlgB [SEP] SIRT3	drug target polypeptide gene	drug target polypeptide gene	drugbank
DTPG0000194	NDUFC2 [SEP] PGAM1 [SEP] COQ8B [SEP] SHMT2 [SEP] PARP1 [SEP] AK1 [SEP] PVR [SEP] ATP1A2 [SEP] S100A1 [SEP] UBA1 [SEP] hpd [SEP] gadA [SEP] NFKB1 [SEP] FCGR2B [SEP] ACSS1 [SEP] traM [SEP] RPL14 [SEP] TNIK [SEP] APOB [SEP] PLA2G6	drug target polypeptide gene	drug target polypeptide gene	drugbank
DTPG0000195	tbuX [SEP] CACNA1H [SEP] RNASE4 [SEP] IMPDH1 [SEP] FFAR1 [SEP] aceE [SEP] CLCNKA [SEP] ADH1B [SEP] TCN1 [SEP] PIK3R2 [SEP] neuA [SEP] atsA [SEP] fcl [SEP] TTK [SEP] CES1P1 [SEP] isiB [SEP] SF3B3 [SEP] KCNA7 [SEP] CBS [SEP] GSTM3	drug target polypeptide gene	drug target polypeptide gene	drugbank
DTPG0000196	S100A8 [SEP] orf1ab [SEP] SCN4A [SEP] YWHAB [SEP] IGHA1 [SEP] CHEK2 [SEP] DHCR7 [SEP] DCLK1 [SEP] PTH2R [SEP] TPT1 [SEP] mvaA [SEP] NQO2 [SEP] GAD1 [SEP] pleD [SEP] sdhD [SEP] NDUFA5 [SEP] gag-pol [SEP] EARS2 [SEP] MAP2K5 [SEP] NEK2	drug target polypeptide gene	drug target polypeptide gene	drugbank
DTPG0000197	DDX6 [SEP] OXA-48 [SEP] trpA [SEP] SIGLEC7 [SEP] ftsY [SEP] OBP-1 [SEP] UCK2 [SEP] mxiM [SEP] IFNA2 [SEP] tmk [SEP] ubiC [SEP] SCN9A [SEP] LPA [SEP] SRSF1 [SEP] CACNA1A [SEP] SNAP25 [SEP] aqpZ [SEP] carAa [SEP] SLC9A1 [SEP] pta	drug target polypeptide gene	drug target polypeptide gene	drugbank
DTPG0000198	PDCD6 [SEP] HN [SEP] PRKCI [SEP] S100A13 [SEP] PRKCB [SEP] ITPR1 [SEP] KCNB1 [SEP] MAP3K11 [SEP] PYCR1 [SEP] NGF [SEP] lipJ [SEP] MTF1 [SEP] TXNRD2 [SEP] IGHG2 [SEP] NFS1 [SEP] EIF4A1 [SEP] LDHC [SEP] PYGM [SEP] ddl [SEP] VEGFA	drug target polypeptide gene	drug target polypeptide gene	drugbank
DTPG0000199	CD70 [SEP] hdhA [SEP] HPD [SEP] ACAN [SEP] CELA2A [SEP] SLC16A3 [SEP] pepN [SEP] MTFMT [SEP] PGK1 [SEP] ENOX2 [SEP] linB	drug target polypeptide gene	drug target polypeptide gene	drugbank
