DTPG0000000	['pip', 'FCN3', 'fabA', 'IVD', 'buk2', 'spoIIAA', 'SLC29A2', 'ATP1A3', 'ABCG2', 'VEGFB', 'KIF11', 'ACAT1', 'RPL18', 'EPHA1', 'RHD', 'cmk', 'rfbC', 'mecA', 'RPL11', 'RPL10L']
DTPG0000001	['APOA4', 'RGN', 'SBK3', 'gtfD', 'KDR', 'ribH2', 'SMARCE1', 'pchF', 'RDH14', 'ABCC1', 'LPAR4', 'CDH11', 'KCNE1', 'SMN2', 'CHRNA1', 'KCNH6', 'GALE', 'S1PR5', 'CASR', 'kdsA']
DTPG0000002	['1', 'HMMR', 'ABCC6', 'frdA', 'yngHB', 'MIP', 'NDUFS6', 'CDK5R1', 'IDI1', 'PDK4', 'SERPINA5', 'petA', 'CD3D', 'ppcA', 'TMLHE', 'ADSS', 'TBK1', 'MKNK2', 'TK2', 'APRT']
DTPG0000003	['PTAFR', 'fusA', 'FGFR3', 'MARK2', 'DPH5', 'PSMC3', 'MAPK10', 'SPR', 'TNK1', 'GHSR', 'PDE3A', 'ALDH2', 'SCN3B', 'OAT', 'VCAM1', 'pabC', 'ST3GAL5', 'KCNK2', 'GLTP', 'NCS1']
DTPG0000004	['kbl', 'CYP11B2', 'pdxJ', 'hemC', 'CTSD', 'opdA', 'DDX39B', 'ptpA', 'MAST1', 'KRT9', 'GSS', 'NMNAT3', 'SPTBN1', 'RPL35', 'FOL1', 'SERPINA1', 'IL1A', 'FASN', 'KEL', 'cbaA']
DTPG0000005	['CFH', 'alpha-LP', 'tlyA', 'moxC', 'SOAT1', 'FABP7', 'IRAK1', 'CHUK', 'rpsU', 'CAST', 'cysE', 'limA', 'thyX', 'rpmA', 'ANXA1', 'qacR', 'mrsD', 'CTNNB1', 'NOS1', 'FRK']
DTPG0000006	['GPR12', 'PARP2', 'ICAM1', 'TUBA4A', 'TLL2', 'NDUFA6', 'CCKAR', 'celCCG', 'celA1', 'SULT1B1', 'STK24', 'fae', 'DKFZp686P18130', 'ATP2A2', 'frr', 'NR0B1', 'bca', 'FGF23', 'tlp1', 'RPS6']
DTPG0000007	['DSP', 'nplT', 'APOA1', 'SLC7A3', 'GSTP1', 'FXN', 'CPN2', 'LIMK1', 'CKMT2', 'KANSL3', 'SCNN1G', 'murB', 'chqB', 'ADCY5', 'nedA', 'xynA', 'SSTR2', 'HSD17B3', 'PIK3C2B', 'DSTN']
DTPG0000008	['KLK7', 'BECN1', 'CXCR1', 'NR1H2', 'BCL2L2', 'TAC3', 'CACNB3', 'TRAPPC4', 'INHBA', 'nadD', 'panC', 'TNFAIP6', 'MAPK8IP1', 'Htr2c', 'GMPS', 'CTSF', 'clcD', 'PRSS3', 'ispDF', 'mobA']
DTPG0000009	['RALA', 'acpP', 'PGRMC1', 'IL11RA', 'moaE', 'coaBC', 'CD247', 'BCR/ABL fusion', 'SEPP1', 'FARS2', 'rpoC', 'SLC6A12', 'cypC', 'IARS', 'HSD11B1', 'ALDH3B2', 'NDUFS8', 'PREP', 'TAS1R3', 'glpE']
DTPG0000010	['LSS', 'GMPR', 'LRP1', 'MCAT', 'HDAC6', 'PKAr', 'CBX5', 'PAM', 'NR1D1', 'metF', 'GPX5', 'dfrA', 'ispD', 'SMARCA5', 'rbsD', 'GSTT2', 'dgdA', 'alsB', 'CPK1', 'KRT14']
DTPG0000011	['NRP2', 'ACOX1', 'sufS', 'SUOX', 'RARB', 'PHOSPHO1', 'ctaC', 'ydbK', 'thiD', 'HDAC7', 'cinA', 'PAPSS1', 'ELOVL2', 'OGFOD1', 'phrB', 'tynA', 'dmg', 'CREB1', 'staP', 'BAD']
DTPG0000012	['TTR', 'trmD', 'NISCH', 'pheA2', 'FGB', 'oxdC', 'STIP1', 'treR', 'GABRA3', 'NPR1', 'GFER', 'STK10', 'MMACHC', 'ATP5D', 'cslA', 'dxr', 'PTDSS1', 'SIRT5', 'NAGPA', 'MT-ND5']
DTPG0000013	['SLCO1B3', 'COX5A', 'GCK', 'APAF1', 'glk', 'cysI', 'SMG6', 'MUSK', 'trxB', 'PKLR', 'IRAK4', 'THRB', 'bglA', 'hpt', 'ACSBG1', 'CTRB1', 'S100A7', 'pgk/tpi', 'HTATIP2', 'MAPK9']
DTPG0000014	['ribC', 'GRM5', 'algD', 'pcrV', 'OPRK1', 'TAGLN', 'tag', 'fadB', 'repA', 'GP', 'UL122', 'NSF', 'CAPNS1', 'KHSRP', 'DUSP23', 'RTCB', 'SERPINA3', 'KRAS', 'CLK2', 'ntpK']
DTPG0000015	['F13A1', 'stxB', 'F8', 'NAGK', 'tufA', 'IFNAR2', 'ribH', 'KCNA10', 'porB', 'CACNA1I', 'pyrR', 'SPINK6', 'MTAP', 'LACZ', 'SLC5A5', 'TAOK1', 'ALDH3A1', 'SF3A2', 'gyrB', 'rt']
DTPG0000016	['GRIN3A', 'atpF', 'ERG11', 'PHB2', 'KCNQ3', 'HRH3', 'rplK', 'COL3A1', 'ponA', 'PADI4', 'nanH', 'mepA', 'BCL2L1', 'COX7B', 'HSD17B8', 'SOD1', 'IFNG', 'cgiA', 'ARF1', 'PIM1']
DTPG0000017	['rpiB', 'PSMB6', 'PPI', 'DRD5', 'HIST1H2BC', 'SSTR5', 'R', 'TUBB4B', 'SFRP4', 'cft', 'NPR2', 'MAPK4', 'celS', 'ADK', 'ampC', 'tktA', 'CCT3', 'NME1', 'IMPA2', 'deoA']
DTPG0000018	['CIB1', 'xlnA', 'upp', 'MSRA', 'spg', 'VMAT2', 'TUBB6', 'PCYT1B', 'ADRB3', 'SULT2A1', 'petM', 'BMP4', 'CHRNA4', 'ACVR1', 'PDPK1', 'petH', 'VDAC2', 'CASQ1', 'VWF', 'TNFRSF17']
DTPG0000019	['nrdI', 'inhA', 'HABP4', 'clpP', 'P/V', 'gapA', 'OAZ1', 'SLC22A4', 'MDR1', 'GRIK1', 'BAAT', 'CA13', 'KCNQ2', 'RAMP1', 'PGGT1B', 'SDHA', 'nusB', 'MARK1', 'celD', 'ELSPBP1']
DTPG0000020	['purE', 'TUB2', 'CDK16', 'RAP2A', 'SGK1', 'TH', 'bglT', 'YWHAE', 'HAL', 'IGF2R', 'dnrK', 'embA', 'gshA', 'EDN1', 'ERN1', 'rbsB', 'PROSC', 'appA', 'SLC12A7', 'fox-7']
DTPG0000021	['SEMG1', 'CEACAM1', 'TK', 'soxB', 'ndoB', 'cobH', 'RPS5', 'MCCC1', 'RXRA', 'MPL', 'narG', 'CD52', 'CDO1', 'ERG1', 'TRDMT1', 'NDUFS3', 'GABRR3', 'amtB', 'citE', 'PPP1CA']
DTPG0000022	['B2M', 'FDXR', 'UBB', 'GPX6', 'pyrC', 'EDNRB', 'PTR1', 'asd', 'shp', 'cutA', 'ME1', 'rpoA', 'budB', 'odcI', 'penP', 'GLA', 'LATS1', 'NDUFA4', 'SLC6A14', 'PAPS']
DTPG0000023	['menB', 'tpdA', 'hmuO', 'DHRS4L2', 'GAA', 'GARS', 'ganB', 'PRSS8', 'MARK4', 'APOL1', 'lef', 'CCL8', 'ompF', 'lsrB', 'rpsF', 'scrY', 'icd', 'SERPINB2', 'PPIA', 'PTGIR']
DTPG0000024	['ITGA5', 'argI', 'oprP', 'VDAC3', 'DDR2', 'SSTR4', 'HP', 'cysG', 'c-des', 'KCNQ4', 'def1', 'IGHM', 'GABRA5', 'CYP3A4', 'iadA', 'P5CR2', 'RET', 'ACCS', 'BTK', 'aroC']
DTPG0000025	['rpsQ', 'yniC', 'CSNK1G3', 'AKR1C3', 'VCP', 'SLC16A8', 'NDUFC1', 'srtB', 'SLC12A5', 'NTRK2', 'ispH', 'ENPP1', 'ecoRVR', 'PDXP', 'HTR7', 'PDIA3', 'cbaB', 'hia', 'hslU', 'ATP4B']
DTPG0000026	['SLC16A1', 'rab6', 'CDIPT', 'pbp', 'PPCDC', 'HEXB', 'GRIN2D', 'ACAD8', 'MAP3K4', 'MT3', 'mmaA4', 'ALK', 'IL10', 'COL4A4', 'SRR', 'B4GALT4', 'hemL', 'aat', 'UAP56', 'MMP16']
DTPG0000027	['MAPK14', 'rsmF', 'rmlB', 'HPX', 'dnaN', 'pcp', 'SLC10A1', 'SLC15A1', 'TTLL3', 'S100A4', 'HNRNPL', 'radh', 'ALPL', 'PAK5', 'CNR1', 'AMY2A', 'ATP2C1', 'PDE4A', 'NDUFA4L2', 'AASS']
DTPG0000028	['GABRE', 'SIVA1', 'CDC25B', 'AURKB', 'cycM', 'AGXT2', 'LTA', 'ARG2', 'rhdA', 'POLE2', 'astA', 'HSD17B10', 'CDKL1', 'NDUFS5', 'citA', 'GPNMB', 'ldh', 'PISD', 'GSTM5', 'MAPKAPK2']
DTPG0000029	['SERPINF2', 'relA', 'H6PD', 'SLC25A20', 'UL97', 'TUBB2B', 'DCK', 'ulaD', 'ASPA', 'fbaA', 'TAOK2', 'STK35', 'SQLE', 'PPARG', 'prfA', 'CLK3', 'FYN', 'ARL5B', 'metK', 'thyA1']
DTPG0000030	['aroE', 'TACSTD2', 'ERG7', 'RBP1', 'rsuA', 'purT', 'RABGGTB', 'USP14', 'galE', 'RPS17', 'PTGER3', 'HNRNPD', 'RARRES1', 'UQCRQ', 'LRG1', 'CYB5B', 'rimL', 'CTPS1', '4', 'nfsB']
DTPG0000031	['KRT5', 'SEC14L3', 'argB', 'cbh', 'cagA', 'KCNJ3', 'phzD1', 'SEPSECS', 'CHEK1', 'HMGCS1', 'ASGR2', 'F', 'PDGFRA', 'SDS', 'acnB', 'SBK1', 'P4HTM', 'PADI2', 'NDUFA2', 'AKR1B1']
DTPG0000032	['PDK3', 'petD', 'MCHR1', 'TESK1', 'SLC22A5', 'MTOR', 'MARK3', 'CMPK1', 'DLD', 'rplC', 'penA', 'tyrS', 'IYD', 'PI4K2B', 'ABL2', 'PTH1R', 'rpsH', 'ALOX5AP', 'C5', 'PTGR1']
DTPG0000033	['P4HA1', 'RHEB', 'ARL5A', 'IL1RN', 'NDST1', 'INPP5B', 'CDK6', 'gntK', 'CACNB2', 'BAG1', 'HTR1F', 'KCNH1', 'dehB', 'frc', 'aroH', 'CSAD', 'yqhD', 'TPD52L2', 'yhdN', 'fumC']
DTPG0000034	['NSDHL', 'ARPC4', 'MAP3K12', 'GAPDH', 'CAMK1', 'RARA', 'PFAS', 'gmk', 'ddh', 'TSTA3', 'PDE4D', 'NPR3', 'azoR1', 'SDHB', 'NDUFB6', 'murF', 'LARS', 'SLC52A2', 'GOT2', 'MYH14']
DTPG0000035	['opdK', 'PROF', 'GUCY1A2', 'HSP90B1', 'NDUFB8', 'PTPRE', 'ATOX1', 'efpA', 'hisD', 'DDX5', 'HIBCH', 'GUCY1A1', 'VDAC1', 'PGLYRP3', 'CRT', 'CAMK2A', 'ROCK2', 'ORM1', 'ppgmk', 'YARS2']
DTPG0000036	['FCER1A', 'SLC6A4', 'trwB', 'TGFB1', 'GRIK4', 'CTNS', 'HSD3B2', 'SSTR1', 'DHODH', 'bioD1', 'PRDX6', 'papC', 'OAS1', 'AKT2', 'CYP3A5', 'PCNA', 'MYO1E', 'CA7', 'mdlC', 'GNLY']
DTPG0000037	['LCN1', 'EXTL2', 'FDX1', 'AGTR1', 'AVPR2', 'GGT1', 'GANAB', 'TERT', 'PLEKHA1', 'TNFRSF10B', 'TNNI3K', 'folE', 'PHKG1', 'MGST3', 'MDH1', 'snoaL', 'IKBKG', 'SLC12A3', 'cphA', 'KCNC2']
DTPG0000038	['ANGPTL3', 'traR', 'SLC1A5', 'RPL3', 'ITPA', 'CARS2', 'HTR3B', 'KCND2', 'pbp4', 'npr', 'CA12', 'HK1', 'RDX', 'ASRGL1', 'mrdA', 'L', 'aauB', 'puhA', 'hemY', 'SGPL1']
DTPG0000039	['tar', 'Lyar', 'cia', 'ADH7', 'PPBP', 'CDK5', 'plcA', 'MVK', 'AKR1B10', 'AZGP1', 'ftsI', 'CA1', 'ADORA2A', 'ECI1', 'EXP-1', 'IDH2', 'DLAT', 'PIPOX', 'RRBP1', 'pgiB']
DTPG0000040	['GOT1', 'KRT12', 'INSR', 'PCDH19', 'ACACA', 'CA10', 'HTT', 'mtnW', 'CMTR1', 'rfbF', 'amn', 'desIV', 'HARS', 'CS', 'ALAS2', 'FCGR3A', 'phzF', 'LGALS2', 'phbA', 'ttgR']
DTPG0000041	['rbmD', 'MC4R', 'CALB2', 'MIR-1', 'MT-CO2', 'DHFR', 'PLCXD3', 'HAO1', 'PTS', 'PRKCE', 'NDUFB4', 'HIBADH', 'glbN', 'CHRNA6', 'MEF-1', 'OPRM1', 'TLR2', 'DHRS4', 'ADRA1D', 'pep']
DTPG0000042	['STK39', 'CDK4', 'NPSR1', 'UGDH', 'ALDH1A1', 'HTR2C', 'FGF4', 'tcp14', 'PIK3CD', 'phoQ', 'PAFAH1B3', 'ADORA2B', 'STK33', 'NFKBIA', 'TSSK1B', 'IARS2', 'APOBR', 'dat', 'TGFB3', 'fabZ']
DTPG0000043	['PSAT1', 'CCNA2', 'MC1R', 'HSPD1', 'DDAH2', 'SCN2B', 'CDK1', 'MAP3K9', 'HSF1', 'GATM', 'bsd', 'moaB', 'mdlB', 'xly', 'PRKAR2B', 'ALKBH2', 'pdxA', 'NR1I2', 'KCNN1', 'lsr2']
DTPG0000044	['cycA', 'RENBP', 'ADRA1B', 'yfiH', 'PCMT1', 'GRIN2B', 'Adss', 'bphD', 'ureA', 'TYMP', 'ORF', 'KAT2A', 'pbpA', 'MMP1', 'gltS', 'ADRB1', "aac(6')-Ii", 'SERPINB6', 'TP53', 'GPT']
DTPG0000045	['AKR1C1', 'ATP6V1B2', 'SERPINA6', 'CLEC14A', 'HNRNPA2B1', 'CLPS', 'sdiA', 'pam', 'TARS', 'lepB', 'IL4R', 'TNNI3', 'CTBP1', 'POLE3', 'SCN4B', 'PLEKHA4', 'env', 'CYP26A1', 'SIRT2', 'IGKV2D-28']
DTPG0000046	['rpsD', 'dhaK', 'BIRC5', 'btuB', 'CCL5', 'GALK1', 'rplJ', 'ACYP2', 'CCS', 'galM', 'KLK1', 'SLC6A1', 'GBA', 'aroA', 'GRM2', 'TCTP', 'RRM1', 'ccrA', 'TACR2', 'pknB']
DTPG0000047	['rpsJ', 'ispE', 'METAP1', 'EEF2', 'SCN5A', 'KCNK6', 'PGLYRP2', 'tpiA', 'CFL1', 'BACE1', 'gstA', 'BCAT2', 'BLVRA', "argF'", 'ruvB', 'PRMT1', 'PPAT', 'NDUFS4', 'RPIA', 'STK36']
DTPG0000048	['SLC12A2', 'fdnH', 'ilvE', 'NAMPT', 'PDE4B', 'ptr2', 'yerA', 'SYT2', 'CDH5', 'MS4A2', 'CHRM1', 'CYB5A', 'rub', 'mmoX', 'EIF2AK1', 'CARTPT', 'CD38', 'GADL1', 'TRPV2', 'EPAS1']
DTPG0000049	['ACE', 'P', 'HS3ST1', 'amyP', 'rpsS', 'MMP2', 'PDE7A', 'xecC', 'COL2A1', 'potD', 'ppdK', 'ALDH18A1', 'cry', 'taqIM', 'IMPA1', 'rpoB', 'CACNA1D', 'xylA', 'SLC6A11', 'SLC12A6']
DTPG0000050	['HBB', 'GRIN2C', 'TPI', 'pbpX', 'DPYSL2', 'CA2', 'RHOB', 'POLE4', 'CYP27B1', 'PTPN4', 'ssb', 'CAPN1', 'TXK', 'PLA2G2A', 'MTHFD1', 'PFN1', 'plc', 'ATP5L', 'BBOX1', 'GABRA4']
DTPG0000051	['RPL23A', 'TNF', 'BMPR1B', 'dsbB', 'NEIL1', 'LYN', 'ERO1B', 'SLC1A7', 'MMP11', 'E2', 'HIV-1 protease', 'AKR1A1', 'ATP8A1', 'nanA', 'GRM8', 'SERPINA7', 'COPG1', 'pbpC', 'PDXK', 'PSME1']
DTPG0000052	['HRAS', 'dut', 'MT-CO1', 'RYR1', 'FABP6', 'OPRL1', 'RPE65', 'MGAT1', 'MAPKAPK5', 'SCN8A', 'MUC2', 'SCMH1', 'MYLK2', 'adk', 'xylH', 'VTN', 'CA9', 'dacB', 'fabK', 'ESR1']
DTPG0000053	['ftsZ', 'FCGR1B', 'PSMA4', 'hutU', 'HP1BP3', 'GRB2', 'IGFBP7', 'GAD2', 'TLR4', 'QPCT', 'MT-ND3', 'YWHAH', 'GPX2', 'PDE4', 'camK', 'TRPV1', 'mtnN', 'PRKCD', 'PCCB', 'ELOVL5']
DTPG0000054	['putA', 'CSF3R', 'MSTN', 'HAPLN1', 'kcsA', 'CD2', 'GP1BA', 'HMOX1', 'ATP1A1', 'TUFM', 'pycA', 'S100A9', 'TNFRSF11A', 'DAND5', 'rplD', 'GABRD', 'CD86', 'CPQ', 'TYMS', 'RNASE2']
DTPG0000055	['LDHB', 'TRHR', 'EPHA4', 'FN1', 'CRP', 'BMX', 'PLA2G7', 'MGST2', 'TRAPPC5', 'CHRNB4', 'FES', 'QDPR', 'CD163', 'DAPK1', 'HPRT1', 'RBP4', 'RND3', 'pdp', 'FOLR2', 'MCFD2']
DTPG0000056	['lpdV', 'LCN9', 'GNRHR2', 'NEK9', 'CAT', 'ASL', 'hisS', 'SLC8A1', 'PA', 'TNFSF11', 'CYP2B6', 'HCRT', 'CALR3', 'S100B', 'gltA', 'pamO', 'TF', 'prpB', 'TUBB4A', 'TUB']
DTPG0000057	['PRKG2', 'SPIRE2', 'ALDH7A1', 'crp', 'SMAD2', 'PROC', 'ADCY1', 'FARSA', 'folP1', 'fdhF', 'SLC11A2', 'RNASE3', 'ANXA2', 'IDH1', 'prcB', 'ITIH4', 'DRD3', 'RAMP2', 'SOAT2', 'KEAP1']
DTPG0000058	['cyp121', 'SCN1A', 'ulaG', 'bphA4', 'PKM', 'TGM3', 'PTGIS', 'TACR3', 'CYP1B1', '72', 'AMHR2', 'synC', 'NDUFB3', 'AS3MT', 'GPI', 'pvdQ', 'REG1A', 'HLA-DRB1', 'cbiD', 'fabB']
DTPG0000059	['PIK3CG', 'aldA', 'TIMP3', 'CD19', 'pagP', 'NIM1K', 'gcvT', 'CANT1', 'MSMO1', 'ndoC', 'CCR9', 'AKR1D1', 'soxA', 'PTPN6', 'ECHS1', 'traN', 'VKORC1', 'CACNA1E', 'PANX1', 'EPN1']
DTPG0000060	['coaD', 'PDE10A', 'ASNS', 'RDH8', 'panD', 'PDHA2', 'IFNAR1', 'PHGDH', 'uppS', 'oxoO', 'dapD', 'LAMC1', 'ACTR3', 'bgt', 'CCBL1', 'NPM1', 'SLC7A4', 'ALDH4A1', 'COMP', 'LTA4H']
DTPG0000061	['CD276', 'APLP2', 'IL4', 'ADAM17', 'FDPS', 'CD9', 'SLC6A7', 'NEK4', 'LTK', 'MTRR', 'APOD', 'HSP90AB1', 'P3H2', 'ORM2', 'DAO', 'iolS', 'CD79B', 'L3HYPDH', 'AMN', 'CASP9']
DTPG0000062	['P4HB', 'eco', 'COX4I1', 'ydhF', 'FGR', 'lpxA', 'ITGAV', 'KNG1', 'rsgA', 'SCLY', 'murD', 'CYP2C8', 'AHSG', 'CXCL10', 'UNG', 'Hrh1', 'TUBA3C', 'SCARB1', 'GSC2', 'chiB1']
DTPG0000063	['PPT1', 'snf', 'CSF1R', 'ALDH3A2', 'CAMLG', 'PON1', 'BRCC3', 'LIP1', 'AURKA', 'BDNF', 'prr', 'PRKAR2A', 'IL6R', 'MAP4K4', 'TYR', 'MST', 'tzs', 'cyaB2', 'CALCB', 'SUCLG2']
DTPG0000064	['LCN2', 'NAGS', 'VDR', 'ITIH3', 'CDA', 'pbp1b', 'ndx1', 'SLC38A3', 'serA', 'zipA', 'PRKCG', 'mutT', 'eta', 'GLRA3', 'SIGLEC1', 'RNASE1', 'KLK3', 'RFK', 'MAP4K5', 'PLG']
DTPG0000065	['OXTR', 'NUAK1', 'GRIK2', 'NDUFA12', 'CD40', 'KCNA6', 'ANXA4', 'thiO', 'aroF', 'MLLT4', 'ACY1', 'JAK2', 'argG', 'NA', 'LTC4S', 'algQ2', 'AHCY', 'S100A6', 'TGFBR1', 'TRAPPC6A']
DTPG0000066	['CKS1B', 'sigA', 'LRP2', 'CD22', 'KIT', 'MAP2K1', 'PAPPA', 'lip', 'pyrE', 'RPL13A', 'cobT', 'F7', 'MMP27', 'FEN1', 'PC', 'rplP', 'nudF', 'PFN2', 'chbB', 'TIE1']
DTPG0000067	['PRLR', 'MAP4', 'GHR', 'TPM4', 'sprT', 'phnX', 'CRYZ', 'CUBN', 'NRDD', 'DCLK2', 'PEBP1', 'PCYT1A', 'P2RX4', 'EPOR', 'C1S', 'PTPN11', 'botA', 'ACVRL1', 'ATP5B', 'CAMKK1']
DTPG0000068	['fabI', 'GLO1', 'GLS', 'EPHB2', 'LIPF', 'bioA', 'pilE1', 'CHRM2', 'MAP3K2', 'tagD', 'NDUFB1', 'nagA', 'PDK2', 'ACADSB', 'hsaC', 'petG', 'ADRA2A', 'PIP4K2C', 'RXRG', 'MMP19']
DTPG0000069	['shc', 'tvaI', 'NTRK3', 'malE', 'ME3', 'PPP3R1', 'KCNJ2', 'gor', 'HMGB1', 'PSMB5', 'HSPA4', 'RAN', 'folA', 'PIP4K2B', 'COL1A1', 'KRT8', 'blaFEZ-1', 'C1QA', 'UGCG', 'FAH']
DTPG0000070	['SIRT1', 'GAPDHS', 'HADH', 'mvaS', 'HGS', 'tauD', 'engB', 'APEX1', 'yceI', 'CASP7', 'ACTN1', 'HSD17B1', 'AURKC', 'kdpB', 'ptlH', 'CHRNB2', 'C8B', 'prs', 'cyaC', 'IFNB1']
DTPG0000071	['G6PD', 'moaA', 'YWHAZ', 'DMD', 'GABRQ', 'DDC', 'GNMT', 'ALDOB', 'SREBF1', 'ENO2', 'DHRS3', 'RPL23', 'RAD51', 'speB', 'VAMP1', 'SULT1E1', 'atpE', 'nagZ', 'ME2', 'PNPO']
DTPG0000072	['psbV', 'pknG', 'HSPH1', 'LIAS', 'CYTH2', 'ATIC', 'TUBA4B', 'IL17A', 'afaE3', 'TPx1', 'FGA', 'blaB1', 'PAK3', 'AXL', 'embC', 'C4BPA', 'MLNR', 'FPGS', 'JUN', 'GANC']
DTPG0000073	['NID1', 'GGCX', 'petB', 'clcA', 'ispU', 'SERPINC1', 'CALM3', 'APOH', 'nosZ', 'SDF2', 'ERBB4', 'cst-II', 'KCNA3', 'FTCD', 'SHBG', 'onr', 'GABRG1', 'CANX', 'ndoA', 'mauC']
DTPG0000074	['SRSF4', 'acs', 'CSNK1E', 'NEK1', 'NEK3', 'PDHB', 'TFF1', 'MT-CYB', 'tuf', 'SNU13', 'EIF6', 'ADH5', 'MYLK', 'CTSB', 'LDLR', 'GNAS', 'tyrA', 'SDC2', 'P2', 'MAOB']
DTPG0000075	['IL23A', 'hhaIM', 'ACPP', 'ADAMTS5', 'topA', 'PVALB', 'gfo', 'rdmC', 'PRTN3', 'MPO', 'PYGB', 'PRKACA', 'TNK2', 'IGLC1', 'DHPS', 'CDK2', 'GPX3', 'UAP1', 'ALDH1A2', 'bpuJIR']
DTPG0000076	['GLB1', 'parC', 'COQ8A', 'cocE', 'mutY', 'CKMT1A', 'STK17B', 'pbpG', 'ITGB1', 'RPS2', 'CHRM3', 'HSPA5', 'rsmH', 'PRKAR1A', 'JCHAIN', 'trpF', 'CAMKK2', 'NUCB2', 'tufB', 'cobU']
DTPG0000077	['PPP2CB', 'CTSG', 'NFE2L1', 'qhnDH', 'MYLK4', 'RCVRN', 'mshD', 'SLC2A1', 'MPG', 'EPHB4', 'talB', 'PDGFRB', 'SYK', 'RESA', 'CIB2', 'fas', 'CLASP1', 'TLK2', 'fmt', 'CHIT1']
DTPG0000078	['cbhA', 'KCNC3', 'E', 'RSL24D1', 'ITGAL', 'CPNE1', 'nrfC', 'ATP5I', 'RRM2B', 'HSPB1', 'per1', 'PTGER4', 'SLC16A7', 'SOD2', 'lytA', 'PLA2G2E', 'HBA1', 'PRKCQ', 'HGF', 'GCAT']
DTPG0000079	['TPR', 'C4A', 'fadA', 'TLR9', 'nadE', 'NEK11', 'FBN3', 'BLK', 'pstS', 'DPP4', 'PRSS2', 'TUBE1', 'MAP2K2', 'TRPM4', 'NFATC1', 'ebgA', 'EGLN1', 'CHRNB3', 'TACR1', 'IL2RG']
DTPG0000080	['arnB', 'NDUFA11', 'RPL8', 'PMS2', 'BCKDK', 'DFR1', 'RAC1', 'HPGDS', 'UQCRH', 'MASP2', 'PLK2', 'CRH', 'GRM1', 'aspS', 'rfbB', 'ATP4A', 'FDFT1', 'FCER2', 'epiD', 'PDGFB']
DTPG0000081	['MAP3K13', 'MAP4K1', 'PCK1', 'TRPA1', 'CSNK2A1', 'pyrF', 'phr', 'MAP3K6', 'msrC', 'fucA', 'ureB', 'CPS1', 'ACLY', 'S100G', 'SLC6A2', 'PNMT', 'MMP25', 'TP73', 'CASP3', 'IDH3G']
DTPG0000082	['dhaB1', 'choA', 'APCS', 'AVPR1B', 'NMT1', 'pox5', 'ERBB3', 'mdeA', 'MAP4K3', 'EPHA5', 'ALPPL2', 'AXIN1', 'cytc3', 'CD40LG', 'PSMA2', 'birA', 'flA', 'cpo', 'MC3R', 'treZ']
DTPG0000083	['MMP8', 'ACSL1', 'CHAT', 'PTGDR', 'ATP2B1', 'ompG', 'COX6A2', 'MME', 'RAB11A', 'CACNB4', 'NARS2', 'TMPRSS2', 'PTGER2', 'TXNRD1', 'CPK4', 'HSD17B4', 'phoA', 'pbpB', 'COX7C', 'DHRS4L1']
DTPG0000084	['SYN1', 'TOP2B', 'HAGH', 'ALAD', 'S100A10', 'glcB', 'HNRNPF', 'SI', 'traO', 'MTHFR', 'rpsZ', 'tthHB8IM', 'KCND1', 'F2R', 'DTYMK', 'YARS', 'GPR35', 'TRPM7', 'DHFRL1', 'ZYX']
DTPG0000085	['LIG3', 'PPIC', 'NCAN', 'BLVRB', '17', 'S', 'MMP23A', 'CXCL12', 'leuB', 'GBP', 'PGM1', 'bioI', 'ARSA', 'TST', 'tvaII', 'IL1R1', 'C5AR1', 'GLRB', 'SLC7A2', 'DLG4']
DTPG0000086	['yopH', 'MAOA', 'ygbM', 'SERPINF1', 'GABBR2', 'CA6', 'cs1', 'OTC', 'IL3RA', 'GSTA3', 'IL2RB', 'IKBKB', 'glyA', 'EPHA8', 'ptsH', 'CD80', 'nrfA', 'fecA', 'GCA', 'CTSS']
DTPG0000087	['FABP2', 'rfbD', 'EPHB1', 'pcaA', 'amyE', 'CSNK1A1', 'TFPI', 'SLC16A6', 'DARS', 'ABCB11', 'CROT', 'CYP2C19', 'LIPT1', 'GLRX2', 'amyM', 'hheC', 'NAAA', 'TKT', 'NUDC', 'pyrB']
DTPG0000088	['SF3A3', 'IGKC', 'KCNJ4', 'xynC', 'pbp3', 'KCNMB2', 'PTPN12', 'TUBB', 'KCNA1', 'THRA', 'cheR', 'serca', 'DRD1', 'EGFR', 'CAD', 'RUVBL2', 'idi', 'PPARGC1B', 'CSF2RA', 'IL13RA2']
DTPG0000089	['pbp2a', 'CYP1A2', 'aroB', 'katA', 'COX6C', 'cyd', 'CDK8', 'PMP2', 'udp', 'rsbQ', 'xynY', 'SLC36A1', 'PDE1A', 'SNX3', 'nbaC', 'ELOVL4', 'nirM', 'ARAF', 'MAP4K2', 'folP2']
DTPG0000090	['PSAP', 'ACTB', 'lamB', 'codA', 'MMP15', 'HTR2B', 'NOXO1', 'accC', 'RBP3', 'NR1D2', 'CLPP', 'P2RY11', 'TUBG1', 'ABCC2', 'ARPC1B', 'NFKB2', 'NPY5R', 'unc-38', 'NAGLU', 'serC']
DTPG0000091	['LIP3', 'araF', 'polA', 'AKT1', 'CSF2', 'CDC42BPG', 'HABP2', 'CYP2C9', 'NT5E', 'PADI1', 'unc-63', 'SLC25A12', 'eltB', 'CACNA1G', 'NTSR2', 'FBP1', 'M6PR', 'MAN2A1', 'V-SRC', '12']
DTPG0000092	['DYRK1A', 'NAGA', 'catA', 'LTB4R2', 'RIPK1', 'ceaC', 'TLR8', 'hmp', 'xynZ', 'GSTA2', 'WAS', 'C1QC', 'aspA', 'chb', 'entB', 'MAEA', 'ACAA2', 'GRIK3', 'CRYM', 'GLDC']
DTPG0000093	['PI4KB', 'PDE2A', 'AMY2B', 'ALDH1A3', 'CD', 'CYP2E1', 'cobA', 'draA', 'MOCS2', 'ahpF', 'kbaY', 'CA5A', 'BHMT', 'SULT1A1', 'moxG', 'ASMT', 'nagB', 'actII', 'toxB', 'sacB']
DTPG0000094	['NEU1', 'GSTZ1', 'MAP2K3', 'MMAA', 'pdx1', 'TAS1R2', 'PRDX1', 'F5', 'ileS', 'purF', 'ANTXR1', 'SERPING1', 'CACNA1B', 'RYR2', 'XIAP', 'IDE', 'S100P', 'IL4I1', 'azr', 'glnA1']
DTPG0000095	['ESRRB', 'KPC-2', 'TLK1', 'MR1', 'gabT', 'ethR', 'BHMT2', 'pptA', 'CYC1', 'mdh', 'MYO3A', 'NEK5', 'PCBD1', 'RAF1', 'PLOD3', 'ppa', 'ABCB1', 'PLA2G1B', 'NIP7', 'TUBA1A']
DTPG0000096	['pyrD', 'tmd', 'LTF', 'HINT1', 'ALKBH3', 'SERPIND1', 'blaB', 'PLD2', 'sfp', 'folC', 'GSR', 'PRKDC', 'nos', 'SFTPA1', 'SF3B1', 'GNG2', 'CMAS', 'rraA', 'CBR1', 'ITGA4']
DTPG0000097	['HTR1B', 'CPA1', 'acuC1', 'rpsC', 'RACK1', 'CCBL2', 'FKBP1A', 'AHSP', 'TPH2', 'P4HA2', 'DCPS', 'xyl', 'NNMT', 'MT-CO3', 'ECI2', 'NDUFB2', 'GSTO2', 'lpxC', 'SERPINA4', 'rpoZ']
DTPG0000098	['LCMT1', 'MAPK13', 'A2M', 'MT-ND4L', 'RARG', 'GRIN2A', 'CES1', 'MAP2', 'OGFOD2', 'hldD', 'GCDH', 'SCPEP1', 'KCNH2', 'FPR1', 'rmlC', 'atsK', 'UBE2D2', 'pufM', 'IDH3B', 'RCAN1']
DTPG0000099	['PCTP', 'GCSH', 'PSMB1', 'LCMT2', 'DCXR', 'ADRA2C', 'TFRC', 'agp', 'KDM5D', 'ASIC2', 'ITEVIR', 'PPIH', 'VLDLR', 'MMP13', 'FLNA', 'PDF', 'ENOPH1', 'THBD', 'MC2R', 'pdxY']
DTPG0000100	['msrA', 'FOS', 'EPRS', 'trpS', 'FGFR1', 'GLUD2', 'lasB', 'POLA1', 'CPT2', 'IGHV3-30', 'IL12B', 'SNCA', 'GSTO1', 'RAMP3', 'REN', 'ELN', 'CCK', 'CD55', 'botB', 'TPSB2']
DTPG0000101	['SERPINE1', 'HTR3C', 'SLC6A8', 'fpvA', 'PNP', 'thyA', 'ctxB', 'NADSYN1', 'HSPG2', 'AGXT', 'LDHA', 'JAK1', 'dsbA', 'gmd', 'PSMB9', 'dacA', 'S1PR1', 'GCLC', 'SCN10A', 'chiA']
DTPG0000102	['MMP9', 'DHRS11', 'CSN3', 'KRT2', 'mndD', 'AOC3', 'RPL19', 'SOST', 'tonB', 'EGF', 'NDUFA1', 'rdxA', 'CHRNA10', 'PKN2', 'HTR1E', 'est', 'katG', 'EIF2AK2', 'HNF4A', 'PECR']
DTPG0000103	['IL1B', 'SNRK', 'HSP90AA1', 'HDAC4', 'FGFR4', 'FCGRT', 'GST', 'yicI', 'PGD', 'FTH1', 'GR2', 'CD14', 'frdC', 'sspA', 'PRKAB1', 'nagJ', 'CASK', 'MAPK11', 'fpr', 'FGG']
DTPG0000104	['SCN1B', 'CYP2C18', 'SFTPD', 'fabG3', 'PRNP', 'CYCS', 'nuc', 'SERPINB3', 'TRBC1', 'mdtK', 'MAPK8', 'glvA', 'PAK2', 'ACVR1B', 'CXCR4', 'LY96', 'GSTM4', 'mltB', 'dfrB', 'GUK1']
DTPG0000105	['SDHC', 'GPT2', 'cumD', 'gdhB', 'ACO2', 'RHO', 'metB', 'AKR1C2', 'INS', 'APOBEC1', 'CDK17', 'aacC1', 'DAPP1', 'lgtC', 'NPY4R', 'KCNJ5', 'BCL2', 'caiB', 'SIK1', 'TMP1']
DTPG0000106	['PDK1', 'RPL4', 'ICK', 'FAAH', 'BRAF', 'DDAH1', 'cgt', 'nadB', 'MYLK3', 'ADORA3', 'NR4A3', 'ALDH1L1', 'AVPR1A', 'aglA', 'DBH', 'ansB', 'alr', 'PARP3', 'CDKL2', 'BDH1']
DTPG0000107	['RDH12', 'GYG1', 'fprA', 'ACADM', 'CHRNA3', 'rpsB', 'purR', 'CAMK4', 'PRPF4B', 'CYP21A2', 'ANKK1', 'DNPEP', 'C9', 'HLCS', 'roo', 'crtM', 'SLC25A29', 'CASP4', 'AARS', 'CMA1']
DTPG0000108	['MELK', 'TRIM13', 'EN2', 'VARS', 'clpB', 'PLA2G4A', 'cslB', 'mmaA2', 'PYCRL', 'bfrA', 'CAMP', 'NPY1R', 'PSENEN', 'CAMK2D', 'thrS', 'MAPK12', 'GABRA6', 'SCN2A', 'GLUD1', 'ACADS']
DTPG0000109	['NUCB1', 'HPR', 'trpD', 'PRMT3', 'bioH', 'XDH', 'xapA', 'KCNA5', 'chiB', 'MMP10', 'KCNJ6', 'TYRO3', 'BCAT1', 'TRPM8', 'BMPR1A', 'LAYN', 'CHRM5', 'RPS8', 'hutP', 'MST1R']
DTPG0000110	['engF', 'ZAP70', 'LRRK2', 'murI', 'SERA5', 'C4BPB', 'CADPS', 'TRAPPC6B', 'bphK', 'GSTA5', 'ZAK', 'STAB2', 'STS', 'ATP6', 'DAPK2', 'leuA', 'CYP11A1', 'SCN11A', 'daaA', 'DCD']
DTPG0000111	['TOP1MT', 'ADAM10', 'torD', 'UQCR10', 'aphA', 'CALM1', 'NDUFS7', 'GNAT1', 'FFAR4', 'scpB', 'OXSR1', 'COX8A', 'murA', 'rmlA', 'TPH1', 'tolC', 'HTR3E', 'purN', 'opd', 'BGLAP']
DTPG0000112	['HCK', 'CCL11', 'SNRPD2', 'TEC', 'ASIC1', 'dkgA', 'GPRC5A', 'FGFR2', 'CEBPB', 'fbpA', 'CHRFAM7A', 'CALCR', 'L5', 'ANXA3', 'MYH7', 'KRT7', 'bioB', 'HTR3D', 'P3H3', 'CLCN2']
DTPG0000113	['STK3', 'SLC38A1', 'hslO', 'xpt', 'HCAR2', 'IAPP', 'CPD', 'PLAT', 'IL5', 'RAB5A', 'BST1', 'APP', 'NNT', 'PRDX2', 'EIF2S3', 'GSPT1', 'HIF1AN', 'ITIH2', 'pflB', 'epsE']
DTPG0000114	['HSD17B7', 'rplV', 'BPHL', 'CYP4A11', 'STK32A', 'ligA', 'MGEA5', 'MAP3K3', 'INSRR', 'SIGMAR1', 'CA3', 'PPP3R2', 'ABO', 'GABRA1', 'kasA', 'rtcA', 'IDO1', 'PSG5', 'slt', 'LRAT']
DTPG0000115	['pccB', 'oprD', 'TAB1', 'SCN3A', 'lacA', 'der', 'DDR1', 'KRTAP5-2', 'NOLC1', 'hld', 'MT-ND2', 'MBL2', 'CSNK2B', 'ureC', 'PPIB', 'pgl', 'GPHN', 'tyrB', 'mutL', 'ARPC2']
DTPG0000116	['speE', 'CYTH3', 'NR1I3', 'cag-alfa', 'gyrA', 'TPO', 'PDE8A', 'arsA', 'TAOK3', 'NR3C2', 'pobA', 'lipA', 'pldA', 'NS5A', 'LGALS1', 'SCNN1B', 'cmoA', 'NOX1', 'CA5B', 'YES1']
DTPG0000117	['A1BG', 'ANTXR2', 'doxG', 'S1PR3', 'DIO3', 'fabH', 'qbdA', 'MATK', 'pph', 'fabF', 'ENPEP', 'MAPK3', 'KAT2B', 'pheT', 'HNRNPH1', 'ATP5C1', 'sdhB', 'EPHB6', 'nanC', 'FHIT']
DTPG0000118	['GABRG2', 'dnaQ', 'CCND1', 'PIK3R3', 'GLYAT', '43', 'NOD2', 'rnz', 'SLC6A3', 'CHRM4', 'SLC22A8', 'KAT5', 'KCNN4', 'PROCR', 'CNR2', 'MMP21', 'wecB', 'AQP1', 'HAPLN3', 'thiE']
DTPG0000119	['IGLL1', 'APOE', 'GABRP', 'ADCYAP1', 'NDUFV3', 'HM13', 'RHO1', 'APOA2', 'PPIG', 'MAPK7', 'NCOA1', 'COMT', 'CA8', 'FGF2', 'CARS', 'F12', 'CACNA2D2', 'aldH', 'petC', 'blaSHV']
DTPG0000120	['GSTK1', 'PLA2G10', 'CACNA1S', 'RIPK2', 'NQO1', 'yvyI', 'HNF4G', 'nisZ', 'EEF1A1L14', 'PTPRS', 'CALR', 'TUBB1', 'SLC1A2', 'SMPD3', 'ITGA2B', 'MMP7', 'IRGC', 'PAPOLA', 'cyp158a2', 'PRKACB']
DTPG0000121	['SV2A', 'OGDH', 'ABCC4', 'mrcA', 'SETD7', 'LPL', 'STK38', 'arsC', 'CASQ2', 'tesB', 'nfsA', 'fhuD', 'CHRNA2', 'SLC9A3', 'NDUFA3', 'aspC', 'LUM', 'MUT', 'miaA', 'S100A11']
DTPG0000122	['LHCGR', 'KCNH7', 'pac', 'COX5B', 'FOLR3', 'ABAT', 'GABRG3', 'CTSH', 'NMNAT1', 'acdS', 'RORB', 'GPBAR1', 'gmm', 'mgtA', 'aguA', 'HDAC9', 'EIF4E', 'CFD', 'CTH', 'BMP2K']
DTPG0000123	['CRHR1', 'BDKRB1', 'lat', 'SLC15A2', 'PPP1CC', 'DNMT1', 'CASP8', 'PTH', 'TARS2', 'SAR1B', 'PLCD1', 'celA', 'rhaA', 'sdhA', 'CD33', 'fdnI', 'DGKD', 'TGFB2', 'ATP2A1', 'KCNMA1']
DTPG0000124	['DAM', 'morB', 'tdk', 'hcp', 'HCRTR1', 'ACHE', 'HRNR', 'nprS', 'GLS2', 'pfkA', 'DMPK', 'KCNQ1', 'LYVE1', 'CALCA', 'CHRNA7', 'rpsG', 'SLCO2B1', 'MTHFD2', 'GABRB1', 'lipB']
DTPG0000125	['PHYH', 'AADAT', 'potF', 'ODC1', 'NS3/4A', 'PKIA', 'SLC5A6', 'ROS1', 'ahcY', 'GLP1R', 'SRPK2', 'sulI', 'CSK', 'Sec31p', 'nox', 'PLK4', 'CDK7', 'ugl', 'acpS', 'MUC16']
DTPG0000126	['PLK1', 'ANPEP', 'dacC', 'CYP19A1', 'cydC', 'MAPK15', 'TXN', 'PTPN1', 'PROS1', 'PSPH', 'ompX', 'malP', 'PDE6G', 'rpsL', 'PAEP', 'ZFY', 'SCTR', 'NEU2', 'opmA', 'UL54']
DTPG0000127	['ung', 'EEA1', 'fucI', 'IGF1R', 'lacG', 'RDH5', 'PFKFB1', 'KRT6A', 'GPX4', 'GNAI1', 'narH', 'CYP2A6', 'celCCF', 'dlgD', 'pepV', 'GCLM', 'MAP3K1', 'PRSS1', 'LSM6', 'C3']
DTPG0000128	['GABRR2', 'gag-pro-pol', 'cmaA1', 'HTR2A', 'bla', 'lacY', 'NDUFA13', 'SLC25A5', 'RPSA', 'RELA', 'rpsI', 'PPP2R1A', 'amiC', 'SLC22A11', 'UCKL1', 'ACOT13', 'atpH', 'B4GALT1', 'C8A', 'ddlA']
DTPG0000129	['GPR18', 'ymdB', 'ASIC3', 'CPB1', 'spoII', 'FBN2', 'EGLN2', 'CACNA2D3', 'POLA2', 'UPP1', 'MMP26', 'pgmB', 'GLIPR1', 'THYA', 'aroQ', 'KRT1', 'MINK1', 'assT', 'TUBB3', 'blaUOE-1']
DTPG0000130	['pheS', 'HTR1D', 'PDE11A', 'HRG', 'rhaD', 'DYRK1B', 'PPARD', 'CSNK2A2', 'ACTA2', 'OPLAH', 'AK8', 'RPL10', 'SMPD1', 'trpS2', 'ABCC8', 'CALCRL', 'LIMK2', 'NUAK2', 'ITGB4', 'tgt']
DTPG0000131	['IMPG2', 'RPS28', 'RPS18', 'ponB', 'pbp2', 'IFNGR1', 'SLC22A12', 'celB', 'GPR55', 'PDE6H', 'CACNA2D1', 'glpG', 'CD3G', 'UCHL1', 'dld', 'HLA-B', 'hmcA', 'IDH3A', 'ybiV', 'APOC2']
DTPG0000132	['RRM2', 'csd', 'GRIK5', 'bgl3', 'EFTUD1', 'icl', 'DGAT2', 'SLC7A7', 'VCAN', 'GGACT', 'MAP3K19', 'CTSL', 'MT-ND6', 'CEL', 'budC', 'azoR', 'AFM', 'CD3E', 'PRG2', 'DGKG']
DTPG0000133	['METAP2', 'CD274', 'GRM3', 'qheDH', 'SERPINB5', 'RIOK3', 'botF', 'EHHADH', 'pcaH', 'KCNK9', 'TLR7', 'KLKB1', 'GLYATL1', 'actVA 6', 'pheA', 'cat3', 'TNNC1', 'STAT3', 'PPP2CA', 'NMRAL1']
DTPG0000134	['IGKV1-17', 'LDHAL6B', 'ABCC5', 'CSF2RB', 'CYP1A1', 'L1', 'pntB', 'TPSAB1', 'MAP3K10', 'MGMT', 'nef', 'GSK3A', 'PAICS', 'ENO3', 'DNMT3B', 'ndx4', 'uao', 'IRAK3', 'amy', 'NDUFS2']
DTPG0000135	['GCGR', 'lacI', 'AFG3L2', 'ompA', 'PNLIP', 'MET', 'CKM', 'ATF1', 'GUCY1B1', 'HSD17B2', 'FST', 'prx', 'GHRHR', 'LMAN1', 'cirA', 'SGK3', 'MMP20', 'gcdA', 'PHYKPL', 'fksA']
DTPG0000136	['PGF', 'ITGB3', 'CYB5R3', 'AOX1', 'GAK', 'FADS2', 'otsA', 'FCGR2A', 'STK26', 'PDE4C', 'FUBP1', 'ADCY2', 'HSD3B1', 'lolB', 'LAMA1', 'GRIN3B', 'PADI3', 'UQCRC1', 'SLC7A1', 'STMN4']
DTPG0000137	['TAS2R16', 'PF4', 'fdnG', 'EEF1A1', 'RDH13', 'cbiF', 'guaB', 'AQP3', 'GC', 'CACNA1C', 'BMPR2', 'lysA', 'HTR4', 'XRCC4', 'ACS3', 'apr', 'ISYNA1', 'ADH4', 'GPX7', 'menC']
DTPG0000138	['LIG1', 'CYP51A1', 'CLEC4E', 'def2', 'hdaH', 'ABCC9', 'hylB', 'ALAS1', 'ENG', 'frdD', 'ACSL4', 'murG', 'ESR2', 'DAPK3', 'ninB', 'OBP2A', 'SSTR3', 'PSMB7', 'CDKN1A', 'QPRT']
DTPG0000139	['UGT1A9', 'ECE1', 'yvbK', 'DIABLO', 'C1QB', 'cc4', 'TNFRSF9', 'TRM3', 'carA', 'CAMK1G', 'ksi', 'mrsA', 'HK', 'KCNJ8', 'licT', 'ADRBK2', 'TSPO', 'rnhA', 'PLAUR', 'GSTM2']
DTPG0000140	['FGF19', 'PDE5A', 'KCNA4', 'SMPD4', 'hisC', 'cefE', 'PTGS2', 'MYL12A', 'GLRA2', 'GAD65', 'CYP17A1', 'EIF2AK4', 'botG', 'MAP1A', 'murE', 'xyn10C', 'XPO1', 'ERBB2', 'EPHX2', 'CDC60']
DTPG0000141	['EZH2', 'MAPK1', 'CFI', 'fkbI', 'PSMB10', 'SARS', 'ispF', 'EPHA3', 'prcA', 'thiM', 'fcbC', 'CP', 'SLC7A8', 'ALOX15', 'dapB', 'L3MBTL1', 'ABCA1', 'NAE1', 'PIK3CB', 'MT-ND1']
DTPG0000142	['CFB', 'NUDT9', 'RAB8B', 'C1QBP', 'gp41', 'HNMT', 'ITGAX', 'B3GAT3', 'NR1H3', 'CADPS2', 'pcm', 'MT1A', 'MED1', 'ADRA1A', 'glf', 'SRP14', 'por', 'rpsM', 'MAT2A', 'nirS']
DTPG0000143	['trpB', 'abfD', 'FAP', 'FCGR3B', 'ASS', 'KCNC4', 'AARS2', 'estB', 'TPMT', 'EBP', 'RDH11', 'AK2', 'FURIN', 'GRM7', 'HSD11B2', 'FARSB', 'folP', 'glpK', 'PIN1', 'ADRB2']
DTPG0000144	['NDUFA8', 'C8G', 'GPR119', 'PEF1', 'tesA', 'PLK3', 'ST14', 'panB', 'ARL1', 'ROCK1', 'PGA5', 'RPL15', 'GABRR1', 'frp', 'fni', 'ESRRG', 'FXYD2', 'tetX', 'maf', 'petL']
DTPG0000145	['RPS6KA4', 'GPD1', 'NDUFAB1', 'STAT5B', 'coaA', 'TUBA1C', 'bioF', 'GLRX', 'GABBR1', 'lfrR', 'MMP14', 'lacZ', 'IGFBP3', 'KRTAP5-3', 'UQCR11', 'MDM2', 'metE', 'PRODH', 'pks18', 'cyp102A1']
DTPG0000146	['rpl2', 'F2', 'tnp', 'IL2', 'PBP1', 'TBXA2R', 'bioD', 'PPP3CA', 'CACNG2', 'PPP5C', 'ADRA2B', 'ATP6V0A1', 'CAMK1D', 'MTR', 'MOD', 'NDUFA10', 'DNMT3A', 'HADHA', 'TUBA8', 'ushA']
DTPG0000147	['IL6', 'INCENP', 'SPHK2', 'TRPV3', 'CASP1', 'CELA1', 'NPY2R', 'NR5A1', 'actIII', 'PRKD1', 'SEC14L2', 'ATP6V1A', 'cqsA', 'mrcB', 'carAc', 'HTR5A', 'TOP1', 'NDUFS1', 'RXRB', 'CD4']
DTPG0000148	['HRH2', 'POLB', 'ABL1', 'HSPA13', 'rpsE', 'rfbE', 'HDAC2', 'glmS', 'APH1A', 'EPHA2', 'nspA', 'IGLV3-21', 'ITIH1', 'azu', 'ompC', 'GUCY2C', 'recA', 'ESRRA', 'SLC16A2', 'gpt']
DTPG0000149	['PSMA5', 'm-6', 'hyuA', 'MYH9', 'IL3', 'AKR1C4', 'SOD3', 'PLOD2', 'pdc', 'MC5R', 'TAT', 'LCK', 'hex', 'CXCL8', 'TUBD1', 'prmC', 'KCNN2', 'SLC25A6', 'KIF1A', 'SRC']
DTPG0000150	['pyrDA', 'KRT16', 'glnA', 'hemH', 'ifcA', 'metG', 'HEPHL1', 'dadX', 'CA14', 'KARS', 'MKL1', 'NCOA2', 'PTK6', 'ALDH3B1', 'ETFDH', 'choB', 'acrB', 'ptsP', 'PDE9A', 'fcbB']
DTPG0000151	['CD1A', 'bphC', 'rep', 'MTNR1A', 'nir', 'F10', 'NMT2', 'SH2B3', 'PIK3R1', 'GART', 'MT-ATP6', 'HAO2', 'TSLP', 'sseA', 'NDUFV1', 'SLC5A2', 'FOLH1', 'HDGF', 'VIM-2', 'tsx']
DTPG0000152	['stx2eB', 'luxF', 'chxA', 'pab', 'dsbC', 'PIK3C3', 'PTGES3', 'TRAPPC1', 'YWHAQ', 'KCNK3', 'CTLA4', 'KYNU', 'ITK', 'RETSAT', 'cybC', 'adiC', 'CACNG1', 'IGHG1', 'S100A16', 'GRM4']
DTPG0000153	['fccA', 'RORA', 'PRKCA', 'CAMK2G', 'HSPE1', 'SRMS', 'ppx', 'petN', 'TREM1', 'IGHA2', 'SLC22A6', 'ARF6', 'HNRNPK', 'VIM', 'IL5RA', 'KCNN3', 'algC', 'comB', 'FER', 'PTDSS2']
DTPG0000154	['ACP1', 'RPS6KA6', 'tkt2', 'ARPC5', 'ELANE', 'kpsU', 'ART1', 'GGPS1', 'EPHA7', 'LTB4R', 'L1CAM', 'HTR3A', 'ecdB', 'ams', 'SHMT1', 'NDUFV2', 'C1R', 'ACAT2', 'ACVR2A', 'CYP3A7']
DTPG0000155	['Kcnma1', 'MB', 'GABRB2', 'AOC1', 'cobD', 'CAPS', 'CCL2', 'SPTLC3', 'PTGDR2', 'VKORC1L1', 'aroG', 'LGALS3', 'DBI', 'gapN', 'AADACL2', 'KDM1A', 'narI', 'CSNK1G1', 'fldA', 'SCNN1D']
DTPG0000156	['glmU', 'AHR', 'IGHG4', 'STK17A', 'CYP26B1', 'TBXAS1', 'fadL', 'LCT', 'PPP2R5C', 'FADS1', 'nrdB', 'ITGB7', 'PADI6', 'TPM3', 'cdd', 'TOP2A', 'MTNR1B', 'rffH', 'PNLIPRP2', 'manA']
DTPG0000157	['rpsO', 'G', 'F3', 'AR', 'ACTR2', 'cel5A', 'IGHE', 'UQCRC2', 'TUBB2A', 'GAMT', 'FTO', 'DGKA', 'GJA1', 'dhbE', 'GUCA1A', 'RIOK1', 'aly', 'rbsK', 'CRAT', 'recQ']
DTPG0000158	['SMOX', 'ATR', 'M', 'unc-29', 'CKB', 'KCNJ12', 'COX6B1', 'CALY', 'P2RY2', 'GLYATL2', 'FGF1', 'LYZ', 'F13B', 'ffh', 'MS4A1', 'HPGD', 'tenA', 'SAP2', 'GCH1', 'GluClX']
DTPG0000159	['ADRBK1', 'ADSSL1', 'SLC25A13', 'cheA', 'CYBB', 'sud', 'POL', 'mauB', 'AMY1A', 'DAGLA', 'deoD', 'FCGR2C', 'SEMG2', 'MYC', 'HTR6', 'ATP6V1C1', 'NME2', 'PARP15', 'ccpA', 'SPARC']
DTPG0000160	['guaD', 'HCAR3', 'HSD17B11', 'ARL3', 'RPS6KA1', 'PAK4', 'SLC25A4', 'FCGR1A', 'NR3C1', 'TFF2', 'LGALS7', 'abfA', 'NDUFB7', 'tenI', 'blaVIM-2', 'CENPE', 'ATP5O', 'hasB', 'CFTR', 'UBC']
DTPG0000161	['psbA1', 'pagA', 'KLK6', 'TPM1', 'TAAR1', 'CLEC3B', 'CHRNA9', 'MAPT', 'map', 'S gene', 'P2RY12', 'POMC', 'CALM2', 'nikA', 'NOS2', 'CA4', 'HIPK3', 'NECTIN4', 'udg', 'NDUFB5']
DTPG0000162	['camA', 'PRDX5', 'purA', 'HNF1A', 'KCNJ1', 'RAB9A', 'SLC29A1', 'MARCO', 'nadC', 'traF', 'P3H1', 'RHOA', 'arcA', 'CPN1', 'dhlB', 'SLC1A6', 'SLC12A4', 'PGAM2', 'PHB', 'FCER1G']
DTPG0000163	['ALDH5A1', 'mdlA', 'tpl', 'TYK2', 'pabB', 'nahD', 'CHRNA5', 'SPTLC1', 'mdfA', 'RIPK4', 'ACTG1', 'CYP2D6', 'fbpC', 'MAPKAPK3', 'APLP1', 'KCNJ11', 'COX7A1', 'B3GAT1', 'HS3ST3A1', 'GSN']
DTPG0000164	['UGT3A1', 'SLC16A4', 'GP9', 'TRPV4', 'SIK3', 'MT2A', 'SF1', 'PLIN3', 'HDAC10', 'GNRHR', 'RAB7A', 'licC', 'TPI1', 'GAST', 'cyp130', 'AIFM1', 'GRIN1', 'KCNQ5', 'MGP', 'LCTL']
DTPG0000165	['LAP3', 'CSRP1', 'glsA1', 'SLCO1B1', 'CRK2', 'rpsR', 'FNTB', 'pdaA', 'sqr', 'kaiB', 'MAT1A', 'KCNB2', 'pepP', 'PAK1', 'cit', 'GM2A', 'GRIA3', 'MMP24', 'GSK3B', 'GNPDA1']
DTPG0000166	['paiA', 'bacB', 'IKBKE', 'ANO1', 'WARS', 'fhuA', 'HMGCR', 'SLC18A1', 'coaE', 'MAP3K15', 'sdsA1', 'MMP12', 'MGAM', 'gudD', 'PARK7', 'dapA', 'pdxH', 'CTDSP1', 'acma', 'EIF3F']
DTPG0000167	['CIT', 'obg', 'ispA', 'ULK1', 'LARS2', 'rpsN', 'STK16', 'ompW', 'GABRA2', 'cenC', 'spsA', 'LAMB1', 'XOG1', 'fmoA', 'lhyD', 'IL2RA', 'MT-ND4', 'CCR2', 'TRM2', 'NR2F1']
DTPG0000168	['SELE', 'GLP2R', 'F2RL3', 'NOMO1', 'GSTA1', 'FOLR1', 'PTEN', 'FTL', 'arnA', 'pcaG', 'ptd', 'SULT2B1', 'SLC7A11', 'NRXN1', 'CPB2', 'HOXA10', 'CLU', 'TUBA3E', 'murC', 'ASS1']
DTPG0000169	['SKP1', 'IRS1', 'H45', 'GSTM1', 'algQ1', 'celH', 'NPEPPS', 'pufL', 'NDUFB10', 'NPC1L1', 'exaA', 'MYH11', 'ADORA1', 'NPPB', 'GRIA2', 'WEE1', 'PARS2', 'SLC2A2', 'SLC18A2', 'ALB']
DTPG0000170	['guaA', 'GRIA1', 'fptA', 'RPS9', 'folK', 'HNRNPH3', 'SLK', 'DARS2', 'ADA', 'GIG18', 'botD', 'JAK3', 'lev-1', 'PIK3C2G', 'blaIMP-1', 'CYSLTR2', 'SFPQ', 'TAGLN2', 'ANGPT2', "ermC'"]
DTPG0000171	['rpiA', 'HCRTR2', 'JUP', 'PDCD1', 'mauA', 'MMP28', 'cheY', 'S1PR4', 'ADH1C', 'SNRPA', 'TNNC2', 'MAN1B1', 'SCNN1A', 'PB1', 'cysJ', 'IGHV3-23', 'aauA', 'SCO1', 'CPT1A', 'blaR1']
DTPG0000172	['cycP', 'TNFRSF1A', 'KIF2C', 'NAPEPLD', 'CA11', 'SPTLC2', 'pyp', 'CPE', 'hisG', 'SEC14L4', 'PDE1B', 'MMP3', 'SLC1A4', 'ACE2', 'NARS', 'BCR', 'CCKBR', 'cbaD', 'HIF1A', 'ycdX']
DTPG0000173	['ridA', 'HCN2', 'RPL26L1', 'ntd', 'PRKAA1', 'SUCNR1', 'NEIL2', 'ADAM9', 'camC', 'MOCOS', 'KCND3', 'DUT', 'GSTT1', 'TRAC', 'lpdA', 'ALOX5', 'trpC', 'BPI', 'CCR5', 'HPN']
DTPG0000174	['NOS3', 'IL15', 'MKNK1', 'hemB', 'CYSLTR1', 'MIF', 'FECH', 'blm', 'rpsT', 'DNTT', 'POR', 'PGR', 'GSTA4', 'PDGFD', 'HLA-DRA', 'ARL2', 'vapA', 'CACNB1', 'NT5C2', 'PSMA1']
DTPG0000175	['EGLN3', 'SCYL1', 'araC', 'PTGR2', 'IL13', 'RIC3', 'ULK3', 'SRD5A1', 'HDAC8', 'MYL6B', 'PTK2', 'PYCR2', 'AMD1', 'PTGFR', 'NT5M', 'rocF', 'FNTA', 'EPHA6', 'dmsA', 'ACSS2']
DTPG0000176	['PLAU', 'rpsP', 'RIOK2', 'FBXO41', 'CHP1', 'RPS6KA3', 'pufC', 'PAH', 'CAMK2B', 'AGT', 'oppA', 'ALDOA', 'SDHD', 'HSPA8', 'TGM2', 'S100A12', 'LDHAL6A', 'punA', 'ctaD', 'bont/a']
DTPG0000177	['lasR', 'UGT1A1', 'GRIA4', 'UTRN', 'ESD', 'PDE3B', 'dnaX', 'clpX', 'TGFBR2', 'celC307', 'CDC42', 'MMP17', 'NS5b', 'CAPN3', 'CDK15', 'hsaD', 'SMO', 'blaZ', 'ADGRD1', 'PCSK9']
DTPG0000178	['TRM1', 'GABRB3', 'PTGS1', 'LEF1', 'eryF', 'MGST1', 'aac', 'recR', 'POLK', 'estA', 'VAMP2', 'CACNA1F', 'BDKRB2', 'HRH1', 'MUC1', 'CCDC51', 'rnaSA', 'HDAC3', 'HIST1H1E', 'PKMYT1']
DTPG0000179	['rpsK', 'HDC', 'S100A2', 'IMPDH2', 'aroD', 'IGF1', '9', 'TNFRSF8', 'PTGDS', 'fadH', 'CYB5R1', 'PLOD1', 'cat', 'ASNA1', 'def', 'DMC1', 'carC', 'MSLN', 'HMOX2', 'PML']
DTPG0000180	['UL80', 'gag', 'rsrIM', 'TLH6', 'KRT10', 'UBR4', 'NCOA5', 'SORD', 'dcd', 'TK1', 'MSDC', 'phyA', 'ipdC', 'CSTB', 'CCL3', 'luxS', 'WARS2', 'kynU', 'KISS1R', 'mglB']
DTPG0000181	['GDNF', 'fixL', 'gmhA', 'DRD4', 'SLC1A3', 'allC', 'EZH1', 'LALBA', 'CYP24A1', 'CREBBP', 'LEPR', 'HRH4', 'SLC25A15', 'trmL', 'nirK', 'PCCA', 'CEACAM5', 'SLC1A1', 'RPS19', 'OPRD1']
DTPG0000182	['fadR', 'A1', 'gap', 'GLUL', 'FLT3', 'dac', 'UGI', 'TNFSF13B', 'PLA2G2D', 'RANBP1', 'SDSL', 'phzG', 'Unc13b', 'proX', 'GSG2', 'PSMA3', 'pdh', 'UQCRFS1', 'ncsA', 'KCNK1']
DTPG0000183	['TSHR', 'PTGER1', 'DECR1', 'PIK3CA', 'gpmI', 'NDUFA7', 'galT', 'blaNDM-1', 'AGTR2', 'SLC10A2', 'SRI', 'sigA1', 'ARF4', 'Tcdut', 'TRAPPC3', 'OXCT1', 'NRIP1', 'rpmF', 'pikAIV', 'hutH']
DTPG0000184	['SLC22A7', 'ctaDII', 'cex', 'rdmB', 'GLT6D1', 'envZ', 'gtfA', 'ppiA', 'CLK4', 'zwf', 'F9', 'MDH2', 'pqqC', 'PTPRB', 'PSMB2', 'HSPA2', 'folB', 'PSMB3', 'ohr', 'NOV']
DTPG0000185	['CSNK1G2', 'kdsB', 'KCNC1', 'ALDH6A1', 'LGALS9', 'PIM3', 'rplA', 'AMT', 'PAK6', 'ASPG', 'MSP-1', 'C4B', 'TNFRSF1B', 'vatD', 'SRD5A2', 'ACTA1', 'SIK2', 'RPS13', 'HTR1A', 'ALPP']
DTPG0000186	['IQGAP1', 'LAMA5', 'MTTP', 'ABCB5', 'SLC29A4', 'PTK2B', 'APOC3', 'PKN1', 'ADH1A', 'sdhC', 'TUBA1B', 'Aaar', 'nrdF', 'PPARA', 'ABL', 'PSMA7', 'ISG20', 'CRBN', 'ALDH1B1', 'SMS']
DTPG0000187	['HA', 'PITPNA', 'ABCG1', 'rfbG', 'LAMA3', 'MRC1', 'COMTD1', 'RABGGTA', 'FSHR', 'mtdA', 'UMPS', 'MCCC2', 'NR1H4', 'AANAT', 'ceaS', 'MERTK', 'ITPKA', 'DPEP1', 'F11', 'cmaA2']
DTPG0000188	['B1', 'KCNJ9', 'lecB', 'yedY', 'NPY', 'UQCRB', 'BCHE', 'DPYD', 'CTSV', 'nudE', 'SLC12A1', 'embB', 'ARG1', 'STK38L', 'deoC', '42', 'AAK1', 'TPK1', 'PFKFB4', 'SELPLG']
DTPG0000189	['astB', 'glnG', 'phnA', 'GLIPR2', 'tpx', 'POLE', 'RPL37', 'amyA', 'CYP26C1', 'CYP11B1', 'ENO1', 'parE', 'gpmA', 'NTRK1', 'cca', 'frdB', 'SLAMF7', 'ATP5A1', 'PSMA6', 'PSMB8']
DTPG0000190	['fucO', 'HGPRTase', 'CLK1', 'vhb', 'IFNGR2', 'IGHV1-2', 'ppc', 'SCGB1A1', 'CCR4', 'SLC25A2', 'ADAM28', 'blaCTX-M-9a', 'NDUFA9', 'ENO', 'CNGA1', 'PZP', 'CDK9', 'SERPINB9', 'fgs', 'lpd']
DTPG0000191	['CETP', 'nrdE', 'GPX1', 'fabG', 'GPER1', 'FLT4', 'MAP2K6', 'PDHA1', 'rph', 'AZIN2', 'ALDH9A1', 'PPP2R2A', 'adh', 'HLA-A', 'pcaB', 'CLC', 'SLC16A5', 'PPIF', 'DRD2', 'EPX']
DTPG0000192	['GMDS', 'EPCAM', 'ARPC3', 'ULK2', 'KCNA2', 'AUR1', 'ASPH', 'SAT1', 'TEK', 'ANXA5', 'DCLK3', 'mop', 'GLRA1', 'ATM', 'HDAC1', 'EDNRA', 'CD1D', 'mgsA', 'IGFALS', 'benC']
DTPG0000193	['ACACB', 'FLT1', 'PLD1', 'IGSF10', 'pvuIIM', 'PSMB4', 'PLCL1', 'SELP', 'UROD', 'SLC6A13', 'HIPK2', 'NDUFB9', 'HMGCL', 'CD44', 'CTSK', 'pol', 'DNApol', 'CLIC1', 'hlgB', 'SIRT3']
DTPG0000194	['NDUFC2', 'PGAM1', 'COQ8B', 'SHMT2', 'PARP1', 'AK1', 'PVR', 'ATP1A2', 'S100A1', 'UBA1', 'hpd', 'gadA', 'NFKB1', 'FCGR2B', 'ACSS1', 'traM', 'RPL14', 'TNIK', 'APOB', 'PLA2G6']
DTPG0000195	['tbuX', 'CACNA1H', 'RNASE4', 'IMPDH1', 'FFAR1', 'aceE', 'CLCNKA', 'ADH1B', 'TCN1', 'PIK3R2', 'neuA', 'atsA', 'fcl', 'TTK', 'CES1P1', 'isiB', 'SF3B3', 'KCNA7', 'CBS', 'GSTM3']
DTPG0000196	['S100A8', 'orf1ab', 'SCN4A', 'YWHAB', 'IGHA1', 'CHEK2', 'DHCR7', 'DCLK1', 'PTH2R', 'TPT1', 'mvaA', 'NQO2', 'GAD1', 'pleD', 'sdhD', 'NDUFA5', 'gag-pol', 'EARS2', 'MAP2K5', 'NEK2']
DTPG0000197	['DDX6', 'OXA-48', 'trpA', 'SIGLEC7', 'ftsY', 'OBP-1', 'UCK2', 'mxiM', 'IFNA2', 'tmk', 'ubiC', 'SCN9A', 'LPA', 'SRSF1', 'CACNA1A', 'SNAP25', 'aqpZ', 'carAa', 'SLC9A1', 'pta']
DTPG0000198	['PDCD6', 'HN', 'PRKCI', 'S100A13', 'PRKCB', 'ITPR1', 'KCNB1', 'MAP3K11', 'PYCR1', 'NGF', 'lipJ', 'MTF1', 'TXNRD2', 'IGHG2', 'NFS1', 'EIF4A1', 'LDHC', 'PYGM', 'ddl', 'VEGFA']
DTPG0000199	['CD70', 'hdhA', 'HPD', 'ACAN', 'CELA2A', 'SLC16A3', 'pepN', 'MTFMT', 'PGK1', 'ENOX2', 'linB']
