SMP0000278	['Lepirudin Action Pathway']
SMP0000474	['Cetuximab Action Pathway']
SMP0000277	['Bivalirudin Action Pathway']
SMP0000280	['Alteplase Action Pathway']
SMP0000284	['Urokinase Action Pathway']
SMP0000285	['Reteplase Action Pathway']
SMP0000281	['Anistreplase Action Pathway']
SMP0000283	['Tenecteplase Action Pathway']
SMP0000265	['Abciximab Action Pathway']
SMP0000266	['Eptifibatide Action Pathway']
SMP0000476	['Trastuzumab Action Pathway']
SMP0000282	['Streptokinase Action Pathway']
SMP0000420	['Bevacizumab Action Pathway']
SMP0000002	['Carbamoyl Phosphate Synthetase Deficiency']
SMP0000003	['Argininosuccinic Aciduria']
SMP0000004	['Glycine and Serine Metabolism']
SMP0000006	['Tyrosine Metabolism']
SMP0000009	['Ammonia Recycling']
SMP0000012	['Catecholamine Biosynthesis']
SMP0000016	['Propanoate Metabolism']
SMP0000020	['Arginine and Proline Metabolism']
SMP0000021	['Taurine and Hypotaurine Metabolism']
SMP0000024	['Porphyrin Metabolism']
SMP0000029	['Selenoamino Acid Metabolism']
SMP0000044	['Histidine Metabolism']
SMP0000058	['Starch and Sucrose Metabolism']
SMP0000072	['Glutamate Metabolism']
SMP0000137	['2-Methyl-3-hydroxybutryl-CoA Dehydrogenase Deficiency']
SMP0000139	['3-Methylglutaconic Aciduria Type I']
SMP0000173	['beta-Ketothiolase Deficiency']
SMP0000177	['Cystathionine beta-Synthase Deficiency']
SMP0000186	['Glutaric Aciduria Type I']
SMP0000188	['Guanidinoacetate Methyltransferase Deficiency (GAMT Deficiency)']
SMP0000191	['Histidinemia']
SMP0000218	['Tyrosinemia Type I']
SMP0000239	['Saccharopinuria/Hyperlysinemia II']
SMP0000339	['Hyperinsulinism-Hyperammonemia Syndrome']
SMP0000348	['Globoid Cell Leukodystrophy']
SMP0000360	['Hyperprolinemia Type II']
SMP0000361	['Hyperprolinemia Type I']
SMP0000370	['Tyrosinemia Type 3 (TYRO3)']
SMP0000429	['Disulfiram Action Pathway']
SMP0000465	['Carnitine Synthesis']
SMP0000033	['Methionine Metabolism']
SMP0000144	['Adenosine Deaminase Deficiency']
SMP0000168	['AICA-Ribosiduria']
SMP0000203	['Molybdenum Cofactor Deficiency']
SMP0000221	['Methionine Adenosyltransferase Deficiency']
SMP0000223	['Non-Ketotic Hyperglycinemia']
SMP0000244	['Sarcosinemia']
SMP0000427	['Azathioprine Action Pathway']
SMP0000430	['Thioguanine Action Pathway']
SMP0000432	['Methotrexate Action Pathway']
SMP0000513	['Xanthinuria Type II']
SMP0000724	['Folate Malabsorption, Hereditary']
SMP0000050	['Purine Metabolism']
SMP0000123	['Betaine Metabolism']
SMP0000210	['Purine Nucleoside Phosphorylase Deficiency']
SMP0000364	['Lesch-Nyhan Syndrome (LNS)']
SMP0000365	['Gout or Kelley-Seegmiller Syndrome']
SMP0000428	['Mercaptopurine Action Pathway']
SMP0000535	['Adenine Phosphoribosyltransferase Deficiency (APRT)']
SMP0000543	['Methylenetetrahydrofolate Reductase Deficiency (MTHFRD)']
SMP0002313	['Sarcosine Oncometabolite Pathway']
SMP0000053	['Folate Metabolism']
SMP0000167	['Adenylosuccinate Lyase Deficiency']
SMP0000179	['Dihydropyrimidine Dehydrogenase Deficiency (DHPD)']
SMP0000214	['S-Adenosylhomocysteine (SAH) Hydrolase Deficiency']
SMP0000247	['Azithromycin Action Pathway']
SMP0000249	['Clindamycin Action Pathway']
SMP0000250	['Erythromycin Action Pathway']
SMP0000255	['Kanamycin Action Pathway']
SMP0000256	['Neomycin Action Pathway']
SMP0000257	['Netilmicin Action Pathway']
SMP0000259	['Streptomycin Action Pathway']
SMP0000262	['Clomocycline Action Pathway']
SMP0000493	['Carnosinuria, Carnosinemia']
SMP0000711	['Tobramycin Action Pathway']
SMP0000726	['Rolitetracycline Action Pathway']
SMP0000248	['Clarithromycin Action Pathway']
SMP0000251	['Roxithromycin Action Pathway']
SMP0000254	['Gentamicin Action Pathway']
SMP0000293	['Oxytetracycline Action Pathway']
SMP0000294	['Tetracycline Action Pathway']
SMP0000713	['Arbekacin Action Pathway']
SMP0000715	['Methylhistidine Metabolism']
SMP0000730	['Troleandomycin Action Pathway']
SMP0000731	['Josamycin Action Pathway']
SMP0000007	['beta-Alanine Metabolism']
SMP0000252	['Telithromycin Action Pathway']
SMP0000253	['Amikacin Action Pathway']
SMP0000258	['Spectinomycin Action Pathway']
SMP0000290	['Demeclocycline Action Pathway']
SMP0000291	['Doxycycline Action Pathway']
SMP0000292	['Minocycline Action Pathway']
SMP0000327	['Phenytoin (Antiarrhythmic) Action Pathway']
SMP0000507	['L-Arginine:Glycine Amidinotransferase Deficiency']
SMP0014216	['Phosphatidylcholine Biosynthesis PC(14:0/14:0)']
SMP0014218	['Phosphatidylcholine Biosynthesis PC(14:0/15:0)']
SMP0014220	['Phosphatidylcholine Biosynthesis PC(14:0/16:1(9Z))']
SMP0014224	['Phosphatidylcholine Biosynthesis PC(14:0/18:2(9Z,12Z))']
SMP0014228	['Phosphatidylcholine Biosynthesis PC(14:0/20:0)']
SMP0014229	['Phosphatidylcholine Biosynthesis PC(14:0/20:1(11Z))']
SMP0014230	['Phosphatidylcholine Biosynthesis PC(14:0/20:2(11Z,14Z))']
SMP0014233	['Phosphatidylcholine Biosynthesis PC(14:0/20:4(5Z,8Z,11Z,14Z))']
SMP0014235	['Phosphatidylcholine Biosynthesis PC(14:0/20:5(5Z,8Z,11Z,14Z,17Z))']
SMP0014240	['Phosphatidylcholine Biosynthesis PC(14:0/22:5(4Z,7Z,10Z,13Z,16Z))']
SMP0014242	['Phosphatidylcholine Biosynthesis PC(14:0/22:6(4Z,7Z,10Z,13Z,16Z,19Z))']
SMP0000013	['Cysteine Metabolism']
SMP0000040	['Glycolysis']
SMP0000045	['Amino Sugar Metabolism']
SMP0000055	['Alanine Metabolism']
SMP0000242	['Dimethylglycine Dehydrogenase Deficiency']
SMP0000350	['Pyruvate Carboxylase Deficiency']
SMP0000385	['Homocarnosinosis']
SMP0000484	['Dimethylglycine Dehydrogenase Deficiency']
SMP0000485	['Hyperglycinemia, Non-Ketotic']
SMP0000531	['Glycogenosis, Type VII. Tarui Disease']
SMP0000534	['G(M2)-Gangliosidosis: Variant B, Tay-Sachs Disease']
SMP0000559	['Pyruvate Kinase Deficiency']
SMP0000560	['Phosphoenolpyruvate Carboxykinase Deficiency 1 (PEPCK1)']
SMP0000573	['Glycogenosis, Type IB']
SMP0000721	['3-Phosphoglycerate Dehydrogenase Deficiency']
SMP0000722	['Cystinosis, Ocular Nonnephropathic']
SMP0002295	['The Oncogenic Action of Fumarate']
SMP0002358	['The Oncogenic Action of L-2-Hydroxyglutarate in Hydroxygluaricaciduria']
SMP0000001	['Citrullinemia Type I']
SMP0000059	['Urea Cycle']
SMP0000127	['Glucose-Alanine Cycle']
SMP0000136	['2-Hydroxyglutric Aciduria (D and L Form)']
SMP0000205	['Ornithine Transcarbamylase Deficiency (OTC Deficiency)']
SMP0000243	['4-Hydroxybutyric Aciduria/Succinic Semialdehyde Dehydrogenase Deficiency']
SMP0000313	['Lactic Acidemia']
SMP0000352	['Primary Hyperoxaluria Type I']
SMP0000357	['Argininemia']
SMP0000206	['Phenylketonuria']
SMP0000008	['Phenylalanine and Tyrosine Metabolism']
SMP0000369	['Tyrosinemia Type 2 (or Richner-Hanhart Syndrome)']
SMP0000066	['Biotin Metabolism']
SMP0000138	['3-Hydroxy-3-methylglutaryl-CoA Lyase Deficiency']
SMP0000198	['Malonic Aciduria']
SMP0000200	['Methylmalonic Aciduria']
SMP0000374	['Glycogen Storage Disease Type 1A (GSD1A) or Von Gierke Disease']
SMP0000466	['Transfer of Acetyl Groups into Mitochondria']
SMP0000523	['Isobutyryl-CoA Dehydrogenase Deficiency']
SMP0000546	['Congenital Lactic Acidosis']
SMP0000547	['Fumarase Deficiency']
SMP0000548	['Mitochondrial Complex II Deficiency']
SMP0000549	['2-Ketoglutarate Dehydrogenase Complex Deficiency']
SMP0000562	['Fructose-1,6-diphosphatase Deficiency']
SMP0000563	['Triosephosphate Isomerase']
SMP0000567	['Succinic Semialdehyde Dehydrogenase Deficiency']
SMP0000654	['Warburg Effect']
SMP0002291	['The Oncogenic Action of 2-Hydroxyglutarate']
SMP0000032	['Valine, Leucine, and Isoleucine Degradation']
SMP0000140	['3-Methylglutaconic Aciduria Type III']
SMP0000141	['3-Methylglutaconic Aciduria Type IV']
SMP0000199	['Maple Syrup Urine Disease']
SMP0000201	['Methylmalonic Aciduria Due to Cobalamin-Related Disorders']
SMP0000236	['Propionic Acidemia']
SMP0000237	['3-Methylcrotonyl-CoA Carboxylase Deficiency Type I']
SMP0000238	['Isovaleric Aciduria']
SMP0014245	['Phosphatidylcholine Biosynthesis PC(14:1(9Z)/14:0)']
SMP0014248	['Phosphatidylcholine Biosynthesis PC(14:1(9Z)/16:0)']
SMP0014249	['Phosphatidylcholine Biosynthesis PC(14:1(9Z)/16:1(9Z))']
SMP0014255	['Phosphatidylcholine Biosynthesis PC(14:1(9Z)/18:3(9Z,12Z,15Z))']
SMP0014267	['Phosphatidylcholine Biosynthesis PC(14:1(9Z)/22:2(13Z,16Z))']
SMP0014272	['Phosphatidylcholine Biosynthesis PC(14:1(9Z)/24:0)']
SMP0014274	['Phosphatidylcholine Biosynthesis PC(15:0/14:0)']
SMP0014277	['Phosphatidylcholine Biosynthesis PC(15:0/16:0)']
SMP0014278	['Phosphatidylcholine Biosynthesis PC(15:0/16:1(9Z))']
SMP0014279	['Phosphatidylcholine Biosynthesis PC(15:0/18:0)']
SMP0014287	['Phosphatidylcholine Biosynthesis PC(15:0/20:1(11Z))']
SMP0014290	['Phosphatidylcholine Biosynthesis PC(15:0/20:3(8Z,11Z,14Z))']
SMP0014291	['Phosphatidylcholine Biosynthesis PC(15:0/20:4(5Z,8Z,11Z,14Z))']
SMP0014294	['Phosphatidylcholine Biosynthesis PC(15:0/22:0)']
SMP0014300	['Phosphatidylcholine Biosynthesis PC(15:0/22:6(4Z,7Z,10Z,13Z,16Z,19Z))']
SMP0014303	['Phosphatidylcholine Biosynthesis PC(16:0/14:0)']
SMP0000719	['2-Aminoadipic 2-Oxoadipic Aciduria']
SMP0000037	['Lysine Degradation']
SMP0000528	['Hyperlysinemia II or Saccharopinuria']
SMP0000564	['Multiple Carboxylase Deficiency, Neonatal or Early Onset Form']
SMP0000571	['Pyridoxine Dependency with Seizures']
SMP0000174	['Biotinidase Deficiency']
SMP0000527	['Hyperlysinemia I, Familial']
SMP0000362	['Arginine: Glycine Amidinotransferase Deficiency (AGAT Deficiency)']
SMP0000504	['Creatine Deficiency, Guanidinoacetate Methyltransferase Deficiency']
SMP0000505	['Hyperornithinemia with Gyrate Atrophy (HOGA)']
SMP0000067	['Aspartate Metabolism']
SMP0000175	['Canavan Disease']
SMP0000192	['Hypoacetylaspartia']
SMP0000207	['Prolidase Deficiency (PD)']
SMP0000208	['Prolinemia Type II']
SMP0000363	['Ornithine Aminotransferase Deficiency (OAT Deficiency)']
SMP0000506	['Hyperornithinemia-Hyperammonemia-Homocitrullinuria [HHH-syndrome]']
SMP0063777	['Nitric Oxide Signaling Pathway']
SMP0000030	['Oxidation of Branched-Chain Fatty Acids']
SMP0000170	['Aromatic L-Aminoacid Decarboxylase Deficiency']
SMP0000450	['Phytanic Acid Peroxisomal Oxidation']
SMP0002292	['The Oncogenic Action of Succinate']
SMP0000169	['Alkaptonuria']
SMP0000190	['Hawkinsinuria']
SMP0000451	['Refsum Disease']
SMP0000494	['Tyrosinemia, Transient, of the Newborn']
SMP0000497	['Tyrosine Hydroxylase Deficiency']
SMP0000498	['Dopamine beta-Hydroxylase Deficiency']
SMP0000533	['Monoamine Oxidase-A Deficiency (MAO-A)']
SMP0000445	['Spermidine and Spermine Biosynthesis']
SMP0000129	['Malate-Aspartate Shuttle']
SMP0000220	['Xanthine Dehydrogenase Deficiency (Xanthinuria)']
SMP0000512	['Xanthinuria Type I']
SMP0000536	['Mitochondrial DNA Depletion Syndrome']
SMP0000537	['Myoadenylate Deaminase Deficiency']
SMP0000126	['Phenylacetate Metabolism']
SMP0000046	['Pyrimidine Metabolism']
SMP0000202	['MNGIE (Mitochondrial Neurogastrointestinal Encephalopathy)']
SMP0000216	['Sialuria or French Type Sialuria']
SMP0000217	['Sialuria or French Type Sialuria']
SMP0000240	['Salla Disease/Infantile Sialic Acid Storage Disease']
SMP0000390	['Tay-Sachs Disease']
SMP0002298	['Glutaminolysis and Cancer']
SMP0002359	['The Oncogenic Action of D-2-Hydroxyglutarate in Hydroxygluaricaciduria']
SMP0000031	['Pentose Phosphate Pathway']
SMP0000051	['Fatty Acid Metabolism']
SMP0000060	['Pyruvate Metabolism']
SMP0000073	['Butyrate Metabolism']
SMP0000076	['Thiamine Metabolism']
SMP0000196	['Leigh Syndrome']
SMP0000212	['Pyruvate Dehydrogenase Complex Deficiency']
SMP0000334	['Pyruvate Decarboxylase E1 Component Deficiency (PDHE1 Deficiency)']
SMP0000018	['Alpha Linolenic Acid and Linoleic Acid Metabolism']
SMP0015056	['Phosphatidylethanolamine Biosynthesis PE(14:0/14:0)']
SMP0015057	['Phosphatidylethanolamine Biosynthesis PE(14:0/14:1(9Z))']
SMP0015058	['Phosphatidylethanolamine Biosynthesis PE(14:0/15:0)']
SMP0015062	['Phosphatidylethanolamine Biosynthesis PE(14:0/18:1(11Z))']
SMP0015063	['Phosphatidylethanolamine Biosynthesis PE(14:0/18:1(9Z))']
SMP0015074	['Phosphatidylethanolamine Biosynthesis PE(14:0/20:4(8Z,11Z,14Z,17Z))']
SMP0015077	['Phosphatidylethanolamine Biosynthesis PE(14:0/22:1(13Z))']
SMP0015078	['Phosphatidylethanolamine Biosynthesis PE(14:0/22:2(13Z,16Z))']
SMP0015084	['Phosphatidylethanolamine Biosynthesis PE(14:0/24:1(15Z))']
SMP0015086	['Phosphatidylethanolamine Biosynthesis PE(14:1(9Z)/14:1(9Z))']
SMP0015092	['Phosphatidylethanolamine Biosynthesis PE(14:1(9Z)/18:1(9Z))']
SMP0015094	['Phosphatidylethanolamine Biosynthesis PE(14:1(9Z)/18:3(6Z,9Z,12Z))']
SMP0015095	['Phosphatidylethanolamine Biosynthesis PE(14:1(9Z)/18:3(9Z,12Z,15Z))']
SMP0015097	['Phosphatidylethanolamine Biosynthesis PE(14:1(9Z)/20:0)']
SMP0015101	['Phosphatidylethanolamine Biosynthesis PE(14:1(9Z)/20:3(8Z,11Z,14Z))']
SMP0015103	['Phosphatidylethanolamine Biosynthesis PE(14:1(9Z)/20:4(8Z,11Z,14Z,17Z))']
SMP0015109	['Phosphatidylethanolamine Biosynthesis PE(14:1(9Z)/22:5(4Z,7Z,10Z,13Z,16Z))']
SMP0015112	['Phosphatidylethanolamine Biosynthesis PE(14:1(9Z)/24:0)']
SMP0015114	['Phosphatidylethanolamine Biosynthesis PE(15:0/14:0)']
SMP0015116	['Phosphatidylethanolamine Biosynthesis PE(15:0/15:0)']
SMP0015117	['Phosphatidylethanolamine Biosynthesis PE(15:0/16:0)']
SMP0015119	['Phosphatidylethanolamine Biosynthesis PE(15:0/18:0)']
SMP0015120	['Phosphatidylethanolamine Biosynthesis PE(15:0/18:1(11Z))']
SMP0015121	['Phosphatidylethanolamine Biosynthesis PE(15:0/18:1(9Z))']
SMP0000295	['Lymecycline Action Pathway']
SMP0000712	['Tigecycline Action Pathway']
SMP0000714	['Paromomycin Action Pathway']
SMP0000727	['Methacycline Action Pathway']
SMP0000728	['Lincomycin Action Pathway']
SMP0000729	['Chloramphenicol Action Pathway']
SMP0000716	['Thyroid Hormone Synthesis']
SMP0000071	['Ketone Body Metabolism']
SMP0000384	['Methylmalonate Semialdehyde Dehydrogenase Deficiency']
SMP0000070	['Riboflavin Metabolism']
SMP0000084	['Etodolac Action Pathway']
SMP0000085	['Ketoprofen Action Pathway']
SMP0000086	['Ibuprofen Action Pathway']
SMP0000096	['Celecoxib Action Pathway']
SMP0000101	['Suprofen Action Pathway']
SMP0000104	['Indomethacin Action Pathway']
SMP0000289	['Diflunisal Action Pathway']
SMP0000077	['Piroxicam Action Pathway']
SMP0000087	['Rofecoxib Action Pathway']
SMP0000093	['Diclofenac Action Pathway']
SMP0000094	['Sulindac Action Pathway']
SMP0000114	['Nabumetone Action Pathway']
SMP0000116	['Valdecoxib Action Pathway']
SMP0000183	['gamma-Glutamyltransferase Deficiency']
SMP0000500	['5-Oxoprolinase Deficiency']
SMP0000692	['Antipyrine Action Pathway']
SMP0000697	['Flurbiprofen Action Pathway']
SMP0000702	['Nepafenac Action Pathway']
SMP0000015	['Glutathione Metabolism']
SMP0000075	['Arachidonic Acid Metabolism']
SMP0000083	['Acetylsalicylic Acid Action Pathway']
SMP0000098	['Ketorolac Action Pathway']
SMP0000102	['Bromfenac Action Pathway']
SMP0000106	['Meloxicam Action Pathway']
SMP0000109	['Mefenamic Acid Action Pathway']
SMP0000113	['Oxaprozin Action Pathway']
SMP0000120	['Naproxen Action Pathway']
SMP0000143	['5-Oxoprolinuria']
SMP0000337	['Glutathione Synthetase Deficiency']
SMP0000447	['Cyclophosphamide Action Pathway']
SMP0000604	['Cyclophosphamide Metabolism Pathway']
SMP0000640	['Acetaminophen Metabolism Pathway']
SMP0014304	['Phosphatidylcholine Biosynthesis PC(16:0/14:1(9Z))']
SMP0014306	['Phosphatidylcholine Biosynthesis PC(16:0/16:0)']
SMP0014310	['Phosphatidylcholine Biosynthesis PC(16:0/18:1(9Z))']
SMP0000314	['Congenital Bile Acid Synthesis Defect Type II']
SMP0000501	['gamma-Glutamyltranspeptidase Deficiency']
SMP0000720	['27-Hydroxylase Deficiency']
SMP0000035	['Bile Acid Biosynthesis']
SMP0000524	['Isovaleric Acidemia']
SMP0000017	['Vitamin B6 Metabolism']
SMP0000503	['Hypophosphatasia']
SMP0000521	['3-Hydroxyisobutyric Acid Dehydrogenase Deficiency']
SMP0000522	['3-Hydroxyisobutyric Aciduria']
SMP0000063	['Tryptophan Metabolism']
SMP0000080	['Polythiazide Action Pathway']
SMP0000088	['Bumetanide Action Pathway']
SMP0000091	['Quinethazone Action Pathway']
SMP0000110	['Indapamide Action Pathway']
SMP0000121	['Trichlormethiazide Action Pathway']
SMP0000134	['Spironolactone Action Pathway']
SMP0000135	['Eplerenone Action Pathway']
SMP0000027	['Pantothenate and CoA Biosynthesis']
SMP0000078	['Chlorothiazide Action Pathway']
SMP0000090	['Bendroflumethiazide Action Pathway']
SMP0000097	['Ethacrynic Acid Action Pathway']
SMP0000103	['Cyclothiazide Action Pathway']
SMP0000108	['Hydroflumethiazide Action Pathway']
SMP0000122	['Chlorthalidone Action Pathway']
SMP0000133	['Amiloride Action Pathway']
SMP0000184	['Glucose Transporter Defect (SGLT2)']
SMP0000193	['Iminoglycinuria']
SMP0000452	['Threonine and 2-Oxobutanoate Degradation']
SMP0000010	['Nucleotide Sugars Metabolism']
SMP0000028	['Caffeine Metabolism']
SMP0000064	['Fructose and Mannose Degradation']
SMP0000068	['Androgen and Estrogen Metabolism']
SMP0000124	['Glycerol Phosphate Shuttle']
SMP0000181	['Ethylmalonic Encephalopathy']
SMP0000185	['Glutaric Aciduria Type I']
SMP0000187	['Glycerol Kinase Deficiency']
SMP0000222	['Glycine N-Methyltransferase Deficiency']
SMP0000235	['Short-Chain Acyl-CoA Dehydrogenase Deficiency (SCAD Deficiency)']
SMP0000316	['Zellweger Syndrome']
SMP0000074	['Retinol Metabolism']
SMP0000336	['Vitamin A Deficiency']
SMP0000099	['Lovastatin Action Pathway']
SMP0000111	['Cerivastatin Action Pathway']
SMP0000209	['Hypercholesterolemia']
SMP0000388	['Chondrodysplasia Punctata II, X-Linked Dominant (CDPX2)']
SMP0000389	['Smith-Lemli-Opitz Syndrome (SLOS)']
SMP0000510	['Mevalonic Aciduria']
SMP0000082	['Simvastatin Action Pathway']
SMP0000089	['Pravastatin Action Pathway']
SMP0000092	['Rosuvastatin Action Pathway']
SMP0000107	['Zoledronate Action Pathway']
SMP0000117	['Pamidronate Action Pathway']
SMP0000119	['Fluvastatin Action Pathway']
SMP0000319	['Lysosomal Acid Lipase Deficiency (Wolman Disease)']
SMP0000508	['Cholesteryl Ester Storage Disease']
SMP0000023	['Steroid Biosynthesis']
SMP0000079	['Ibandronate Action Pathway']
SMP0000095	['Alendronate Action Pathway']
SMP0000112	['Risedronate Action Pathway']
SMP0000131	['Atorvastatin Action Pathway']
SMP0000386	['Desmosterolosis']
SMP0000387	['CHILD Syndrome']
SMP0000509	['Hyper-IgD Syndrome']
SMP0000511	['Wolman Disease']
SMP0000011	['Inositol Metabolism']
SMP0000039	['Glycerolipid Metabolism']
SMP0000043	['Galactose Metabolism']
SMP0000057	['Citric Acid Cycle']
SMP0000128	['Gluconeogenesis']
SMP0000165	['Valsartan Action Pathway']
SMP0000154	['Ramipril Action Pathway']
SMP0000597	['Ramipril Metabolism Pathway']
SMP0000431	['Nicotine Action Pathway']
SMP0000628	['Nicotine Metabolism Pathway']
SMP0000301	['Esmolol Action Pathway']
SMP0000671	['Tramadol Action Action Pathway']
SMP0000637	['Tramadol Metabolism Pathway']
SMP0000299	['Betaxolol Action Pathway']
SMP0000261	['Ticlopidine Action Pathway']
SMP0000611	['Ticlopidine Metabolism Pathway']
SMP0000615	['Pantoprazole Metabolism Pathway']
SMP0000228	['Pantoprazole Action Pathway']
SMP0000118	['Torsemide Action Pathway']
SMP0000424	['Citalopram Action Pathway']
SMP0000627	['Citalopram Metabolism Pathway']
SMP0000081	['Methyclothiazide Action Pathway']
SMP0000642	['Nevirapine Metabolism Pathway']
SMP0000743	['Nevirapine  Action Pathway']
SMP0000326	['Fosphenytoin (Antiarrhythmic) Action Pathway']
SMP0000618	['Fosphenytoin (Antiarrhythmic) Metabolism Pathway']
SMP0000302	['Metoprolol Action Pathway']
SMP0000270	['Dicumarol Action Pathway']
SMP0000656	['Dicoumarol Action Pathway']
SMP0000378	['Isradipine Action Pathway']
SMP0000736	['Betazole Action Pathway']
SMP0000163	['Olmesartan Action Pathway']
SMP0000276	['Argatroban Action Pathway']
SMP0000325	['Disopyramide Action Pathway']
SMP0000328	['Lidocaine (Antiarrhythmic) Action Pathway']
SMP0000398	['Lidocaine (Local Anaesthetic) Action Pathway']
SMP0000620	['Lidocaine (Local Anaesthetic) Metabolism Pathway']
SMP0058891	['Clemastine H1-Antihistamine Action']
SMP0000636	['Venlafaxine Metabolism Pathway']
SMP0000406	['Morphine Action Pathway']
SMP0000405	['Codeine Action Pathway']
SMP0000623	['Heroin Metabolism Pathway']
SMP0000407	['Heroin Action Pathway']
SMP0000621	['Codeine Metabolism Pathway']
SMP0000622	['Morphine Metabolism Pathway']
SMP0000404	['Ropivacaine Action Pathway']
SMP0000393	['Bupivacaine Action Pathway']
SMP0000630	['Tenofovir Metabolism Pathway']
SMP0000287	['Tranexamic Acid Action Pathway']
SMP0000332	['Ibutilide Action Pathway']
SMP0000438	['Vindesine Action Pathway']
SMP0000635	['Valproic Acid Metabolism Pathway']
SMP0000710	['Acetaminophen  Action Pathway']
SMP0000473	['Gefitinib Action Pathway']
SMP0000410	['Hydromorphone Action Pathway']
SMP0000408	['Methadone Action Pathway']
SMP0000624	['Methadone Metabolism Pathway']
SMP0000298	['Atenolol Action Pathway']
SMP0000613	['Omeprazole Metabolism Pathway']
SMP0000226	['Omeprazole Action Pathway']
SMP0059058	['Cetirizine H1-Antihistamine Action']
SMP0060208	['Terfenadine H1-Antihistamine Action']
SMP0000359	['Diltiazem Action Pathway']
SMP0000647	['Thioguanine Metabolism Pathway']
SMP0058964	['Buclizine H1-Antihistamine Action']
SMP0000486	['DOPA-Responsive Dystonia']
SMP0000650	['Doxorubicin Metabolism Pathway']
SMP0000487	['Hyperphenylalaniemia Due to Guanosine Triphosphate Cyclohydrolase Deficiency']
SMP0000488	['Hyperphenylalaninemia Due to 6-Pyruvoyltetrahydropterin Synthase Deficiency (ptps)']
SMP0000005	['Pterine Biosynthesis']
SMP0000489	['Hyperphenylalaninemia Due to DHPR-Deficiency']
SMP0000490	['Segawa Syndrome']
SMP0000491	['Sepiapterin Reductase Deficiency']
SMP0000439	['Vinorelbine Action Pathway']
SMP0058803	['Doxylamine H1-Antihistamine Action']
SMP0000392	['Benzocaine Action Pathway']
SMP0000403	['Proparacaine Action Pathway']
SMP0000415	['Fentanyl Action Pathway']
SMP0000417	['Sufentanil Action Pathway']
SMP0000678	['Methadyl Acetate Action Pathway']
SMP0000680	['Dimethylthiambutene Action Pathway']
SMP0000689	['Dihydromorphine Action Pathway']
SMP0000690	['Ketobemidone  Action Pathway']
SMP0000400	['Oxybuprocaine Action Pathway']
SMP0000411	['Hydrocodone Action Pathway']
SMP0000412	['Oxymorphone Action Pathway']
SMP0000416	['Remifentanil Action Pathway']
SMP0000426	['Fluoxetine Action Pathway']
SMP0000672	['Propoxyphene Action Pathway']
SMP0000674	['Anileridine Action Pathway']
SMP0000679	['3-Methylthiofentanyl Action Pathway']
SMP0000683	['Levallorphan Action Pathway']
SMP0062885	['Mirtazapine H1-Antihistamine Action']
SMP0000469	['Capecitabine Action Pathway']
SMP0000607	['Capecitabine Metabolism Pathway']
SMP0000659	['Timolol Action Pathway']
SMP0000329	['Mexiletine Action Pathway']
SMP0000376	['Amlodipine Action Pathway']
SMP0000132	['Triamterene Action Pathway']
SMP0000380	['Nimodipine Action Pathway']
SMP0000371	['Congenital Lipoid Adrenal Hyperplasia (CLAH) or Lipoid CAH']
SMP0000575	['11-beta-Hydroxylase Deficiency (CYP11B1)']
SMP0000717	['Apparent Mineralocorticoid Excess Syndrome']
SMP0000372	['Adrenal Hyperplasia Type 5 or Congenital Adrenal Hyperplasia Due to 17 alpha-Hydroxylase Deficiency']
SMP0000577	['Corticosterone Methyl Oxidase I Deficiency (CMO I)']
SMP0000718	['3-beta-Hydroxysteroid Dehydrogenase Deficiency']
SMP0000130	['Steroidogenesis']
SMP0000373	['Adrenal Hyperplasia Type 3 or Congenital Adrenal Hyperplasia Due to 21-Hydroxylase Deficiency']
SMP0000566	['17-alpha-Hydroxylase Deficiency (CYP17)']
SMP0000576	['21-Hydroxylase Deficiency (CYP21)']
SMP0000578	['Corticosterone Methyl Oxidase II Deficiency (CMO II)']
SMP0000648	['Sorafenib Metabolism Pathway']
SMP0000381	['Nisoldipine Action Pathway']
SMP0057580	['Dexbrompheniramine H1-Antihistamine Action']
SMP0000272	['Enoxaparin Action Pathway']
SMP0000275	['Ardeparin Action Pathway']
SMP0000653	['Rosiglitazone Metabolism Pathway']
SMP0057581	['Triprolidine H1-Antihistamine Action']
SMP0059694	['Cyproheptadine H1-Antihistamine Action']
SMP0000603	['Gemcitabine Metabolism Pathway']
SMP0000446	['Gemcitabine Action Pathway']
SMP0000443	['Teniposide Action Pathway']
SMP0000602	['Teniposide Metabolism Pathway']
SMP0000614	['Lansoprazole Metabolism Pathway']
SMP0000227	['Lansoprazole Action Pathway']
SMP0060195	['Loratadine H1-Antihistamine Action']
SMP0000422	['Imipramine Action Pathway']
SMP0000625	['Imipramine Metabolism Pathway']
SMP0000706	['Tenoxicam Action Pathway']
SMP0000646	['Fluoxetine Metabolism Pathway']
SMP0000644	['Celecoxib Metabolism Pathway']
SMP0000660	['Sotalol Action Pathway']
SMP0000149	['Fosinopril Action Pathway']
SMP0000594	['Fosinopril Metabolism Pathway']
SMP0000747	['Zidovudine Action Pathway']
SMP0000409	['Oxycodone Action Pathway']
SMP0000655	['Phenindione Action Pathway']
SMP0000704	['Tolmetin Action Pathway']
SMP0000232	['Cimetidine Action Pathway']
SMP0000617	['Cimetidine Metabolism Pathway']
SMP0000286	['Aminocaproic Acid Action Pathway']
SMP0000157	['Trandolapril Action Pathway']
SMP0000599	['Trandolapril Metabolism Pathway']
SMP0000658	['Carteolol Action Pathway']
SMP0000105	['Metolazone Action Pathway']
SMP0000396	['Dibucaine Action Pathway']
SMP0000472	['Erlotinib Action Pathway']
SMP0000437	['Vincristine Action Pathway']
SMP0000145	['Benazepril Action Pathway']
SMP0000591	['Benazepril Metabolism Pathway']
SMP0000470	['Fluorouracil Action Pathway']
SMP0000608	['Fluorouracil Metabolism Pathway']
SMP0058936	['Hydroxyzine H1-Antihistamine Action']
SMP0000634	['Carbamazepine Metabolism Pathway']
SMP0059110	['Cinnarizine H1-Antihistamine Action']
SMP0000273	['Fondaparinux Action Pathway']
SMP0000436	['Vinblastine Action Pathway']
SMP0000307	['Propranolol Action Pathway']
SMP0000696	['Fenoprofen Action Pathway']
SMP0000052	['Beta Oxidation of Very Long Chain Fatty Acids']
SMP0000539	['Long Chain Acyl-CoA Dehydrogenase Deficiency (LCAD)']
SMP0000541	['Carnitine Palmitoyl Transferase Deficiency II']
SMP0000482	['Mitochondrial Beta-Oxidation of Long Chain Saturated Fatty Acids']
SMP0000538	['Carnitine Palmitoyl Transferase Deficiency I']
SMP0000540	['Very-Long-Chain Acyl-CoA Dehydrogenase Deficiency (VLCAD)']
SMP0000545	['Trifunctional Protein Deficiency']
SMP0000516	['Adrenoleukodystrophy, X-Linked']
SMP0000517	['Carnitine-Acylcarnitine Translocase Deficiency']
SMP0000542	['Medium Chain Acyl-CoA Dehydrogenase Deficiency (MCAD)']
SMP0000593	['Enalapril Metabolism Pathway']
SMP0000148	['Enalapril Action Pathway']
SMP0000233	['Nizatidine Action Pathway']
SMP0000368	['Labetalol Action Pathway']
SMP0000300	['Bisoprolol Action Pathway']
SMP0031694	['Imatinib Inhibition of BCR-ABL']
SMP0000356	['17-beta Hydroxysteroid Dehydrogenase III Deficiency']
SMP0030406	['Androstenedione Metabolism']
SMP0000565	['Aromatase Deficiency']
SMP0000740	['Efavirenz Action Pathway']
SMP0000048	['Nicotinate and Nicotinamide Metabolism']
SMP0000440	['Prednisone Action Pathway']
SMP0000631	['Prednisone Metabolism Pathway']
SMP0059897	['Astemizole H1-Antihistamine Action']
SMP0000340	['Methylenetetrahydrofolate Reductase Deficiency (MTHFRD)']
SMP0000341	['Hypermethioninemia']
SMP0000570	['Homocystinuria-Megaloblastic Anemia Due to Defect in Cobalamin Metabolism, cblG Complementation Type']
SMP0000320	['Intracellular Signalling Through Adenosine Receptor A2a and Adenosine']
SMP0000321	['Intracellular Signalling Through Adenosine Receptor A2b and Adenosine']
SMP0000745	['Stavudine Action Pathway']
SMP0000686	['Pentazocine Action Pathway']
SMP0000532	['Sulfite Oxidase Deficiency']
SMP0030880	['Estrone Metabolism']
SMP0000041	['Sulfate/Sulfite Metabolism']
SMP0000375	['Verapamil Action Pathway']
SMP0000661	['Epinephrine Action Pathway']
SMP0000246	['Pirenzepine Action Pathway']
SMP0000606	['Tamoxifen Metabolism Pathway']
SMP0000471	['Tamoxifen Action Pathway']
SMP0000162	['Losartan Action Pathway']
SMP0000268	['Warfarin Action Pathway']
SMP0000652	['Mycophenolic Acid Metabolism Pathway']
SMP0000151	['Moexipril Action Pathway']
SMP0000595	['Moexipril Metabolism Pathway']
SMP0000115	['Furosemide Action Pathway']
SMP0000687	['Naltrexone Action Pathway']
SMP0000738	['Delavirdine Action Pathway']
SMP0000649	['Lamivudine Metabolism Pathway']
SMP0000742	['Lamivudine  Action Pathway']
SMP0000629	['Adefovir Dipivoxil Metabolism Pathway']
SMP0059865	['Azatadine H1-Antihistamine Action']
SMP0000402	['Procaine Action Pathway']
SMP0000150	['Lisinopril Action Pathway']
SMP0000453	['Nateglinide Action Pathway']
SMP0000612	['Esomeprazole Metabolism Pathway']
SMP0000225	['Esomeprazole Action Pathway']
SMP0058956	['Meclizine H1-Antihistamine Action']
SMP0000310	['Corticotropin Activation of Cortisol Production']
SMP0058797	['Carbinoxamine H1-Antihistamine Action']
SMP0000401	['Prilocaine Action Pathway']
SMP0061191	['Epinastine H1-Antihistamine Action']
SMP0000260	['Clopidogrel Action Pathway']
SMP0000610	['Clopidogrel Metabolism Pathway']
SMP0000600	['Irinotecan Metabolism Pathway']
SMP0000433	['Irinotecan Action Pathway']
SMP0060740	['Olopatadine H1-Antihistamine Action']
SMP0000601	['Etoposide Metabolism Pathway']
SMP0000442	['Etoposide Action Pathway']
SMP0000267	['Tirofiban Action Pathway']
SMP0062625	['Propiomazine H1-Antihistamine Action']
SMP0000152	['Perindopril Action Pathway']
SMP0057587	['Tripelennamine H1-Antihistamine Action']
SMP0000158	['Candesartan Action Pathway']
SMP0000413	['Alfentanil Action Pathway']
SMP0000701	['Phenylbutazone Action Pathway']
SMP0000694	['Carprofen Action Pathway']
SMP0057579	['Brompheniramine H1-Antihistamine Action']
SMP0000662	['Dobutamine Action Pathway']
SMP0000691	['Nalbuphine Action Pathway']
SMP0000673	['Levorphanol Action Pathway']
SMP0000344	['Acute Intermittent Porphyria']
SMP0000346	['Porphyria Variegata (PV)']
SMP0000342	['Hereditary Coproporphyria (HCP)']
SMP0000345	['Congenital Erythropoietic Porphyria (CEP) or Gunther Disease']
SMP0000441	['Prednisolone Action Pathway']
SMP0000632	['Prednisolone Metabolism Pathway']
SMP0000230	['Ranitidine Action Pathway']
SMP0000297	['Alprenolol Action Pathway']
SMP0000159	['Eprosartan Action Pathway']
SMP0000741	['Emtricitabine Action Pathway']
SMP0000596	['Quinapril Metabolism Pathway']
SMP0000153	['Quinapril Action Pathway']
SMP0000449	['Ethanol Degradation']
SMP0000739	['Didanosine Action Pathway']
SMP0059730	['Methdilazine H1-Antihistamine Action']
SMP0000395	['Cocaine Action Pathway']
SMP0000323	['Quinidine Action Pathway']
SMP0000454	['Repaglinide Action Pathway']
SMP0000695	['Etoricoxib Action Pathway']
SMP0000699	['Lumiracoxib Action Pathway']
SMP0000707	['Salsalate Action Pathway']
SMP0000708	['Salicylate-Sodium Action Pathway']
SMP0059868	['Ketotifen H1-Antihistamine Action']
SMP0000684	['Buprenorphine Action Pathway']
SMP0000231	['Famotidine Action Pathway']
SMP0000709	['Salicylic Acid Action Pathway']
SMP0000746	['Zalcitabine Action Pathway']
SMP0000271	['Phenprocoumon Action Pathway']
SMP0000633	['Felbamate Metabolism Pathway']
SMP0060218	['Fexofenadine H1-Antihistamine Action']
SMP0000306	['Pindolol Action Pathway']
SMP0000399	['Mepivacaine Action Pathway']
SMP0000164	['Telmisartan Action Pathway']
SMP0060201	['Desloratadine H1-Antihistamine Action']
SMP0060741	['Azelastine H1-Antihistamine Action']
SMP0000264	['Dipyridamole (Antiplatelet) Action Pathway']
SMP0000308	['Dopamine Activation of Neurological Reward System']
SMP0000645	['Azathioprine Metabolism Pathway']
SMP0000100	['Hydrochlorothiazide Action Pathway']
SMP0000397	['Levobupivacaine Action Pathway']
SMP0000460	['Glibenclamide Action Pathway']
SMP0000269	['Acenocoumarol Action Pathway']
SMP0000279	['Ximelagatran Action Pathway']
SMP0000274	['Heparin Action Pathway']
SMP0000288	['Aprotinin Action Pathway']
SMP0000464	['Vitamin K Metabolism']
SMP0000586	['Coagulation']
SMP0000619	['Felodipine Metabolism Pathway']
SMP0000377	['Felodipine Action Pathway']
SMP0000161	['Irbesartan Action Pathway']
SMP0000609	['Mercaptopurine Metabolism Pathway']
SMP0000324	['Procainamide (Antiarrhythmic) Action Pathway']
SMP0000737	['Abacavir Action Pathway']
SMP0000590	['Ibuprofen Metabolism Pathway']
SMP0000382	['Nitrendipine Action Pathway']
SMP0000330	['Tocainide Action Pathway']
SMP0000663	['Isoprenaline Action Pathway']
SMP0059211	['Promethazine H1-Antihistamine Action']
SMP0059720	['Mequitazine H1-Antihistamine Action']
SMP0058785	['Diphenhydramine H1-Antihistamine Action']
SMP0000675	['Diphenoxylate Action Pathway']
SMP0061040	['Emedastine H1-Antihistamine Action']
SMP0000664	['Arbutamine Action Pathway']
SMP0060224	['Levocabastine H1-Antihistamine Action']
SMP0000358	['Fc Epsilon Receptor I Signaling in Mast Cells']
SMP0056661	['Chlorphenamine H1-Antihistamine Action']
SMP0000379	['Nifedipine Action Pathway']
SMP0000665	['Amiodarone Action Pathway']
SMP0000461	['Gliclazide Action Pathway']
SMP0000616	['Rabeprazole Metabolism Pathway']
SMP0000229	['Rabeprazole Action Pathway']
SMP0000367	['Carvedilol Action Pathway']
SMP0059872	['Doxepin H1-Antihistamine Action']
SMP0000641	['Doxepin Metabolism Pathway']
SMP0058908	['Diphenylpyraline H1-Antihistamine Action']
SMP0000423	['Desipramine Action Pathway']
SMP0000626	['Desipramine Metabolism Pathway']
SMP0000394	['Chloroprocaine Action Pathway']
SMP0000263	['Cilostazol Action Pathway']
SMP0058808	['Orphenadrine H1-Antihistamine Action']
SMP0000425	['Escitalopram Action Pathway']
SMP0058923	['Cyclizine H1-Antihistamine Action']
SMP0000155	['Rescinnamine Action Pathway']
SMP0000605	['Ifosfamide Metabolism Pathway']
SMP0000448	['Ifosfamide Action Pathway']
SMP0000688	['Naloxone Action Pathway']
SMP0000296	['Acebutolol Action Pathway']
SMP0000331	['Flecainide Action Pathway']
SMP0000146	['Captopril Action Pathway']
SMP0000303	['Nadolol Action Pathway']
SMP0000676	['Dezocine Action Pathway']
SMP0000666	['Levobunolol Action Pathway']
SMP0000667	['Metipranolol Action Pathway']
SMP0062884	['Quetiapine H1-Antihistamine Action']
SMP0000677	['Levomethadyl Acetate Action Action Pathway']
SMP0000638	['Levomethadyl Acetate Metabolism Pathway']
SMP0000434	['Paclitaxel Action Pathway']
SMP0058813	['Bromodiphenhydramine H1-Antihistamine Action']
SMP0000639	['Clomipramine Metabolism Pathway']
SMP0059689	['Alimemazine H1-Antihistamine Action']
SMP0000435	['Docetaxel Action Pathway']
SMP0031696	['Dasatinib Inhibition of BCR-ABL']
SMP0000475	['Panitumumab Action Pathway']
SMP0000668	['Bevantolol Action Pathway']
SMP0000669	['Practolol Action Pathway']
SMP0000147	['Cilazapril Action Pathway']
SMP0000592	['Cilazapril Metabolism Pathway']
SMP0000160	['Forasartan Action Pathway']
SMP0000189	['Hartnup Disorder']
SMP0000197	['Lysinuric Protein Intolerance']
SMP0000245	['Glucose Transporter Defect (SGLT2)']
SMP0000156	['Spirapril Action Pathway']
SMP0000598	['Spirapril Metabolism Pathway']
SMP0000305	['Penbutolol Action Pathway']
SMP0000034	['Sphingolipid Metabolism']
SMP0000349	['Gaucher Disease']
SMP0000698	['Magnesium Salicylate Action Pathway']
SMP0000703	['Trisalicylate-Choline Action Pathway']
SMP0000693	['Antrafenine Action Pathway']
SMP0000681	['Ethylmorphine Action Pathway']
SMP0000414	['Carfentanil Action Pathway']
SMP0000304	['Oxprenolol Action Pathway']
SMP0000496	['Galactosemia III']
SMP0000518	['Glucose-6-phosphate Dehydrogenase Deficiency']
SMP0000579	['Congenital Disorder of Glycosylation CDG-IId']
SMP0000172	['beta-Ureidopropionase Deficiency']
SMP0000178	['Dihydropyrimidinase Deficiency']
SMP0000182	['Galactosemia']
SMP0000705	['Tiaprofenic Acid Action Pathway']
SMP0061190	['Phenindamine H1-Antihistamine Action']
SMP0056662	['Pheniramine H1-Antihistamine Action']
SMP0000519	['Ribose-5-phosphate Isomerase Deficiency']
SMP0000219	['UMP Synthase Deficiency (Orotic Aciduria)']
SMP0000561	['Fructosuria']
SMP0000725	['Fructose Intolerance, Hereditary']
SMP0000574	['Glycogenosis, Type IC']
SMP0000581	['Glycogenosis, Type IA. Von Gierke Disease']
SMP0000572	['Fanconi-Bickel Syndrome']
SMP0000462	['Inositol Phosphate Metabolism']
SMP0000456	['Fatty Acid Biosynthesis']
SMP0000351	['GABA-Transaminase Deficiency']
SMP0000492	['Ureidopropionase Deficiency']
SMP0000558	['Primary Hyperoxaluria II, PH2']
SMP0000444	['Lactose Synthesis']
SMP0000552	['Glycogen Synthetase Deficiency']
SMP0000553	['Glycogenosis, Type III. Cori Disease, Debrancher Glycogenosis']
SMP0000347	['Metachromatic Leukodystrophy (MLD)']
SMP0000495	['Galactosemia II (GALK)']
SMP0000556	['Mucopolysaccharidosis VI. Sly Syndrome']
SMP0000557	['Sucrase-Isomaltase Deficiency']
SMP0000580	['GLUT-1 Deficiency Syndrome']
SMP0000525	['Fabry Disease']
SMP0000526	['Krabbe Disease']
SMP0000554	['Glycogenosis, Type IV. Amylopectinosis, Anderson Disease']
SMP0000555	['Glycogenosis, Type VI. Hers Disease']
SMP0000315	['Cerebrotendinous Xanthomatosis (CTX)']
SMP0000317	['Familial Hypercholanemia (FHCA)']
SMP0000318	['Congenital Bile Acid Synthesis Defect Type III']
SMP0000353	['Leukotriene C4 Synthesis Deficiency']
SMP0000700	['Lornoxicam Action Pathway']
SMP0000520	['Transaldolase Deficiency']
SMP0000355	['Mitochondrial Electron Transport Chain']
SMP0015901	['De Novo Triacylglycerol Biosynthesis TG(16:0/16:0/16:0)']
SMP0015910	['De Novo Triacylglycerol Biosynthesis TG(16:0/18:0/18:0)']
SMP0015911	['De Novo Triacylglycerol Biosynthesis TG(16:0/18:0/20:0)']
SMP0015912	['De Novo Triacylglycerol Biosynthesis TG(16:0/18:0/18:1(9Z))']
SMP0015915	['De Novo Triacylglycerol Biosynthesis TG(16:0/18:0/20:4(5Z,8Z,11Z,14Z))']
SMP0015916	['De Novo Triacylglycerol Biosynthesis TG(16:0/20:0/20:0)']
SMP0015918	['De Novo Triacylglycerol Biosynthesis TG(16:0/20:0/20:4(5Z,8Z,11Z,14Z))']
SMP0015922	['De Novo Triacylglycerol Biosynthesis TG(16:0/16:1(9Z)/18:1(9Z))']
SMP0015924	['De Novo Triacylglycerol Biosynthesis TG(16:0/16:1(9Z)/18:2(9Z,12Z))']
SMP0015926	['De Novo Triacylglycerol Biosynthesis TG(16:0/18:1(9Z)/20:0)']
SMP0015935	['De Novo Triacylglycerol Biosynthesis TG(16:0/18:2(9Z,12Z)/18:2(9Z,12Z))']
SMP0015938	['De Novo Triacylglycerol Biosynthesis TG(18:0/18:0/18:0)']
SMP0015939	['De Novo Triacylglycerol Biosynthesis TG(18:0/18:0/20:0)']
SMP0015949	['De Novo Triacylglycerol Biosynthesis TG(18:0/18:1(9Z)/20:1(11Z))']
SMP0015950	['De Novo Triacylglycerol Biosynthesis TG(18:0/18:1(9Z)/18:2(9Z,12Z))']
SMP0015951	['De Novo Triacylglycerol Biosynthesis TG(18:0/18:1(9Z)/20:4(5Z,8Z,11Z,14Z))']
SMP0015952	['De Novo Triacylglycerol Biosynthesis TG(18:0/20:1(11Z)/20:1(11Z))']
SMP0015957	['De Novo Triacylglycerol Biosynthesis TG(18:0/18:2(9Z,12Z)/20:4(5Z,8Z,11Z,14Z))']
SMP0015960	['De Novo Triacylglycerol Biosynthesis TG(20:0/20:0/20:1(11Z))']
SMP0015962	['De Novo Triacylglycerol Biosynthesis TG(20:0/20:1(11Z)/20:1(11Z))']
SMP0015963	['De Novo Triacylglycerol Biosynthesis TG(20:0/20:1(11Z)/20:4(5Z,8Z,11Z,14Z))']
SMP0015971	['De Novo Triacylglycerol Biosynthesis TG(16:1(9Z)/20:0/20:0)']
SMP0015972	['De Novo Triacylglycerol Biosynthesis TG(16:1(9Z)/20:0/20:1(11Z))']
SMP0015973	['De Novo Triacylglycerol Biosynthesis TG(16:1(9Z)/20:0/20:4(5Z,8Z,11Z,14Z))']
SMP0015983	['De Novo Triacylglycerol Biosynthesis TG(16:1(9Z)/18:1(9Z)/18:1(9Z))']
SMP0015984	['De Novo Triacylglycerol Biosynthesis TG(16:1(9Z)/18:1(9Z)/20:1(11Z))']
SMP0015985	['De Novo Triacylglycerol Biosynthesis TG(16:1(9Z)/18:1(9Z)/18:2(9Z,12Z))']
SMP0015987	['De Novo Triacylglycerol Biosynthesis TG(16:1(9Z)/20:1(11Z)/20:1(11Z))']
SMP0000309	['Excitatory Neural Signalling Through 5-HTR 4 and Serotonin']
SMP0000354	['Intracellular Signalling Through Prostacyclin Receptor and Prostacyclin']
SMP0063756	['Lysophosphatidic Acid LPA4 Signalling']
SMP0063757	['Lysophosphatidic Acid LPA5 Signalling']
SMP0000312	['Excitatory Neural Signalling Through 5-HTR 6 and Serotonin']
SMP0000322	['Vasopressin Regulation of Water Homeostasis']
SMP0000335	['Intracellular Signalling Through Histamine H2 Receptor and Histamine']
SMP0000343	['Intracellular Signalling Through PGD2 receptor and Prostaglandin D2']
SMP0063746	['Lysophosphatidic Acid LPA1 Signalling']
SMP0063753	['Lysophosphatidic Acid LPA2 Signalling']
SMP0063759	['Lysophosphatidic Acid LPA6 Signalling']
SMP0000311	['Excitatory Neural Signalling Through 5-HTR 7 and Serotonin']
SMP0000333	['Intracellular Signalling Through FSH Receptor and Follicle Stimulating Hormone']
SMP0000036	['D-Arginine and D-Ornithine Metabolism']
SMP0000481	['Mitochondrial Beta-Oxidation of Medium Chain Saturated Fatty Acids']
SMP0000459	['Pyruvaldehyde Degradation']
SMP0000502	['Malonyl-CoA Decarboxylase Deficiency']
SMP0000589	['Gastric Acid Production']
SMP0000025	['Phospholipid Biosynthesis']
SMP0051038	['Lafutidine H2-Antihistamine Action']
SMP0000734	['Roxatidine Acetate Action Pathway']
SMP0000735	['Metiamide Action Pathway']
SMP0000479	['Plasmalogen Synthesis']
SMP0000499	['beta-Mercaptolactate-Cysteine Disulfiduria']
SMP0028021	['Cardiolipin Biosynthesis CL(18:0/18:0/18:0/18:0)']
SMP0000529	['D-Glyceric Acidura']
SMP0000544	['Long-Chain-3-Hydroxyacyl-CoA Dehydrogenase Deficiency (LCHAD)']
SMP0000651	['Artemether Metabolism Pathway']
SMP0000583	['Blue Diaper Syndrome']
SMP0000723	['Cystinuria']
SMP0000065	['Ubiquinone Biosynthesis']
SMP0000550	['Pyruvate Dehydrogenase Deficiency (E3)']
SMP0000551	['Pyruvate Dehydrogenase Deficiency (E2)']
SMP0000457	['Lactose Degradation']
SMP0000458	['Lactose Intolerance']
SMP0000515	['Homocystinuria, Cystathionine beta-Synthase Deficiency']
SMP0000455	['Homocysteine Degradation']
SMP0000514	['gamma-Cystathionase Deficiency (CTH)']
SMP0058741	['Methapyrilene H1-Antihistamine Action']
SMP0062894	['Thenalidine H1-Antihistamine Action']
SMP0061047	['Flunarizine H1-Antihistamine Action']
SMP0000366	['Nebivolol Action Pathway']
SMP0031697	['Nilotinib Inhibition of BCR-ABL']
SMP0000421	['Vatalanib Action Pathway']
SMP0060058	['Bepotastine H1-Antihistamine Action']
SMP0000685	['Alvimopan Action Pathway']
SMP0059114	['Levocetirizine H1-Antihistamine Action']
SMP0031698	['Bosutinib Inhibition of BCR-ABL']
SMP0057583	['Mepyramine H1-Antihistamine Action']
SMP0060744	['Betahistine H1-Antihistamine Action']
SMP0062881	['Alcaftadine H1-Antihistamine Action']
SMP0057584	['Antazoline H1-Antihistamine Action']
SMP0057585	['Chloropyramine H1-Antihistamine Action']
SMP0057582	['Dimetindene H1-Antihistamine Action']
SMP0059716	['Isothipendyl H1-Antihistamine Action']
SMP0000657	['Bopindolol Action Pathway']
SMP0000670	['Bupranolol Action Pathway']
SMP0000732	['Temocapril Metabolism Pathway']
SMP0000733	['Temocapril Action Pathway']
SMP0031700	['Ponatinib Inhibition of BCR-ABL']
SMP0058931	['Chlorcyclizine H1-Antihistamine Action']
SMP0058903	['Chlorphenoxamine H1-Antihistamine Action']
SMP0059881	['Acrivastine H1-Antihistamine Action']
SMP0058916	['Phenyltoloxamine H1-Antihistamine Action']
SMP0058769	['Thonzylamine H1-Antihistamine Action']
SMP0060170	['Bilastine H1-Antihistamine Action']
SMP0060235	['Rupatadine H1-Antihistamine Action']
SMP0062623	['Latrepirdine H1-Antihistamine Action']
SMP0060204	['Ebastine H1-Antihistamine Action']
SMP0031699	['Bafetinib Inhibition of BCR-ABL']
SMP0060230	['Mizolastine H1-Antihistamine Action']
SMP0059044	['Oxatomide H1-Antihistamine Action']
SMP0000582	['Joubert Syndrome']
SMP0000463	['Phosphatidylinositol Phosphate Metabolism']
SMP0062886	['Pimethixene H1-Antihistamine Action']
SMP0062621	['Tolpropamine H1-Antihistamine Action']
SMP0057586	['Talastine H1-Antihistamine Action']
SMP0060742	['Thiazinamium H1-Antihistamine Action']
SMP0058732	['Histapyrrodine H1-Antihistamine Action']
SMP0056811	['Dexchlorpheniramine H1-Antihistamine Action']
SMP0062895	['Tritoqualine H1-Antihistamine Action']
SMP0061052	['Mebhydrolin H1-Antihistamine Action']
SMP0059738	['Oxomemazine H1-Antihistamine Action']
SMP0059710	['Hydroxyethylpromethazine H1-Antihistamine Action']
