DTPG0000000	皮普 [SEP] FCN3 [SEP] 法巴 [SEP] 体外受精 [SEP] buk2 [SEP] 斯波亚 [SEP] SLC29A2 [SEP] ATP1A3 [SEP] ABCG2 [SEP] 织女星 [SEP] KIF11 [SEP] ACAT1 [SEP] RPL18 [SEP] EPHA1 [SEP] RHD [SEP] cmk [SEP] rfbC [SEP] 麦加 [SEP] RPL11 [SEP] RPL10L
DTPG0000001	APOA4 [SEP] RGN [SEP] SBK3 [SEP] gtfD [SEP] KDR [SEP] ribH2 [SEP] 斯马尔塞1 [SEP] pchF [SEP] RDH14 [SEP] ABCC1 [SEP] LPAR4 [SEP] CDH11 [SEP] KCNE1 [SEP] SMN2 [SEP] CHRNA1 [SEP] KCNH6 [SEP] 大风 [SEP] S1PR5 [SEP] 卡斯尔 [SEP] kdsA
DTPG0000002	1. [SEP] 嗯 [SEP] ABCC6 [SEP] frdA [SEP] yngHB [SEP] MIP [SEP] NDUFS6 [SEP] CDK5R1 [SEP] IDI1 [SEP] PDK4 [SEP] SERPINA5 [SEP] 善待动物组织 [SEP] CD3D [SEP] ppcA [SEP] TMLHE [SEP] 美国存托股 [SEP] TBK1 [SEP] MKNK2 [SEP] TK2 [SEP] 阿普特
DTPG0000003	PTAFR [SEP] 扶桑 [SEP] FGFR3 [SEP] 马克2 [SEP] DPH5 [SEP] PSMC3 [SEP] MAPK10 [SEP] SPR [SEP] TNK1 [SEP] GHSR [SEP] PDE3A [SEP] ALDH2 [SEP] SCN3B [SEP] 燕麦 [SEP] VCAM1 [SEP] pabC [SEP] ST3GAL5 [SEP] KCNK2 [SEP] GLTP [SEP] NCS1
DTPG0000004	kbl [SEP] CYP11B2 [SEP] pdxJ [SEP] hemC [SEP] CTSD [SEP] 奥普达 [SEP] DDX39B [SEP] ptpA [SEP] 桅杆1 [SEP] KRT9 [SEP] GSS [SEP] NMNAT3 [SEP] SPTBN1 [SEP] RPL35 [SEP] FOL1 [SEP] SERPINA1 [SEP] IL1A [SEP] 法森 [SEP] 凯尔 [SEP] cbaA
DTPG0000005	CFH [SEP] 阿尔法LP [SEP] 特利亚 [SEP] moxC [SEP] SOAT1 [SEP] FABP7 [SEP] IRAK1 [SEP] 笨蛋 [SEP] rpsU [SEP] 铸造 [SEP] 赛斯 [SEP] 利马 [SEP] 泰克斯 [SEP] rpmA [SEP] ANXA1 [SEP] qacR [SEP] mrsD [SEP] CTNNB1 [SEP] NOS1 [SEP] FRK
DTPG0000006	GPR12 [SEP] PARP2 [SEP] ICAM1 [SEP] TUBA4A [SEP] TLL2 [SEP] NDUFA6 [SEP] CCKAR [SEP] celCCG [SEP] 塞莱1 [SEP] SULT1B1 [SEP] STK24 [SEP] 费 [SEP] DKFZp686P18130 [SEP] ATP2A2 [SEP] frr [SEP] NR0B1 [SEP] bca [SEP] FGF23 [SEP] tlp1 [SEP] RPS6
DTPG0000007	数字信号处理器 [SEP] nplT [SEP] APOA1 [SEP] SLC7A3 [SEP] GSTP1 [SEP] FXN [SEP] CPN2 [SEP] LIMK1 [SEP] CKMT2 [SEP] KANSL3 [SEP] SCNN1G [SEP] 默布 [SEP] chqB [SEP] ADCY5 [SEP] 内达 [SEP] xynA [SEP] SSTR2 [SEP] HSD17B3 [SEP] PIK3C2B [SEP] DSTN
DTPG0000008	KLK7 [SEP] BECN1 [SEP] CXCR1 [SEP] NR1H2 [SEP] BCL2L2L2 [SEP] TAC3 [SEP] CACNB3 [SEP] TRAPPC4 [SEP] 因巴 [SEP] 纳德 [SEP] 煎饼 [SEP] TNFAIP6 [SEP] MAPK8IP1 [SEP] Htr2c [SEP] 转基因植物 [SEP] CTSF [SEP] clcD [SEP] PRSS3 [SEP] ispDF [SEP] 莫巴
DTPG0000009	拉拉 [SEP] acpP [SEP] PGRMC1 [SEP] IL11RA [SEP] 莫埃 [SEP] coaBC [SEP] CD247 [SEP] BCR\/ABL融合 [SEP] SEPP1 [SEP] FARS2 [SEP] rpoC [SEP] SLC6A12 [SEP] cypC [SEP] 鱼子酱 [SEP] HSD11B1 [SEP] ALDH3B2 [SEP] NDUFS8 [SEP] 把…准备好 [SEP] TAS1R3 [SEP] glpE
DTPG0000010	LSS [SEP] GMPR [SEP] LRP1 [SEP] MCAT [SEP] HDAC6 [SEP] PKAr [SEP] CBX5 [SEP] 帕姆 [SEP] NR1D1 [SEP] 梅特夫 [SEP] GPX5 [SEP] dfrA [SEP] ispD [SEP] SMARCA5 [SEP] rbsD [SEP] GSTT2 [SEP] dgdA [SEP] alsB [SEP] CPK1 [SEP] KRT14
DTPG0000011	NRP2 [SEP] ACOX1 [SEP] sufS [SEP] 苏克斯 [SEP] RARB [SEP] 磷酸化1 [SEP] ctaC [SEP] ydbK [SEP] thiD [SEP] HDAC7 [SEP] 中国 [SEP] PAPSS1 [SEP] ELOVL2 [SEP] OGFOD1 [SEP] phrB [SEP] 泰娜 [SEP] dmg [SEP] CREB1 [SEP] 斯塔普 [SEP] 令人不快的
DTPG0000012	TTR [SEP] trmD [SEP] 尼希 [SEP] pheA2 [SEP] FGB [SEP] oxdC [SEP] STIP1 [SEP] 特雷 [SEP] GABRA3 [SEP] NPR1 [SEP] 格弗 [SEP] STK10 [SEP] 甲基丙烯酸甲酯 [SEP] ATP5D [SEP] cslA [SEP] dxr [SEP] PTDSS1 [SEP] SIRT5 [SEP] 纳格帕 [SEP] MT-ND5
DTPG0000013	SLCO1B3 [SEP] COX5A [SEP] GCK [SEP] APAF1 [SEP] glk [SEP] 西西 [SEP] SMG6 [SEP] 麝香 [SEP] 硫氧还蛋白还原酶 [SEP] PKLR [SEP] 伊拉克人4 [SEP] THRB [SEP] bglA [SEP] hpt [SEP] ACSBG1 [SEP] CTRB1 [SEP] S100A7 [SEP] pgk\/tpi [SEP] HTATIP2 [SEP] MAPK9
DTPG0000014	ribC [SEP] GRM5 [SEP] algD [SEP] pcrV [SEP] OPRK1 [SEP] 塔格恩 [SEP] 标签 [SEP] fadB [SEP] 日巴 [SEP] 全科医生 [SEP] UL122 [SEP] NSF [SEP] CAPNS1 [SEP] KHSRP [SEP] DUSP23 [SEP] RTCB [SEP] SERPINA3 [SEP] 克拉斯 [SEP] CLK2 [SEP] ntpK
DTPG0000015	F13A1 [SEP] stxB [SEP] F8 [SEP] 纳克 [SEP] 凝灰岩 [SEP] IFNAR2 [SEP] 里布 [SEP] KCNA10 [SEP] 波尔布 [SEP] CACNA1I [SEP] 皮尔 [SEP] SPINK6 [SEP] MTAP [SEP] 拉茨 [SEP] SLC5A5 [SEP] 淘 [SEP] ALDH3A1 [SEP] SF3A2 [SEP] gyrB [SEP] rt
DTPG0000016	GRIN3A [SEP] atpF [SEP] ERG11 [SEP] PHB2 [SEP] KCNQ3 [SEP] HRH3 [SEP] rplK [SEP] COL3A1 [SEP] 波纳 [SEP] PADI4 [SEP] 奶奶 [SEP] mepA [SEP] BCL2L1 [SEP] COX7B [SEP] HSD17B8 [SEP] SOD1 [SEP] 如果 [SEP] cgiA [SEP] ARF1 [SEP] PIM1
DTPG0000017	rpiB [SEP] PSMB6 [SEP] PPI [SEP] DRD5 [SEP] HIST1H2BC [SEP] SSTR5 [SEP] R [SEP] TUBB4B [SEP] SFRP4 [SEP] cft [SEP] NPR2 [SEP] MAPK4 [SEP] 凯尔斯 [SEP] ADK [SEP] ampC [SEP] tktA [SEP] CCT3 [SEP] NME1 [SEP] IMPA2 [SEP] 迪欧
DTPG0000018	CIB1 [SEP] xlnA [SEP] upp [SEP] MSRA [SEP] spg [SEP] VMAT2 [SEP] TUBB6 [SEP] PCYT1B [SEP] ADRB3 [SEP] SULT2A1 [SEP] 佩特 [SEP] BMP4 [SEP] CHRNA4 [SEP] ACVR1 [SEP] PDPK1 [SEP] 佩斯 [SEP] VDAC2 [SEP] CASQ1 [SEP] VWF [SEP] TNFRSF17
DTPG0000019	nrdI [SEP] 伊尼亚 [SEP] HABP4 [SEP] clpP [SEP] P\/V [SEP] gapA [SEP] OAZ1 [SEP] SLC22A4 [SEP] MDR1 [SEP] 格里克1 [SEP] 巴特 [SEP] CA13 [SEP] KCNQ2 [SEP] 坡道1 [SEP] PGGT1B [SEP] SDHA [SEP] 努斯布 [SEP] 马克1 [SEP] 凯尔德 [SEP] ELSPBP1
DTPG0000020	纯净的 [SEP] 浴缸2 [SEP] CDK16 [SEP] RAP2A [SEP] SGK1 [SEP] 真实航向 [SEP] bglT [SEP] 优海 [SEP] 哈尔 [SEP] IGF2R [SEP] dnrK [SEP] embA [SEP] gshA [SEP] EDN1 [SEP] ERN1 [SEP] rbsB [SEP] 普罗斯克 [SEP] 阿帕 [SEP] SLC12A7 [SEP] 福克斯-7
DTPG0000021	SEMG1 [SEP] CEACAM1 [SEP] TK [SEP] 索克斯 [SEP] 恩多布 [SEP] 科布 [SEP] RPS5 [SEP] MCCC1 [SEP] RXRA [SEP] MPL [SEP] 纳格 [SEP] CD52 [SEP] 氧化镉 [SEP] ERG1 [SEP] TRDMT1 [SEP] NDUFS3 [SEP] GABRR3 [SEP] amtB [SEP] 提及 [SEP] PPP1CA
DTPG0000022	B2M [SEP] FDXR [SEP] UBB [SEP] GPX6 [SEP] 皮尔克 [SEP] EDNRB [SEP] PTR1 [SEP] 自闭症 [SEP] 上海医药 [SEP] 库塔 [SEP] ME1 [SEP] rpoA [SEP] 布达布 [SEP] odcI [SEP] 潘普 [SEP] 格拉 [SEP] 板条1 [SEP] NDUFA4 [SEP] SLC6A14 [SEP] 爸爸
DTPG0000023	男 [SEP] tpdA [SEP] 赫摩族 [SEP] DHRS4L2 [SEP] 砷化镓 [SEP] GARS [SEP] 甘布 [SEP] PRSS8 [SEP] 马克4 [SEP] 阿波罗1 [SEP] 左 [SEP] CCL8 [SEP] ompF [SEP] lsrB [SEP] rpsF [SEP] 斯克里 [SEP] icd [SEP] SERPINB2 [SEP] PPIA [SEP] PTGIR
DTPG0000024	ITGA5 [SEP] 阿吉 [SEP] 奥普 [SEP] VDAC3 [SEP] DDR2 [SEP] SSTR4 [SEP] 惠普 [SEP] 赛格 [SEP] c-des [SEP] KCNQ4 [SEP] def1 [SEP] 伊格姆 [SEP] GABRA5 [SEP] CYP3A4 [SEP] iadA [SEP] P5CR2 [SEP] RET [SEP] ACCS [SEP] BTK [SEP] 阿罗克
DTPG0000025	rpsQ [SEP] 伊尼奇 [SEP] CSNK1G3 [SEP] AKR1C3 [SEP] VCP [SEP] SLC16A8 [SEP] NDUFC1 [SEP] srtB [SEP] SLC12A5 [SEP] NTRK2 [SEP] ispH [SEP] ENPP1 [SEP] ecoRVR [SEP] PDXP [SEP] HTR7 [SEP] PDIA3 [SEP] cbaB [SEP] 嗨 [SEP] hslU [SEP] ATP4B
DTPG0000026	SLC16A1 [SEP] rab6 [SEP] CDIPT [SEP] pbp [SEP] PPCDC [SEP] HEXB [SEP] GRIN2D [SEP] ACAD8 [SEP] MAP3K4 [SEP] MT3 [SEP] mmaA4 [SEP] ALK [SEP] IL10 [SEP] COL4A4 [SEP] SRR [SEP] B4GALT4 [SEP] 合成基因 [SEP] aat [SEP] UAP56 [SEP] MMP16
DTPG0000027	MAPK14 [SEP] rsmF [SEP] rmlB [SEP] HPX [SEP] 德南 [SEP] 五氯酚 [SEP] SLC10A1 [SEP] SLC15A1 [SEP] TTLL3 [SEP] S100A4 [SEP] HNRNPL [SEP] 拉德 [SEP] 阿尔普 [SEP] PAK5 [SEP] CNR1 [SEP] AMY2A [SEP] ATP2C1 [SEP] PDE4A [SEP] NDUFA4L2 [SEP] 原子吸收光谱
DTPG0000028	加布雷 [SEP] SIVA1 [SEP] CDC25B [SEP] 奥克布 [SEP] cycM [SEP] AGXT2 [SEP] LTA [SEP] ARG2 [SEP] rhdA [SEP] POLE2 [SEP] 阿斯塔 [SEP] HSD17B10 [SEP] CDKL1 [SEP] NDUFS5 [SEP] 建训局 [SEP] GPNMB [SEP] 乳酸脱氢酶 [SEP] PISD [SEP] GSTM5 [SEP] MAPKAPK2
DTPG0000029	SERPINF2 [SEP] 瑞拉 [SEP] H6PD [SEP] SLC25A20 [SEP] UL97 [SEP] Tubbb [SEP] DCK [SEP] 乌拉德 [SEP] 阿斯帕 [SEP] fbaA [SEP] 陶K2 [SEP] STK35 [SEP] SQLE [SEP] 帕格 [SEP] prfA [SEP] CLK3 [SEP] FYN [SEP] ARL5B [SEP] 梅克 [SEP] thyA1
DTPG0000030	阿罗 [SEP] TACSTD2 [SEP] ERG7 [SEP] RBP1 [SEP] rsuA [SEP] 咕噜 [SEP] 兔结核病 [SEP] USP14 [SEP] 大风 [SEP] RPS17 [SEP] PTGER3 [SEP] HNRNPD [SEP] 稀有品种1 [SEP] UQCRQ [SEP] LRG1 [SEP] CYB5B [SEP] 里姆 [SEP] CTPS1 [SEP] 4. [SEP] nfsB
DTPG0000031	KRT5 [SEP] SEC14L3 [SEP] 阿格 [SEP] cbh [SEP] 卡加 [SEP] KCNJ3 [SEP] phzD1 [SEP] SEPSECS [SEP] 支票1 [SEP] HMGCS1 [SEP] ASGR2 [SEP] F [SEP] PDGFRA [SEP] 十二烷基硫酸钠 [SEP] acnB [SEP] SBK1 [SEP] P4HTM [SEP] PADI2 [SEP] NDUFA2 [SEP] AKR1B1
DTPG0000032	PDK3 [SEP] 爱抚 [SEP] MCHR1 [SEP] TESK1 [SEP] SLC22A5 [SEP] MTOR [SEP] 马克3 [SEP] CMPK1 [SEP] DLD [SEP] rplC [SEP] 佩纳 [SEP] 轮胎 [SEP] 艾德 [SEP] PI4K2B [SEP] ABL2 [SEP] PTH1R [SEP] rpsH [SEP] ALOX5AP [SEP] C5 [SEP] PTGR1
DTPG0000033	P4HA1 [SEP] RHEB [SEP] ARL5A [SEP] IL1RN [SEP] NDST1 [SEP] INPP5B [SEP] CDK6 [SEP] gntK [SEP] CACNB2 [SEP] BAG1 [SEP] HTR1F [SEP] KCNH1 [SEP] 德赫 [SEP] frc [SEP] 啊 [SEP] CSAD [SEP] yqhD [SEP] TPD52L2 [SEP] yhdN [SEP] fumC
DTPG0000034	NSDHL [SEP] ARPC4 [SEP] MAP3K12 [SEP] GAPDH [SEP] CAMK1 [SEP] 拉拉 [SEP] PFAS [SEP] gmk [SEP] ddh [SEP] TSTA3 [SEP] PDE4D [SEP] NPR3 [SEP] azoR1 [SEP] SDHB [SEP] NDUFB6 [SEP] 穆尔夫 [SEP] 拉尔斯 [SEP] SLC52A2 [SEP] 明白了 [SEP] MYH14
DTPG0000035	opdK公司 [SEP] 教授 [SEP] GUCY1A2 [SEP] HSP90B1 [SEP] NDUFB8 [SEP] PTPRE [SEP] ATOX1 [SEP] efpA [SEP] 嘶嘶声 [SEP] DDX5 [SEP] 希布 [SEP] GUCY1A1 [SEP] VDAC1 [SEP] pGlyp3 [SEP] 阴极射线管 [SEP] CAMK2A [SEP] 摇滚乐2 [SEP] ORM1 [SEP] ppgmk [SEP] 码2
DTPG0000036	FCER1A [SEP] SLC6A4 [SEP] trwB [SEP] TGFB1 [SEP] 格里克4 [SEP] CTN [SEP] HSD3B2 [SEP] SSTR1 [SEP] 杜德 [SEP] 生物1 [SEP] PRDX6 [SEP] 帕普 [SEP] OAS1 [SEP] AKT2 [SEP] CYP3A5 [SEP] 增殖细胞核抗原 [SEP] MYO1E [SEP] CA7 [SEP] mdlC [SEP] GNLY
DTPG0000037	LCN1 [SEP] EXTL2 [SEP] FDX1 [SEP] AGTR1 [SEP] AVPR2 [SEP] GGT1 [SEP] 加纳布 [SEP] 泰特 [SEP] 普莱卡1 [SEP] TNFRSF10B [SEP] TNNI3K [SEP] 福尔 [SEP] PHKG1 [SEP] MGST3 [SEP] MDH1 [SEP] 斯努尔 [SEP] IKBKG [SEP] SLC12A3 [SEP] cphA [SEP] KCNC2
DTPG0000038	焦虑3 [SEP] 特拉尔 [SEP] SLC1A5 [SEP] RPL3 [SEP] ITPA [SEP] 汽车2 [SEP] HTR3B [SEP] KCND2 [SEP] pbp4 [SEP] npr [SEP] CA12 [SEP] HK1 [SEP] RDX [SEP] ASRGL1 [SEP] 夫人 [SEP] L [SEP] 啊 [SEP] 普哈 [SEP] 血红素 [SEP] SGPL1
DTPG0000039	焦油 [SEP] 莱亚尔 [SEP] 中情局 [SEP] ADH7 [SEP] PPBP [SEP] CDK5 [SEP] plcA [SEP] MVK [SEP] AKR1B10 [SEP] AZGP1 [SEP] ftsI [SEP] CA1 [SEP] ADORA2A [SEP] ECI1 [SEP] EXP-1 [SEP] IDH2 [SEP] 达拉特 [SEP] 皮波克斯 [SEP] RRBP1 [SEP] pgiB
DTPG0000040	明白了 [SEP] KRT12 [SEP] INSR [SEP] PCDH19 [SEP] 阿卡卡 [SEP] CA10 [SEP] HTT [SEP] mtnW [SEP] CMTR1 [SEP] rfbF [SEP] amn [SEP] 德西夫 [SEP] 哈斯 [SEP] 反恐精英 [SEP] 阿拉斯2 [SEP] FCGR3A [SEP] phzF [SEP] LGALS2 [SEP] phbA [SEP] ttgR
DTPG0000041	rbmD [SEP] MC4R [SEP] 钙离子 [SEP] MIR-1 [SEP] MT-CO2 [SEP] DHFR [SEP] PLCXD3 [SEP] 好的 [SEP] PTS [SEP] PRKCE [SEP] NDUFB4 [SEP] 希巴德 [SEP] glbN [SEP] CHRNA6 [SEP] MEF-1 [SEP] OPRM1 [SEP] TLR2 [SEP] DHRS4 [SEP] 阿德拉德 [SEP] 打气
DTPG0000042	STK39 [SEP] CDK4 [SEP] NPSR1 [SEP] UGDH [SEP] ALDH1A1 [SEP] HTR2C [SEP] FGF4 [SEP] tcp14 [SEP] PIK3CD [SEP] 福克 [SEP] PAFAH1B3 [SEP] ADORA2B [SEP] STK33 [SEP] NFKBIA [SEP] TSSK1B [SEP] IARS2 [SEP] APOBR [SEP] dat [SEP] TGFB3 [SEP] 法布斯
DTPG0000043	PSAT1 [SEP] CCNA2 [SEP] MC1R [SEP] HSPD1 [SEP] DDAH2 [SEP] SCN2B [SEP] CDK1 [SEP] MAP3K9 [SEP] HSF1 [SEP] 关贸总协定 [SEP] bsd [SEP] 摩押 [SEP] mdlB [SEP] xly [SEP] PRKAR2B [SEP] ALKBH2 [SEP] pdxA [SEP] NR1I2 [SEP] KCNN1 [SEP] lsr2
DTPG0000044	苏铁 [SEP] 伦布 [SEP] 阿德拉1b [SEP] yfiH [SEP] PCMT1 [SEP] GRIN2B [SEP] 美国存托股 [SEP] bphD [SEP] 尿素 [SEP] 廷普 [SEP] 奥夫 [SEP] KAT2A [SEP] pbpA [SEP] MMP1 [SEP] gltS [SEP] ADRB1 [SEP] aac（6’）-Ii [SEP] SERPINB6 [SEP] TP53 [SEP] GPT
DTPG0000045	AKR1C1 [SEP] ATP6V1B2 [SEP] SERPINA6 [SEP] CLEC14A [SEP] HNRNPA2B1 [SEP] 中电 [SEP] 斯迪亚 [SEP] 帕姆 [SEP] 焦油 [SEP] 莱布 [SEP] IL4R [SEP] TNNI3 [SEP] CTBP1 [SEP] POLE3 [SEP] SCN4B [SEP] 普莱卡 [SEP] 环境 [SEP] CYP26A1 [SEP] SIRT2 [SEP] IGKV2D-28
DTPG0000046	rpsD [SEP] 达克 [SEP] 小鸟 [SEP] btuB [SEP] CCL5 [SEP] GALK1 [SEP] rplJ [SEP] ACYP2 [SEP] CCS [SEP] 高尔姆 [SEP] KLK1 [SEP] SLC6A1 [SEP] 粤港澳大湾区 [SEP] 阿罗阿 [SEP] GRM2 [SEP] TCTP [SEP] RRM1 [SEP] 商业信贷资料库 [SEP] 塔克2 [SEP] pknB
DTPG0000047	rpsJ [SEP] ispE [SEP] METAP1 [SEP] EEF2 [SEP] SCN5A [SEP] KCNK6 [SEP] PGLYRP2 [SEP] tpiA [SEP] CFL1 [SEP] BACE1 [SEP] gstA [SEP] BCAT2 [SEP] 布莱夫拉 [SEP] argF' [SEP] ruvB [SEP] PRMT1 [SEP] PPAT [SEP] NDUFS4 [SEP] RPIA [SEP] STK36
DTPG0000048	SLC12A2 [SEP] fdnH [SEP] 伊尔夫 [SEP] 纳姆普 [SEP] PDE4B [SEP] ptr2 [SEP] 耶拉 [SEP] SYT2 [SEP] CDH5 [SEP] MS4A2 [SEP] CHRM1 [SEP] CYB5A [SEP] 擦 [SEP] mmoX [SEP] EIF2AK1 [SEP] 卡普特 [SEP] CD38 [SEP] GADL1 [SEP] TRPV2 [SEP] EPAS1
DTPG0000049	王牌 [SEP] P [SEP] HS3ST1 [SEP] 阿迈普 [SEP] rpsS [SEP] MMP2 [SEP] PDE7A [SEP] xecC [SEP] COL2A1 [SEP] 波特 [SEP] ppdK [SEP] ALDH18A1 [SEP] 哭泣 [SEP] 塔奇姆 [SEP] IMPA1 [SEP] rpoB [SEP] CACNA1D [SEP] 木糖异构酶 [SEP] SLC6A11 [SEP] SLC12A6
DTPG0000050	HBB [SEP] 格林尼治 [SEP] TPI [SEP] pbpX [SEP] DPYSL2 [SEP] 钙 [SEP] 罗布 [SEP] POLE4 [SEP] CYP27B1 [SEP] PTPN4 [SEP] ssb [SEP] CAPN1 [SEP] TXK [SEP] PLA2G2A [SEP] MTHFD1 [SEP] PFN1 [SEP] 可编程逻辑控制器 [SEP] ATP5L [SEP] BBOX1 [SEP] GABRA4
DTPG0000051	RPL23A [SEP] 肿瘤坏死因子 [SEP] BMPR1B [SEP] dsbB [SEP] 尼尔1 [SEP] 林恩 [SEP] ERO1B [SEP] SLC1A7 [SEP] MMP11 [SEP] E2 [SEP] HIV-1蛋白酶 [SEP] AKR1A1 [SEP] ATP8A1 [SEP] 娜娜 [SEP] GRM8 [SEP] SERPINA7 [SEP] COPG1 [SEP] pbpC [SEP] PDXK [SEP] PSME1
DTPG0000052	赫拉斯 [SEP] dut公司 [SEP] MT-CO1 [SEP] RYR1 [SEP] FABP6 [SEP] OPRL1 [SEP] RPE65 [SEP] MGAT1 [SEP] MAPKAPK5 [SEP] SCN8A [SEP] MUC2 [SEP] SCMH1 [SEP] MYLK2 [SEP] adk [SEP] 木 [SEP] VTN [SEP] CA9 [SEP] dacB [SEP] 法克 [SEP] ESR1
DTPG0000053	ftsZ [SEP] FCGR1B [SEP] PSMA4 [SEP] 胡图 [SEP] HP1BP3 [SEP] GRB2 [SEP] IGFBP7 [SEP] GAD2 [SEP] TLR4 [SEP] QPCT [SEP] MT-ND3 [SEP] 哇哈 [SEP] GPX2 [SEP] PDE4 [SEP] 卡姆 [SEP] TRPV1 [SEP] mtnN [SEP] 珠江三角洲 [SEP] PCCB [SEP] 埃洛夫
DTPG0000054	puta [SEP] CSF3R [SEP] MSTN [SEP] HAPLN1 [SEP] kcsA [SEP] CD2 [SEP] GP1BA [SEP] HMOX1 [SEP] ATP1A1 [SEP] 图姆 [SEP] 皮卡 [SEP] S100A9 [SEP] TNFRSF11A [SEP] DAND5 [SEP] rplD [SEP] 加伯德 [SEP] CD86 [SEP] CPQ [SEP] 鼓室 [SEP] 核糖核酸酶2
DTPG0000055	乳酸脱氢酶 [SEP] TRHR [SEP] EPHA4 [SEP] FN1 [SEP] CRP [SEP] 小轮车 [SEP] PLA2G7 [SEP] MGST2 [SEP] TRAPPC5 [SEP] CHRNB4 [SEP] FES [SEP] QDPR [SEP] CD163 [SEP] DAPK1 [SEP] HPRT1 [SEP] RBP4 [SEP] RND3 [SEP] pdp [SEP] 福尔2 [SEP] MCFD2
DTPG0000056	lpdV [SEP] LCN9 [SEP] GNRHR2 [SEP] NEK9 [SEP] 猫 [SEP] ASL [SEP] 嘶嘶声 [SEP] SLC8A1 [SEP] 帕 [SEP] TNFSF11 [SEP] CYP2B6 [SEP] HCRT [SEP] CALR3 [SEP] S100B [SEP] 柠檬酸合成酶 [SEP] 帕莫 [SEP] TF [SEP] prpB [SEP] TUBB4A [SEP] 盆
DTPG0000057	PRKG2 [SEP] SPIRE2 [SEP] ALDH7A1 [SEP] crp [SEP] SMAD2 [SEP] 过程 [SEP] ADCY1 [SEP] 法尔萨 [SEP] folP1 [SEP] fdhF [SEP] SLC11A2 [SEP] 核糖核酸酶3 [SEP] ANXA2 [SEP] IDH1 [SEP] prcB [SEP] ITIH4 [SEP] DRD3 [SEP] 匝道2 [SEP] SOAT2 [SEP] KEAP1
DTPG0000058	cyp121 [SEP] SCN1A [SEP] 乌拉格 [SEP] bphA4 [SEP] PKM [SEP] TGM3 [SEP] PTGIS [SEP] TACR3 [SEP] CYP1B1 [SEP] 72 [SEP] AMHR2 [SEP] 同步 [SEP] NDUFB3 [SEP] AS3MT [SEP] GPI [SEP] pvdQ [SEP] REG1A [SEP] HLA-DRB1 [SEP] cbiD [SEP] 法布
DTPG0000059	PIK3CG [SEP] 阿尔达 [SEP] TIMP3 [SEP] CD19 [SEP] pagP [SEP] NIM1K [SEP] gcvT [SEP] 坎特1 [SEP] MSMO1 [SEP] ndoC [SEP] CCR9 [SEP] AKR1D1 [SEP] 湿疹 [SEP] PTPN6 [SEP] ECHS1 [SEP] 特兰 [SEP] VKORC1 [SEP] CACNA1E [SEP] PANX1 [SEP] EPN1
DTPG0000060	科德 [SEP] PDE10A [SEP] ASNS [SEP] RDH8 [SEP] 潘德 [SEP] PDHA2 [SEP] IFNAR1 [SEP] PHGDH [SEP] 乌普斯 [SEP] oxoO [SEP] 达普 [SEP] LAMC1 [SEP] ACTR3 [SEP] bgt [SEP] CCBL1 [SEP] NPM1 [SEP] SLC7A4 [SEP] ALDH4A1 [SEP] 公司 [SEP] LTA4H
DTPG0000061	CD276 [SEP] APLP2 [SEP] IL4 [SEP] ADAM17 [SEP] FDPS [SEP] CD9 [SEP] SLC6A7 [SEP] NEK4 [SEP] LTK [SEP] MTRR [SEP] APOD [SEP] HSP90AB1 [SEP] P3H2 [SEP] ORM2 [SEP] 刀 [SEP] 人工晶体 [SEP] CD79B [SEP] L3HYPDH [SEP] AMN [SEP] CASP9
DTPG0000062	P4HB [SEP] 生态的 [SEP] COX4I1 [SEP] ydhF [SEP] FGR [SEP] lpxA [SEP] ITGAV [SEP] KNG1 [SEP] rsgA [SEP] 雪莉 [SEP] 默德 [SEP] CYP2C8 [SEP] AHSG [SEP] CXCL10 [SEP] 隆 [SEP] Hrh1 [SEP] TUBA3C [SEP] 疤痕1 [SEP] GSC2 [SEP] chiB1
DTPG0000063	PPT1 [SEP] snf [SEP] CSF1R [SEP] ALDH3A2 [SEP] 卡姆格 [SEP] PON1 [SEP] BRCC3 [SEP] LIP1 [SEP] 奥卡 [SEP] 脑源性神经营养因子 [SEP] prr [SEP] PRKAR2A [SEP] IL6R [SEP] MAP4K4 [SEP] 泰尔 [SEP] MST [SEP] tzs [SEP] cyaB2 [SEP] 加州广播公司 [SEP] SUCLG2
DTPG0000064	LCN2 [SEP] 唠叨 [SEP] 视频显示器 [SEP] ITIH3 [SEP] CDA [SEP] pbp1b [SEP] ndx1 [SEP] SLC38A3 [SEP] 血清 [SEP] 齐帕 [SEP] PRKCG [SEP] 杂种狗 [SEP] 希腊字母表的第7个字母 [SEP] GLRA3 [SEP] 西格莱克1 [SEP] 核糖核酸酶1 [SEP] KLK3 [SEP] RFK [SEP] MAP4K5 [SEP] PLG
DTPG0000065	OXTR [SEP] NUAK1 [SEP] 格里克2 [SEP] NDUFA12 [SEP] CD40 [SEP] 氯化钾 [SEP] ANXA4 [SEP] 硫 [SEP] 阿罗夫 [SEP] MLLT4 [SEP] 酰基1 [SEP] JAK2 [SEP] 阿格 [SEP] 不 [SEP] LTC4 [SEP] algQ2 [SEP] 阿西 [SEP] S100A6 [SEP] TGFBR1 [SEP] TRAPPC6A
DTPG0000066	CKS1B [SEP] 西格 [SEP] LRP2 [SEP] CD22 [SEP] 配套元件 [SEP] MAP2K1 [SEP] 帕帕 [SEP] 嘴唇 [SEP] 柴堆 [SEP] RPL13A [SEP] 科布 [SEP] F7 [SEP] MMP27 [SEP] 芬1 [SEP] 个人计算机 [SEP] rplP [SEP] nudF [SEP] PFN2 [SEP] chbB [SEP] 第1条
DTPG0000067	PRLR [SEP] 地图4 [SEP] GHR [SEP] TPM4 [SEP] 斯普特 [SEP] phnX [SEP] 哇 [SEP] 库本 [SEP] NRDD [SEP] DCLK2 [SEP] PEBP1 [SEP] PCYT1A [SEP] P2RX4 [SEP] EPOR [SEP] C1S [SEP] PTPN11 [SEP] 博塔 [SEP] ACVRL1 [SEP] ATP5B [SEP] CAMKK1
DTPG0000068	法比 [SEP] GLO1 [SEP] GLS [SEP] EPHB2 [SEP] 利普 [SEP] 生物活性 [SEP] 桩1 [SEP] CHRM2 [SEP] MAP3K2 [SEP] 塔格 [SEP] NDUFB1 [SEP] 纳加 [SEP] PDK2 [SEP] ACADSB [SEP] hsaC [SEP] 佩特 [SEP] 阿德拉2a [SEP] PIP4K2C [SEP] RXRG [SEP] MMP19
DTPG0000069	shc [SEP] tvaI [SEP] NTRK3 [SEP] 男性的 [SEP] ME3 [SEP] PPP3R1 [SEP] KCNJ2 [SEP] 戈尔 [SEP] HMGB1 [SEP] PSMB5 [SEP] HSPA4 [SEP] 跑 [SEP] 福拉 [SEP] PIP4K2B [SEP] COL1A1 [SEP] KRT8 [SEP] blaFEZ-1 [SEP] C1QA [SEP] UGCG [SEP] 法赫
DTPG0000070	SIRT1 [SEP] GAPDH [SEP] 哈德 [SEP] mvaS [SEP] HGS [SEP] 绷紧 [SEP] 英语 [SEP] APEX1 [SEP] 伊西 [SEP] CASP7 [SEP] ACTN1 [SEP] HSD17B1 [SEP] AURKC [SEP] kdpB [SEP] ptlH [SEP] CHRNB2 [SEP] C8B [SEP] prs [SEP] 赛亚克 [SEP] IFNB1
DTPG0000071	G6PD [SEP] 摩阿 [SEP] 伊哈兹 [SEP] DMD [SEP] 加布尔克 [SEP] DDC [SEP] GNMT [SEP] 阿尔多布 [SEP] SREBF1 [SEP] ENO2 [SEP] DHRS3 [SEP] RPL23 [SEP] RAD51 [SEP] 斯佩布 [SEP] VAMP1 [SEP] 结果1 [SEP] 阿特佩 [SEP] 纳兹 [SEP] ME2 [SEP] PNPO
DTPG0000072	psbV [SEP] pknG [SEP] HSPH1 [SEP] 利亚斯 [SEP] CYTH2 [SEP] 阿提克 [SEP] TUBA4B [SEP] IL17A [SEP] afaE3 [SEP] TPx1 [SEP] FGA [SEP] 废话 [SEP] PAK3 [SEP] AXL [SEP] embC [SEP] C4BPA [SEP] MLNR [SEP] 平板电脑 [SEP] 六月 [SEP] 傲慢
DTPG0000073	NID1 [SEP] GGCX [SEP] 佩特 [SEP] clcA [SEP] ispU [SEP] 毒蛇1 [SEP] 冷静 [SEP] 阿波 [SEP] 诺斯 [SEP] SDF2 [SEP] ERBB4 [SEP] cst II [SEP] 氯化钾 [SEP] FTCD [SEP] SHBG [SEP] onr [SEP] GABRG1 [SEP] 坎克斯 [SEP] 恩多阿 [SEP] 毛克
DTPG0000074	SRSF4 [SEP] acs [SEP] CSNK1E [SEP] NEK1 [SEP] NEK3 [SEP] PDHB [SEP] TFF1 [SEP] MT-CYB [SEP] 图夫 [SEP] 冷落 [SEP] EIF6 [SEP] ADH5 [SEP] 迈尔克 [SEP] CTSB [SEP] 低密度脂蛋白受体 [SEP] GNAS [SEP] 泰拉 [SEP] SDC2 [SEP] P2 [SEP] 毛布
DTPG0000075	IL23A [SEP] 哈姆 [SEP] ACPP [SEP] ADAMTS5 [SEP] 托帕 [SEP] PVALB [SEP] gfo [SEP] rdmC [SEP] PRTN3 [SEP] MPO [SEP] PYGB [SEP] 普卡卡 [SEP] TNK2 [SEP] IGLC1 [SEP] DHPS [SEP] CDK2 [SEP] GPX3 [SEP] UAP1 [SEP] ALDH1A2 [SEP] 布吉尔
DTPG0000076	GLB1 [SEP] 帕洛阿尔托研究中心 [SEP] COQ8A [SEP] 可可 [SEP] 穆蒂 [SEP] CKMT1A [SEP] STK17B [SEP] pbpG [SEP] ITGB1 [SEP] RPS2 [SEP] CHRM3 [SEP] HSPA5 [SEP] rsmH [SEP] PRKAR1A [SEP] 伊查因 [SEP] trpF [SEP] CAMKK2 [SEP] NUCB2 [SEP] 图布 [SEP] 科布
DTPG0000077	PPP2CB [SEP] CTSG [SEP] NFE2L1 [SEP] qhnDH [SEP] MYLK4 [SEP] RCVRN [SEP] mshD [SEP] SLC2A1 [SEP] MPG [SEP] EPHB4 [SEP] 转醛醇酶基因 [SEP] PDGFRB [SEP] 赛克 [SEP] 雷萨 [SEP] CIB2 [SEP] fas [SEP] 卡环1 [SEP] TLK2 [SEP] fmt [SEP] CHIT1
DTPG0000078	cbhA [SEP] KCNC3 [SEP] E [SEP] RSL24D1 [SEP] ITGAL [SEP] CPNE1 [SEP] nrfC [SEP] ATP5I [SEP] RRM2B [SEP] HSPB1 [SEP] per1 [SEP] PTGER4 [SEP] SLC16A7 [SEP] SOD2 [SEP] 自溶素 [SEP] PLA2G2E [SEP] HBA 1 [SEP] PRKCQ [SEP] HGF [SEP] GCAT
DTPG0000079	TPR [SEP] C4A [SEP] 法达 [SEP] TLR9 [SEP] 纳德 [SEP] NEK11 [SEP] FBN3 [SEP] BLK [SEP] PST [SEP] DPP4 [SEP] PRSS2 [SEP] 管1 [SEP] MAP2K2 [SEP] TRPM4 [SEP] NFATC1 [SEP] ebgA [SEP] EGLN1 [SEP] CHRNB3 [SEP] TACR1 [SEP] IL2RG
DTPG0000080	阿恩布 [SEP] NDUFA11 [SEP] RPL8 [SEP] PMS2 [SEP] BCKDK [SEP] DFR1 [SEP] RAC1 [SEP] HPGDS [SEP] UQCRH [SEP] MASP2 [SEP] PLK2 [SEP] CRH [SEP] GRM1 [SEP] aspS [SEP] rfbB [SEP] ATP4A [SEP] FDFT1 [SEP] FCER2 [SEP] 埃皮德 [SEP] PDGFB
DTPG0000081	MAP3K13 [SEP] MAP4K1 [SEP] PCK1 [SEP] TRPA1 [SEP] CSNK2A1 [SEP] 乳清苷酸脱羧酶 [SEP] phr [SEP] MAP3K6 [SEP] msrC [SEP] 富卡 [SEP] 乌雷布 [SEP] CPS1 [SEP] 阿克利 [SEP] S100G [SEP] SLC6A2 [SEP] PNMT [SEP] MMP25 [SEP] TP73 [SEP] CASP3 [SEP] IDH3G
DTPG0000082	dhaB1 [SEP] 蔡 [SEP] 装甲运兵车 [SEP] AVPR1B [SEP] NMT1 [SEP] pox5 [SEP] ERBB3 [SEP] mdeA [SEP] MAP4K3 [SEP] EPHA5 [SEP] ALPPL2 [SEP] AXIN1 [SEP] cytc3 [SEP] CD40LG [SEP] PSMA2 [SEP] 比拉 [SEP] 佛罗里达州 [SEP] cpo [SEP] MC3R [SEP] 特雷兹
DTPG0000083	MMP8 [SEP] ACSL1 [SEP] 闲聊 [SEP] PTGDR [SEP] ATP2B1 [SEP] ompG [SEP] COX6A2 [SEP] 夫人 [SEP] RAB11A [SEP] CACNB4 [SEP] NARS2 [SEP] TMPRSS2 [SEP] PTGER2 [SEP] TXNRD1 [SEP] CPK4 [SEP] HSD17B4 [SEP] 福亚 [SEP] pbpB [SEP] COX7C [SEP] DHRS4L1
DTPG0000084	SYN1 [SEP] TOP2B [SEP] 哈格 [SEP] 阿拉德 [SEP] S100A10 [SEP] glcB公司 [SEP] HNRNPF [SEP] 硅 [SEP] 特拉奥 [SEP] MTHFR [SEP] rpsZ [SEP] tthHB8IM [SEP] KCND1 [SEP] F2R [SEP] DTYMK [SEP] 亚尔斯 [SEP] GPR35 [SEP] TRPM7 [SEP] DHFRL1 [SEP] ZYX
DTPG0000085	LIG3 [SEP] PPIC [SEP] NCAN [SEP] BLVRB [SEP] 17 [SEP] s [SEP] MMP23A [SEP] CXCL12 [SEP] 勒布 [SEP] 英镑 [SEP] PGM1 [SEP] 生物 [SEP] 阿尔萨 [SEP] TST [SEP] 特瓦伊 [SEP] IL1R1 [SEP] C5AR1 [SEP] GLRB [SEP] SLC7A2 [SEP] DLG4
DTPG0000086	约夫 [SEP] 毛亚 [SEP] ygbM [SEP] SERPINF1 [SEP] GABBR2 [SEP] CA6 [SEP] cs1 [SEP] 非处方药 [SEP] IL3RA [SEP] GSTA3 [SEP] IL2RB [SEP] IKBKB [SEP] 丝氨酸羟甲基转移酶基因 [SEP] EPHA8 [SEP] ptsH [SEP] CD80 [SEP] nrfA [SEP] fecA [SEP] GCA [SEP] CTSS
DTPG0000087	FABP2 [SEP] rfbD [SEP] EPHB1 [SEP] pcaA [SEP] 阿美 [SEP] CSNK1A1 [SEP] TFPI [SEP] SLC16A6 [SEP] 该死的 [SEP] ABCB11 [SEP] 克罗特 [SEP] CYP2C19 [SEP] LIPT1 [SEP] GLRX2 [SEP] 阿姆 [SEP] hheC [SEP] NAAA [SEP] TKT [SEP] NUDC [SEP] 皮布
DTPG0000088	SF3A3 [SEP] IGKC [SEP] KCNJ4 [SEP] xynC [SEP] pbp3 [SEP] KCNMB2 [SEP] PTPN12 [SEP] 塔布 [SEP] KCNA1 [SEP] 色拉 [SEP] 雪儿 [SEP] 塞尔卡 [SEP] DRD1 [SEP] 表皮生长因子受体 [SEP] 计算机辅助设计 [SEP] RUVBL2 [SEP] 伊迪 [SEP] PPARGC1B [SEP] CSF2RA [SEP] IL13RA2
DTPG0000089	pbp2a [SEP] CYP1A2 [SEP] 阿罗布 [SEP] 卡塔 [SEP] COX6C [SEP] 赛义德 [SEP] CDK8 [SEP] PMP2 [SEP] udp [SEP] rsbQ [SEP] xynY [SEP] SLC36A1 [SEP] PDE1A [SEP] SNX3 [SEP] nbaC [SEP] 埃洛夫 [SEP] 尼姆 [SEP] 阿拉夫 [SEP] MAP4K2 [SEP] folP2
DTPG0000090	PSAP [SEP] ACTB [SEP] 羔羊 [SEP] 中国产业海外发展协会 [SEP] MMP15 [SEP] HTR2B [SEP] 氮氧化物 [SEP] accC [SEP] RBP3 [SEP] NR1D2 [SEP] CLPP [SEP] P2RY11 [SEP] TUBG1 [SEP] ABCC2 [SEP] ARPC1B [SEP] NFKB2 [SEP] NPY5R [SEP] unc-38 [SEP] 纳格鲁 [SEP] serC
DTPG0000091	LIP3 [SEP] 阿拉夫 [SEP] 波拉 [SEP] AKT1 [SEP] CSF2 [SEP] CDC42BPG [SEP] HABP2 [SEP] CYP2C9 [SEP] NT5E [SEP] 帕迪1 [SEP] unc-63 [SEP] SLC25A12 [SEP] eltB [SEP] CACNA1G [SEP] NTSR2 [SEP] FBP1 [SEP] M6PR [SEP] MAN2A1 [SEP] V-SRC [SEP] 12
DTPG0000092	DYRK1A [SEP] 纳加 [SEP] 卡塔 [SEP] LTB4R2 [SEP] RIPK1 [SEP] ceaC [SEP] TLR8 [SEP] 嗯 [SEP] xynZ [SEP] GSTA2 [SEP] 是 [SEP] C1QC [SEP] 阿斯帕 [SEP] 卫生防护中心 [SEP] entB [SEP] 梅亚 [SEP] ACAA2 [SEP] 格里克3 [SEP] 克里姆 [SEP] GLDC
DTPG0000093	PI4KB [SEP] PDE2A [SEP] AMY2B [SEP] ALDH1A3 [SEP] 光盘 [SEP] CYP2E1 [SEP] 科巴 [SEP] 德拉 [SEP] MOCS2 [SEP] ahpF [SEP] kbaY [SEP] CA5A [SEP] BHMT [SEP] SULT1A1 [SEP] moxG [SEP] ASMT [SEP] 纳格 [SEP] 活动 [SEP] 托克斯 [SEP] sacB
DTPG0000094	NEU1 [SEP] GSTZ1 [SEP] MAP2K3 [SEP] MMAA [SEP] pdx1 [SEP] TAS1R2 [SEP] PRDX1 [SEP] F5 [SEP] 埃利斯 [SEP] 咕噜声 [SEP] ANTXR1 [SEP] SERPING1 [SEP] CACNA1B [SEP] RYR2 [SEP] 夏普 [SEP] 集成电路设备 [SEP] S100P [SEP] IL4I1 [SEP] azr [SEP] glnA1
DTPG0000095	ESRRB [SEP] KPC-2 [SEP] TLK1 [SEP] MR1 [SEP] 饶舌 [SEP] ethR [SEP] BHMT2 [SEP] pptA [SEP] CYC1 [SEP] mdh [SEP] MYO3A [SEP] NEK5 [SEP] PCBD1 [SEP] RAF1 [SEP] 扑通一声 [SEP] ppa [SEP] ABCB1 [SEP] PLA2G1B [SEP] NIP7 [SEP] 图A1A
DTPG0000096	皮尔德 [SEP] 战区导弹防御系统 [SEP] LTF [SEP] 欣1 [SEP] ALKBH3 [SEP] SERPIND1 [SEP] 废话 [SEP] PLD2 [SEP] sfp [SEP] 福尔克 [SEP] GSR [SEP] PRKDC [SEP] 网络操作系统 [SEP] SFTPA1 [SEP] SF3B1 [SEP] GNG2 [SEP] CMAS [SEP] 拉阿 [SEP] CBR1 [SEP] ITGA4
DTPG0000097	HTR1B [SEP] CPA1 [SEP] acuC1 [SEP] rpsC [SEP] 机架1 [SEP] CCBL2 [SEP] FKBP1A [SEP] AHSP [SEP] TPH2 [SEP] P4HA2 [SEP] DCPS [SEP] 木 [SEP] NNMT [SEP] MT-CO3 [SEP] ECI2 [SEP] NDUFB2 [SEP] GSTO2 [SEP] lpxC [SEP] SERPINA4 [SEP] rpoZ
DTPG0000098	LCMT1 [SEP] MAPK13 [SEP] A2M [SEP] MT-ND4L [SEP] 拉格 [SEP] GRIN2A [SEP] CES1 [SEP] MAP2 [SEP] OGFOD2 [SEP] hldD [SEP] GCDH [SEP] SCPEP1 [SEP] KCNH2 [SEP] FPR1 [SEP] rmlC [SEP] 阿特斯克 [SEP] UBE2D2 [SEP] pufM [SEP] IDH3B [SEP] RCAN1
DTPG0000099	PCTP [SEP] GCSH [SEP] PSMB1 [SEP] LCMT2 [SEP] DCXR [SEP] ADRA2C [SEP] TFRC [SEP] agp [SEP] KDM5D [SEP] ASIC2 [SEP] 伊特韦 [SEP] PPIH [SEP] VLDLR [SEP] MMP13 [SEP] FLNA [SEP] PDF [SEP] Inoph1 [SEP] THBD [SEP] MC2R [SEP] pdxY
DTPG0000100	msrA [SEP] FOS [SEP] EPRS [SEP] trpS [SEP] FGFR1 [SEP] 忧郁的 [SEP] 拉斯布 [SEP] 波拉1 [SEP] CPT2 [SEP] IGHV3-30 [SEP] IL12B [SEP] SNCA [SEP] GSTO1 [SEP] 坡道3 [SEP] 任 [SEP] 埃尔恩 [SEP] CCK [SEP] CD55 [SEP] 笨蛋 [SEP] TPSB2
DTPG0000101	SERPINE1 [SEP] HTR3C [SEP] SLC6A8 [SEP] fpvA [SEP] PNP [SEP] thyA [SEP] ctxB [SEP] NADSYN1 [SEP] HSPG2 [SEP] AGXT [SEP] LDHA [SEP] JAK1 [SEP] dsbA [SEP] gmd [SEP] PSMB9 [SEP] 达卡 [SEP] S1PR1 [SEP] GCLC [SEP] SCN10A [SEP] 芡欧鼠尾草
DTPG0000102	MMP9 [SEP] DHRS11 [SEP] CSN3 [SEP] KRT2 [SEP] mndD [SEP] AOC3 [SEP] RPL19 [SEP] 索斯特 [SEP] 托尼 [SEP] 表皮生长因子 [SEP] NDUFA1 [SEP] rdxA [SEP] CHRNA10 [SEP] PKN2 [SEP] HTR1E [SEP] 美国东部时间 [SEP] 卡格 [SEP] EIF2AK2 [SEP] HNF4A [SEP] 佩克
DTPG0000103	IL1B [SEP] SNRK [SEP] HSP90AA1 [SEP] HDAC4 [SEP] FGFR4 [SEP] FCGRT [SEP] 消费税 [SEP] 伊茨 [SEP] PGD [SEP] FTH1 [SEP] GR2 [SEP] CD14 [SEP] frdC [SEP] 中学学位分配 [SEP] PRKAB1 [SEP] 纳吉 [SEP] 木桶 [SEP] MAPK11 [SEP] fpr [SEP] FGG
DTPG0000104	SCN1B [SEP] CYP2C18 [SEP] SFTPD [SEP] fabG3 [SEP] PRNP [SEP] CYCS [SEP] nuc [SEP] SERPINB3 [SEP] TRBC1 [SEP] mdtK [SEP] MAPK8 [SEP] glvA [SEP] PAK2 [SEP] ACVR1B [SEP] CXCR4 [SEP] LY96 [SEP] GSTM4 [SEP] mltB [SEP] dfrB [SEP] GUK1
DTPG0000105	SDHC [SEP] GPT2 [SEP] 卡姆 [SEP] gdhB [SEP] 二氧化碳 [SEP] RHO [SEP] 大都会 [SEP] AKR1C2 [SEP] INS [SEP] APOBEC1 [SEP] CDK17 [SEP] aacC1 [SEP] DAPP1 [SEP] lgtC [SEP] NPY4R [SEP] KCNJ5 [SEP] BCL2 [SEP] 凯布 [SEP] 锡克1 [SEP] TMP1
DTPG0000106	PDK1 [SEP] RPL4 [SEP] 哎哟 [SEP] 法阿 [SEP] 吹牛 [SEP] DDAH1 [SEP] cgt [SEP] nadB [SEP] MYLK3 [SEP] 阿多拉3 [SEP] NR4A3 [SEP] ALDH1L1 [SEP] AVPR1A [SEP] 阿格拉 [SEP] 胸径 [SEP] ansB [SEP] 阿尔 [SEP] PARP3 [SEP] CDKL2 [SEP] BDH1
DTPG0000107	RDH12 [SEP] GYG1 [SEP] fprA [SEP] 阿卡德 [SEP] CHRNA3 [SEP] rpsB [SEP] 咕噜咕噜的响声 [SEP] CAMK4 [SEP] PRPF4B [SEP] CYP21A2 [SEP] ANKK1 [SEP] DNPEP [SEP] C9 [SEP] HLCS [SEP] 鲁奥 [SEP] crtM [SEP] SLC25A29 [SEP] CASP4 [SEP] AARS [SEP] CMA1
DTPG0000108	梅尔克 [SEP] 修剪13 [SEP] EN2 [SEP] 瓦尔斯 [SEP] clpB [SEP] PLA2G4A [SEP] cslB [SEP] mmaA2 [SEP] PYCRL [SEP] bfrA [SEP] 营地 [SEP] NPY1R [SEP] 普塞宁 [SEP] CAMK2D [SEP] thrS [SEP] MAPK12 [SEP] GABRA6 [SEP] SCN2A [SEP] 忧郁的 [SEP] 阿卡兹
DTPG0000109	NUCB1 [SEP] HPR [SEP] trpD [SEP] PRMT3 [SEP] bioH [SEP] XDH [SEP] 哈帕 [SEP] 氯化钾 [SEP] chiB [SEP] MMP10 [SEP] KCNJ6 [SEP] 蒂罗3 [SEP] BCAT1 [SEP] TRPM8 [SEP] BMPR1A [SEP] 莱恩 [SEP] CHRM5 [SEP] RPS8 [SEP] 赫特人 [SEP] MST1R
DTPG0000110	英格 [SEP] ZAP70 [SEP] LRRK2 [SEP] 穆里 [SEP] SERA5 [SEP] C4BPB [SEP] CADPS [SEP] TRAPPC6B [SEP] bphK [SEP] GSTA5 [SEP] 扎克 [SEP] STAB2 [SEP] STS [SEP] ATP6 [SEP] DAPK2 [SEP] 莱娅 [SEP] CYP11A1 [SEP] SCN11A [SEP] 达拉 [SEP] DCD
DTPG0000111	TOP1MT [SEP] ADAM10 [SEP] 托德 [SEP] UQCR10 [SEP] 阿法 [SEP] 冷静 [SEP] NDUFS7 [SEP] 啃咬 [SEP] FFAR4 [SEP] scpB [SEP] OXSR1 [SEP] COX8A [SEP] 穆拉 [SEP] rmlA [SEP] TPH1 [SEP] 托尔克 [SEP] HTR3E [SEP] 咕噜 [SEP] 门诊部 [SEP] BGLAP
DTPG0000112	HCK [SEP] CCL11 [SEP] SNRPD2 [SEP] 特克 [SEP] ASIC1 [SEP] dkgA [SEP] GPRC5A [SEP] FGFR2 [SEP] CEBPB [SEP] fbpA [SEP] 圣诞老人 [SEP] CALCR [SEP] L5 [SEP] ANXA3 [SEP] MYH7 [SEP] KRT7 [SEP] 生物 [SEP] HTR3D [SEP] P3H3 [SEP] CLCN2
DTPG0000113	STK3 [SEP] SLC38A1 [SEP] hslO [SEP] xpt [SEP] HCAR2 [SEP] IAPP [SEP] 持续专业发展 [SEP] 小块地 [SEP] IL5 [SEP] RAB5A [SEP] BST1 [SEP] 应用程序 [SEP] NNT [SEP] PRDX2 [SEP] EIF2S3 [SEP] GSPT1 [SEP] 希夫兰 [SEP] ITIH2 [SEP] pflB [SEP] 爱普斯
DTPG0000114	HSD17B7 [SEP] rplV [SEP] BPHL [SEP] CYP4A11 [SEP] STK32A [SEP] 西甲 [SEP] MGEA5 [SEP] MAP3K3 [SEP] INSRR [SEP] 西格玛1 [SEP] CA3 [SEP] PPP3R2 [SEP] ABO [SEP] GABRA1 [SEP] 卡萨 [SEP] rtcA [SEP] IDO1 [SEP] PSG5 [SEP] slt [SEP] 拉特
DTPG0000115	pccB [SEP] 奥普拉德 [SEP] 表1 [SEP] SCN3A [SEP] 拉卡 [SEP] 德 [SEP] DDR1 [SEP] KRTAP5-2 [SEP] NOLC1 [SEP] hld [SEP] MT-ND2 [SEP] MBL2 [SEP] CSNK2B [SEP] 尿毒症 [SEP] PPIB [SEP] pgl [SEP] GPHN [SEP] 酪氨酸转氨酶 [SEP] 穆特尔 [SEP] ARPC2
DTPG0000116	斯佩 [SEP] CYTH3 [SEP] NR1I3 [SEP] cag阿尔法 [SEP] 喹诺酮 [SEP] TPO [SEP] PDE8A [SEP] 阿尔萨 [SEP] TAOK3 [SEP] NR3C2 [SEP] 波巴 [SEP] 利帕 [SEP] pldA [SEP] NS5A [SEP] LGALS1 [SEP] SCNN1B [SEP] cmoA [SEP] NOX1 [SEP] CA5B [SEP] 是的
DTPG0000117	A1BG [SEP] ANTXR2 [SEP] doxG [SEP] S1PR3 [SEP] DIO3 [SEP] 法布 [SEP] qbdA [SEP] 马特克 [SEP] pph [SEP] 法布 [SEP] 恩佩普 [SEP] MAPK3 [SEP] KAT2B [SEP] 呸 [SEP] HNRNPH1 [SEP] ATP5C1 [SEP] sdhB [SEP] EPHB6 [SEP] 南克 [SEP] FHIT
DTPG0000118	GABRG2 [SEP] dnaQ [SEP] CCND1 [SEP] PIK3R3 [SEP] 格利亚特 [SEP] 43 [SEP] 点头2 [SEP] rnz [SEP] SLC6A3 [SEP] CHRM4 [SEP] SLC22A8 [SEP] KAT5 [SEP] KCNN4 [SEP] 普罗克 [SEP] CNR2 [SEP] MMP21 [SEP] wecB [SEP] AQP1 [SEP] HAPLN3 [SEP] 这
DTPG0000119	IGLL1 [SEP] APOE [SEP] 喋喋不休 [SEP] ADCYAP1 [SEP] NDUFV3 [SEP] HM13 [SEP] RHO1 [SEP] APOA2 [SEP] PPIG [SEP] MAPK7 [SEP] NCOA1 [SEP] 康特 [SEP] CA8 [SEP] FGF2 [SEP] 汽车 [SEP] F12 [SEP] CACNA2D2 [SEP] 阿尔德 [SEP] petC [SEP] 布拉什夫
DTPG0000120	GSTK1 [SEP] PLA2G10 [SEP] CACNA1S [SEP] 裂痕2 [SEP] NQO1 [SEP] 伊维 [SEP] HNF4G [SEP] 尼斯 [SEP] EEF1A1L14 [SEP] PTPRS [SEP] 卡尔 [SEP] TUBB1 [SEP] SLC1A2 [SEP] SMPD3 [SEP] ITGA2B [SEP] MMP7 [SEP] IRGC [SEP] 丘疹 [SEP] cyp158a2 [SEP] PRKACB
DTPG0000121	SV2A [SEP] 奥格德 [SEP] ABCC4 [SEP] mrcA [SEP] 设定7 [SEP] LPL [SEP] STK38 [SEP] arsC [SEP] CASQ2 [SEP] 特斯布 [SEP] nfsA [SEP] 福胡德 [SEP] CHRNA2 [SEP] SLC9A3 [SEP] NDUFA3 [SEP] aspC [SEP] 卢姆 [SEP] 穆特 [SEP] 米娅 [SEP] S100A11
DTPG0000122	LHCGR [SEP] KCNH7 [SEP] 派克靴 [SEP] COX5B [SEP] Fol3 [SEP] 阿巴特 [SEP] GABRG3 [SEP] CTSH [SEP] NMNAT1 [SEP] acdS [SEP] 罗布 [SEP] GPBAR1 [SEP] gmm [SEP] mgtA [SEP] 阿瓜 [SEP] HDAC9 [SEP] EIF4E [SEP] CFD [SEP] CTH [SEP] BMP2K
DTPG0000123	CRHR1 [SEP] BDKRB1 [SEP] 拉特 [SEP] SLC15A2 [SEP] PPP1CC [SEP] DNMT1 [SEP] CASP8 [SEP] 甲状旁腺素 [SEP] 焦油2 [SEP] SAR1B [SEP] PLCD1 [SEP] 塞拉 [SEP] 拉哈 [SEP] sdhA [SEP] CD33 [SEP] fdnI [SEP] DGKD [SEP] TGFB2 [SEP] ATP2A1 [SEP] KCNMA1
DTPG0000124	水坝 [SEP] 莫布 [SEP] tdk [SEP] hcp公司 [SEP] HCRTR1 [SEP] 疼痛 [SEP] HRNR [SEP] NPR [SEP] GLS2 [SEP] pfkA [SEP] DMPK [SEP] KCNQ1 [SEP] LYVE1 [SEP] 卡尔卡 [SEP] CHRNA7 [SEP] rpsG [SEP] SLCO2B1 [SEP] MTHFD2 [SEP] GABRB1 [SEP] 利普
DTPG0000125	呸 [SEP] 阿达特 [SEP] 波茨 [SEP] ODC1 [SEP] NS3\/4A [SEP] 普基亚 [SEP] SLC5A6 [SEP] ROS1 [SEP] 阿西 [SEP] GLP1R [SEP] SRPK2 [SEP] 苏丽 [SEP] CSK [SEP] Sec31p [SEP] 氮氧化物 [SEP] PLK4 [SEP] CDK7 [SEP] ugl [SEP] acpS [SEP] MUC16
DTPG0000126	PLK1 [SEP] 安佩普 [SEP] dacC [SEP] CYP19A1 [SEP] cydC [SEP] MAPK15 [SEP] TXN [SEP] PTPN1 [SEP] PROS1 [SEP] PSPH [SEP] ompX [SEP] 马尔普 [SEP] PDE6G [SEP] rpsL [SEP] 帕普 [SEP] ZFY [SEP] SCTR [SEP] NEU2 [SEP] opmA [SEP] UL54
DTPG0000127	隆 [SEP] EEA1 [SEP] 福奇 [SEP] IGF1R [SEP] 鞋带 [SEP] RDH5 [SEP] PFKFB1 [SEP] KRT6A [SEP] GPX4 [SEP] GNAI1 [SEP] 呐 [SEP] CYP2A6 [SEP] celCCF [SEP] dlgD [SEP] 佩佩 [SEP] GCLM [SEP] MAP3K1 [SEP] PRSS1 [SEP] LSM6 [SEP] C3
DTPG0000128	GABRR2 [SEP] gag pro pol [SEP] cmaA1 [SEP] HTR2A [SEP] 布拉 [SEP] 蕾西 [SEP] NDUFA13 [SEP] SLC25A5 [SEP] RPSA [SEP] 瑞拉 [SEP] rpsI [SEP] PPP2R1A [SEP] 阿米克 [SEP] SLC22A11 [SEP] UCKL1 [SEP] ACOT13 [SEP] 阿特 [SEP] B4GALT1 [SEP] C8A [SEP] 多拉
DTPG0000129	GPR18 [SEP] ymdB [SEP] ASIC3 [SEP] CPB1 [SEP] 斯波伊 [SEP] FBN2 [SEP] EGLN2 [SEP] CACNA2D3 [SEP] POLA2 [SEP] UPP1 [SEP] MMP26 [SEP] pgmB [SEP] GLIPR1 [SEP] THYA [SEP] 阿罗克 [SEP] KRT1 [SEP] 貂皮 [SEP] 助理 [SEP] 桶3 [SEP] blaUOE-1
DTPG0000130	菲斯 [SEP] HTR1D [SEP] PDE11A [SEP] HRG [SEP] rhaD [SEP] DYRK1B [SEP] 帕德 [SEP] CSNK2A2 [SEP] 行动2 [SEP] 奥普拉 [SEP] AK8 [SEP] RPL10 [SEP] SMPD1 [SEP] trpS2 [SEP] ABCC8 [SEP] CALCRL [SEP] LIMK2 [SEP] 努阿 [SEP] ITGB4 [SEP] tgt
DTPG0000131	IMPG2 [SEP] RPS28 [SEP] RPS18 [SEP] 乒乓球 [SEP] pbp2 [SEP] IFNGR1 [SEP] SLC22A12 [SEP] 塞尔布 [SEP] GPR55 [SEP] PDE6H [SEP] CACNA2D1 [SEP] glpG [SEP] CD3G [SEP] UCHL1 [SEP] dld [SEP] HLA-B [SEP] hmcA [SEP] IDH3A [SEP] 伊比夫 [SEP] APOC2
DTPG0000132	RRM2 [SEP] 惩教署 [SEP] 格里克5 [SEP] bgl3 [SEP] EFTUD1 [SEP] icl [SEP] DGAT2 [SEP] SLC7A7 [SEP] 维肯 [SEP] GGACT [SEP] MAP3K19 [SEP] CTSL [SEP] MT-ND6 [SEP] 凯尔 [SEP] budC [SEP] 亚速尔 [SEP] 原子力显微镜 [SEP] CD3E [SEP] PRG2 [SEP] DGKG
DTPG0000133	METAP2 [SEP] CD274 [SEP] GRM3 [SEP] qheDH [SEP] SERPINB5 [SEP] RIOK3 [SEP] 博特 [SEP] 伊哈德 [SEP] pcaH [SEP] KCNK9 [SEP] TLR7 [SEP] KLKB1 [SEP] GLYATL1 [SEP] actVA 6 [SEP] 呸 [SEP] 第三类 [SEP] TNNC1 [SEP] STAT3 [SEP] PPP2CA [SEP] NMRAL1
DTPG0000134	IGKV1-17 [SEP] LDHAL6B [SEP] ABCC5 [SEP] CSF2RB [SEP] CYP1A1 [SEP] L1 [SEP] 肺结核 [SEP] TPSAB1 [SEP] MAP3K10 [SEP] 管理 [SEP] 内夫 [SEP] GSK3A [SEP] PAICS [SEP] ENO3 [SEP] DNMT3B [SEP] ndx4 [SEP] uao [SEP] 伊拉克人3 [SEP] 艾米 [SEP] NDUFS2
DTPG0000135	GCGR [SEP] 拉奇 [SEP] AFG3L2 [SEP] 奥帕 [SEP] PNLIP [SEP] 遇见 [SEP] CKM [SEP] ATF1 [SEP] GUCY1B1 [SEP] HSD17B2 [SEP] FST [SEP] prx [SEP] GHRHR [SEP] LMAN1 [SEP] 茜拉 [SEP] SGK3 [SEP] MMP20 [SEP] gcdA [SEP] PHYKPL [SEP] fksA
DTPG0000136	PGF [SEP] ITGB3 [SEP] CYB5R3 [SEP] AOX1 [SEP] 嘎 [SEP] 时尚2 [SEP] 奥萨 [SEP] FCGR2A [SEP] STK26 [SEP] PDE4C [SEP] FUBP1 [SEP] ADCY2 [SEP] HSD3B1 [SEP] 哈哈 [SEP] 喇嘛1 [SEP] GRIN3B [SEP] PADI3 [SEP] UQCRC1 [SEP] SLC7A1 [SEP] STMN4
DTPG0000137	TAS2R16 [SEP] PF4 [SEP] fdnG [SEP] EEF1A1 [SEP] RDH13 [SEP] cbiF [SEP] 瓜布 [SEP] AQP3 [SEP] GC [SEP] CACNA1C [SEP] BMPR2 [SEP] 莉莎 [SEP] HTR4 [SEP] XRCC4 [SEP] ACS3 [SEP] 四月 [SEP] ISYNA1 [SEP] ADH4 [SEP] GPX7 [SEP] 孟
DTPG0000138	LIG1 [SEP] CYP51A1 [SEP] CLEC4E [SEP] def2 [SEP] hdaH [SEP] ABCC9 [SEP] 海勒 [SEP] 阿拉斯1 [SEP] 英格 [SEP] frdD [SEP] ACSL4 [SEP] 默格 [SEP] ESR2 [SEP] DAPK3 [SEP] 尼布 [SEP] OBP2A [SEP] SSTR3 [SEP] PSMB7 [SEP] CDKN1A [SEP] QPRT
DTPG0000139	UGT1A9 [SEP] ECE1 [SEP] yvbK [SEP] 暗黑破坏神 [SEP] C1QB [SEP] cc4 [SEP] TNFRSF9 [SEP] TRM3 [SEP] 卡拉 [SEP] CAMK1G [SEP] ksi [SEP] 耐甲氧西林金黄色葡萄球菌 [SEP] 香港 [SEP] KCNJ8 [SEP] 利克特 [SEP] ADRBK2 [SEP] 尖沙咀 [SEP] 恩哈 [SEP] 普拉尔 [SEP] GSTM2
DTPG0000140	FGF19 [SEP] PDE5A [SEP] 氯化钾 [SEP] SMPD4 [SEP] 希斯克 [SEP] cefE [SEP] PTGS2 [SEP] MYL12A [SEP] GLRA2 [SEP] GAD65 [SEP] CYP17A1 [SEP] EIF2AK4 [SEP] 博格 [SEP] MAP1A [SEP] 穆尔 [SEP] xyn10C [SEP] XPO1 [SEP] ERBB2 [SEP] EPHX2 [SEP] CDC60
DTPG0000141	EZH2 [SEP] MAPK1 [SEP] CFI [SEP] fkbI [SEP] PSMB10 [SEP] 非典 [SEP] ispF [SEP] EPHA3 [SEP] prcA [SEP] 蒂姆 [SEP] fcbC [SEP] 人物配对关系 [SEP] SLC7A8 [SEP] ALOX15 [SEP] 达布 [SEP] L3MBTL1 [SEP] ABCA1 [SEP] NAE1 [SEP] PIK3CB [SEP] MT-ND1
DTPG0000142	循环流化床 [SEP] NUDT9 [SEP] RAB8B [SEP] C1QBP [SEP] gp41 [SEP] HNMT [SEP] ITGAX [SEP] B3GAT3 [SEP] NR1H3 [SEP] CADPS2 [SEP] pcm [SEP] MT1A [SEP] MED1 [SEP] 阿德拉 [SEP] glf [SEP] SRP14 [SEP] 波尔 [SEP] rpsM [SEP] MAT2A [SEP] 近红外光谱
DTPG0000143	色氨酸合成酶 [SEP] abfD [SEP] FAP [SEP] FCGR3B [SEP] 屁股 [SEP] KCNC4 [SEP] AARS2 [SEP] 埃斯特布 [SEP] TPMT [SEP] EBP [SEP] RDH11 [SEP] AK2 [SEP] 富林 [SEP] GRM7 [SEP] HSD11B2 [SEP] 法尔斯布 [SEP] 福尔普 [SEP] glpK [SEP] PIN1 [SEP] ADRB2
DTPG0000144	NDUFA8 [SEP] C8G [SEP] GPR119 [SEP] PEF1 [SEP] 特萨 [SEP] PLK3 [SEP] ST14 [SEP] 潘布 [SEP] ARL1 [SEP] 摇滚乐1 [SEP] PGA5 [SEP] RPL15 [SEP] GABRR1 [SEP] 玻璃钢 [SEP] fni [SEP] ESRRG [SEP] FXYD2 [SEP] 泰克斯 [SEP] maf [SEP] 佩特
DTPG0000145	RPS6KA4 [SEP] GPD1 [SEP] NDUFAB1 [SEP] STAT5B [SEP] 科阿 [SEP] TUBA1C [SEP] 生物燃料 [SEP] GLRX [SEP] GABBR1 [SEP] lfrR [SEP] MMP14 [SEP] 拉茨 [SEP] IGFBP3 [SEP] KRTAP5-3 [SEP] UQCR11 [SEP] MDM2 [SEP] 施以 [SEP] 普罗兹 [SEP] pks18 [SEP] cyp102A1
DTPG0000146	rpl2 [SEP] 地上二层 [SEP] tnp [SEP] IL2 [SEP] PBP1 [SEP] TBXA2R [SEP] 生物 [SEP] PPP3CA [SEP] CACNG2 [SEP] PPP5C [SEP] 阿德拉2b [SEP] ATP6V0A1 [SEP] 卡姆拉德 [SEP] 地铁 [SEP] 摩登派青年 [SEP] NDUFA10 [SEP] DNMT3A [SEP] 哈达 [SEP] 图八 [SEP] 乌莎
DTPG0000147	IL6 [SEP] 因辛普 [SEP] SPHK2 [SEP] TRPV3 [SEP] CASP1 [SEP] 塞莱1 [SEP] NPY2R [SEP] NR5A1 [SEP] 活动 [SEP] PRKD1 [SEP] SEC14L2 [SEP] ATP6V1A [SEP] cqsA [SEP] mrcB [SEP] 卡拉克 [SEP] HTR5A [SEP] TOP1 [SEP] NDUFS1 [SEP] RXRB [SEP] CD4
DTPG0000148	HRH2 [SEP] 波尔布 [SEP] ABL1 [SEP] HSPA13 [SEP] rpsE [SEP] rfbE [SEP] HDAC2 [SEP] glmS [SEP] APH1A [SEP] EPHA2 [SEP] nspA [SEP] IGLV3-21 [SEP] ITIH1 [SEP] 阿祖 [SEP] ompC [SEP] GUCY2C [SEP] 雷卡 [SEP] 埃斯特拉 [SEP] SLC16A2 [SEP] gpt
DTPG0000149	PSMA5 [SEP] m-6 [SEP] hyuA [SEP] MYH9 [SEP] IL3 [SEP] AKR1C4 [SEP] SOD3 [SEP] 扑通一声 [SEP] pdc [SEP] MC5R [SEP] 塔特 [SEP] LCK [SEP] 十六进制 [SEP] CXCL8 [SEP] 桶1 [SEP] prmC [SEP] KCNN2 [SEP] SLC25A6 [SEP] KIF1A [SEP] SRC
DTPG0000150	皮尔达 [SEP] KRT16 [SEP] glnA [SEP] 哼 [SEP] 伊夫卡 [SEP] 梅格 [SEP] HEPHL1 [SEP] 爸爸 [SEP] CA14 [SEP] 卡尔 [SEP] MKL1 [SEP] NCOA2 [SEP] PTK6 [SEP] ALDH3B1 [SEP] ETFDH [SEP] 乔布 [SEP] acrB [SEP] ptsP [SEP] PDE9A [SEP] fcbB
DTPG0000151	CD1A [SEP] 双加氧酶 [SEP] 代表 [SEP] MTNR1A [SEP] 近红外 [SEP] F10 [SEP] NMT2 [SEP] SH2B3 [SEP] PIK3R1 [SEP] 加特 [SEP] MT-ATP6 [SEP] 好的 [SEP] TSLP [SEP] sseA [SEP] NDUFV1 [SEP] SLC5A2 [SEP] FOLH1 [SEP] HDGF [SEP] VIM-2 [SEP] tsx
DTPG0000152	stx2eB [SEP] 卢森堡 [SEP] chxA [SEP] 个人通讯簿 [SEP] dsbC [SEP] PIK3C3 [SEP] PTGES3 [SEP] TRAPPC1 [SEP] YWHAQ [SEP] KCNK3 [SEP] CTLA4 [SEP] 基努 [SEP] ITK [SEP] 复星 [SEP] cybC [SEP] 阿迪奇 [SEP] CACNG1 [SEP] IGHG1 [SEP] S100A16 [SEP] GRM4
DTPG0000153	fccA [SEP] 罗拉 [SEP] PRKCA [SEP] CAMK2G [SEP] HSPE1 [SEP] SRM [SEP] ppx [SEP] 佩恩 [SEP] TREM1 [SEP] IGHA2 [SEP] SLC22A6 [SEP] ARF6 [SEP] HNRNPK [SEP] 维姆 [SEP] IL5RA [SEP] KCNN3 [SEP] algC [SEP] 梳子 [SEP] 费尔 [SEP] PTDSS2
DTPG0000154	ACP1 [SEP] RPS6KA6 [SEP] tkt2 [SEP] ARPC5 [SEP] 伊兰 [SEP] kpsU [SEP] 第1条 [SEP] GGPS1 [SEP] EPHA7 [SEP] LTB4R [SEP] L1CAM [SEP] HTR3A [SEP] ecdB [SEP] ams [SEP] SHMT1 [SEP] NDUFV2 [SEP] C1R [SEP] ACAT2 [SEP] ACVR2A [SEP] CYP3A7
DTPG0000155	Kcnma1 [SEP] 兆字节 [SEP] GABRB2 [SEP] AOC1 [SEP] 科布 [SEP] 帽子 [SEP] CCL2 [SEP] SPC3 [SEP] PTGDR2 [SEP] VKORC1L1 [SEP] 阿罗格 [SEP] LGALS3 [SEP] DBI [SEP] 加普 [SEP] AADACL2 [SEP] KDM1A [SEP] 纳里 [SEP] CSNK1G1 [SEP] 弗尔达 [SEP] SCNN1D
DTPG0000156	glmU [SEP] 啊哈 [SEP] IGHG4 [SEP] STK17A [SEP] CYP26B1 [SEP] TBXAS1 [SEP] 法德尔 [SEP] LCT [SEP] PPP2R5C [SEP] 时尚1 [SEP] nrdB [SEP] ITGB7 [SEP] PADI6 [SEP] TPM3 [SEP] cdd [SEP] TOP2A [SEP] MTNR1B [SEP] rffH [SEP] PNLIPRP2 [SEP] 法力
DTPG0000157	rpsO [SEP] G [SEP] F3 [SEP] 应收账 [SEP] ACTR2 [SEP] cel5A [SEP] 伊赫 [SEP] UQCRC2 [SEP] TUBB2A [SEP] 甘特 [SEP] FTO [SEP] DGKA [SEP] GJA1 [SEP] dhbE [SEP] 古卡1A [SEP] RIOK1 [SEP] 艾莉 [SEP] rbsK [SEP] 克拉特 [SEP] recQ
DTPG0000158	斯莫克斯 [SEP] ATR [SEP] M [SEP] unc-29 [SEP] CKB [SEP] KCNJ12 [SEP] COX6B1 [SEP] 卡利 [SEP] P2RY2 [SEP] GLYATL2 [SEP] FGF1 [SEP] 莱兹 [SEP] F13B [SEP] ffh [SEP] MS4A1 [SEP] HPGD [SEP] 泰纳 [SEP] SAP2 [SEP] GCH1 [SEP] GluClX
DTPG0000159	ADRBK1 [SEP] ADSSL1 [SEP] SLC25A13 [SEP] 谢 [SEP] 赛博 [SEP] 南部 [SEP] 波尔 [SEP] 毛布 [SEP] AMY1A [SEP] 达格拉 [SEP] 迪德 [SEP] FCGR2C [SEP] SEMG2 [SEP] MYC [SEP] HTR6 [SEP] ATP6V1C1 [SEP] NME2 [SEP] PARP15 [SEP] ccpA [SEP] 斯巴克
DTPG0000160	瓜德 [SEP] HCAR3 [SEP] HSD17B11 [SEP] ARL3 [SEP] RPS6KA1 [SEP] PAK4 [SEP] SLC25A4 [SEP] FCGR1A [SEP] NR3C1 [SEP] TFF2 [SEP] LGALS7 [SEP] abfA [SEP] NDUFB7 [SEP] 泰尼 [SEP] blaVIM-2 [SEP] 森普 [SEP] ATP5O [SEP] 哈斯布 [SEP] CFTR [SEP] UBC
DTPG0000161	psbA1 [SEP] 帕加 [SEP] KLK6 [SEP] TPM1 [SEP] TAAR1 [SEP] CLEC3B [SEP] CHRNA9 [SEP] MAPT [SEP] 地图 [SEP] S基因 [SEP] P2RY12 [SEP] POMC [SEP] 冷静2 [SEP] 尼卡 [SEP] NOS2 [SEP] CA4 [SEP] HIPK3 [SEP] NECTIN4 [SEP] udg [SEP] NDUFB5
DTPG0000162	卡马 [SEP] PRDX5 [SEP] 普拉 [SEP] HNF1A [SEP] KCNJ1 [SEP] RAB9A [SEP] SLC29A1 [SEP] 马可 [SEP] nadC [SEP] 特拉夫 [SEP] P3H1 [SEP] 罗阿 [SEP] 阿尔卡 [SEP] CPN1 [SEP] dhlB [SEP] SLC1A6 [SEP] SLC12A4 [SEP] PGAM2 [SEP] PHB [SEP] FCER1G
DTPG0000163	ALDH5A1 [SEP] mdlA [SEP] 第三方物流 [SEP] TYK2 [SEP] pabB [SEP] 不 [SEP] CHRNA5 [SEP] SPTLC1 [SEP] mdfA [SEP] 裂痕4 [SEP] ACTG1 [SEP] CYP2D6 [SEP] fbpC [SEP] MAPKAPK3 [SEP] APLP1 [SEP] KCNJ11 [SEP] COX7A1 [SEP] B3GAT1 [SEP] HS3ST3A1 [SEP] GSN
DTPG0000164	UGT3A1 [SEP] SLC16A4 [SEP] GP9 [SEP] TRPV4 [SEP] 锡克3 [SEP] MT2A [SEP] SF1 [SEP] PLIN3 [SEP] HDAC10 [SEP] GNRHR [SEP] RAB7A [SEP] licC [SEP] TPI1 [SEP] 加斯特 [SEP] cyp130 [SEP] AIFM1 [SEP] 咧嘴笑 [SEP] KCNQ5 [SEP] MGP [SEP] LCTL
DTPG0000165	第三圈 [SEP] CSRP1 [SEP] glsA1 [SEP] SLCO1B1 [SEP] CRK2 [SEP] rpsR [SEP] FNTB [SEP] pdaA [SEP] sqr [SEP] 凯布 [SEP] MAT1A [SEP] KCNB2 [SEP] 佩普 [SEP] PAK1 [SEP] cit [SEP] GM2A [SEP] 格里亚3 [SEP] MMP24 [SEP] GSK3B [SEP] GNPDA1
DTPG0000166	帕亚 [SEP] bacB [SEP] IKBKE [SEP] ANO1 [SEP] 战争 [SEP] fhuA [SEP] HMGCR [SEP] SLC18A1 [SEP] 科斯 [SEP] MAP3K15 [SEP] sdsA1 [SEP] MMP12 [SEP] 米高梅 [SEP] 古德 [SEP] 公园7 [SEP] 达帕 [SEP] pdxH [SEP] CTDSP1 [SEP] acma [SEP] EIF3F
DTPG0000167	CIT [SEP] obg [SEP] ispA [SEP] ULK1 [SEP] 拉尔斯2 [SEP] rpsN [SEP] STK16 [SEP] ompW [SEP] 加布拉2 [SEP] cenC [SEP] spsA [SEP] 羔羊1 [SEP] XOG1 [SEP] fmoA [SEP] 勒伊德 [SEP] IL2RA [SEP] MT-ND4 [SEP] CCR2 [SEP] TRM2 [SEP] NR2F1
DTPG0000168	塞勒 [SEP] GLP2R [SEP] F2RL3 [SEP] NOMO1 [SEP] GSTA1 [SEP] Fol1 [SEP] PTEN [SEP] 超光速 [SEP] 阿娜 [SEP] pcaG [SEP] ptd [SEP] SULT2B1 [SEP] SLC7A11 [SEP] NRXN1 [SEP] CPB2 [SEP] HOXA10 [SEP] 俱乐部 [SEP] 大号 [SEP] 穆尔克 [SEP] 助理1
DTPG0000169	SKP1 [SEP] IRS1 [SEP] H45 [SEP] GSTM1 [SEP] algQ1 [SEP] 赛尔 [SEP] 核电站 [SEP] pufL [SEP] NDUFB10 [SEP] NPC1L1 [SEP] 埃克萨 [SEP] MYH11 [SEP] 阿多拉 [SEP] NPPB [SEP] 格里亚2 [SEP] 星期一 [SEP] 第二部分 [SEP] SLC2A2 [SEP] SLC18A2 [SEP] 阿尔布
DTPG0000170	瓜阿 [SEP] 格里亚 [SEP] fptA [SEP] RPS9 [SEP] 人们 [SEP] HNRNPH3 [SEP] SLK [SEP] 黑暗的 [SEP] 艾达 [SEP] GIG18 [SEP] 糟糕的 [SEP] JAK3 [SEP] lev-1 [SEP] PIK3C2G [SEP] blaIMP-1 [SEP] CYSLTR2 [SEP] SFPQ [SEP] TAGLN2 [SEP] 焦虑2 [SEP] ermC'
DTPG0000171	rpiA [SEP] HCRTR2 [SEP] 朱普 [SEP] PDCD1 [SEP] 毛亚 [SEP] MMP28 [SEP] 切伊 [SEP] S1PR4 [SEP] ADH1C [SEP] SNRPA [SEP] TNNC2 [SEP] MAN1B1 [SEP] SCNN1A [SEP] PB1 [SEP] cysJ [SEP] IGHV3-23 [SEP] 阿华 [SEP] SCO1 [SEP] CPT1A [SEP] 喋喋不休
DTPG0000172	cycP [SEP] TNFRSF1A [SEP] KIF2C [SEP] 纳佩普尔德 [SEP] CA11 [SEP] SPTLC2 [SEP] pyp [SEP] CPE [SEP] 嘶嘶声 [SEP] SEC14L4 [SEP] PDE1B [SEP] MMP3 [SEP] SLC1A4 [SEP] ACE2 [SEP] 美国专业彩妆品牌 [SEP] BCR [SEP] CCKBR [SEP] cbaD [SEP] HIF1A [SEP] ycdX
DTPG0000173	丽达 [SEP] HCN2 [SEP] RPL26L1 [SEP] 新台币 [SEP] PRKAA1 [SEP] SUCNR1 [SEP] 尼尔2 [SEP] ADAM9 [SEP] 中工国际 [SEP] 摩科斯 [SEP] KCND3 [SEP] DUT [SEP] GSTT1 [SEP] 特雷克 [SEP] lpdA [SEP] ALOX5 [SEP] trpC [SEP] BPI [SEP] CCR5 [SEP] HPN
DTPG0000174	NOS3 [SEP] IL15 [SEP] MKNK1 [SEP] hemB [SEP] CYSLTR1 [SEP] MIF [SEP] 费赫 [SEP] 土地管理局 [SEP] rpsT [SEP] DNTT [SEP] 波尔 [SEP] PGR [SEP] GSTA4 [SEP] PDGFD [SEP] HLA-DRA [SEP] ARL2 [SEP] vapA [SEP] CACNB1 [SEP] NT5C2 [SEP] PSMA1
DTPG0000175	EGLN3 [SEP] SCYL1 [SEP] 阿拉克 [SEP] PTGR2 [SEP] IL13 [SEP] RIC3 [SEP] ULK3 [SEP] SRD5A1 [SEP] HDAC8 [SEP] MYL6B [SEP] PTK2 [SEP] PYCR2 [SEP] AMD1 [SEP] PTGFR [SEP] 新台币5米 [SEP] 罗克夫 [SEP] FNTA [SEP] EPHA6 [SEP] dmsA [SEP] ACSS2
DTPG0000176	普劳 [SEP] rpsP [SEP] RIOK2 [SEP] FBXO41 [SEP] CHP1 [SEP] RPS6KA3 [SEP] pufC [SEP] 多环芳烃 [SEP] CAMK2B [SEP] AGT [SEP] 奥帕 [SEP] 阿尔多 [SEP] SDHD [SEP] HSPA8 [SEP] TGM2 [SEP] S100A12 [SEP] LDHAL6A [SEP] 普纳 [SEP] ctaD [SEP] 邦特\/答
DTPG0000177	激光雷达 [SEP] UGT1A1 [SEP] 格里亚4 [SEP] UTRN [SEP] 静电放电 [SEP] PDE3B [SEP] dnaX [SEP] clpX [SEP] TGFBR2 [SEP] celC307 [SEP] CDC42 [SEP] MMP17 [SEP] NS5b [SEP] CAPN3 [SEP] CDK15 [SEP] hsaD [SEP] SMO [SEP] 废话 [SEP] ADGRD1 [SEP] PCSK9
DTPG0000178	TRM1 [SEP] GABRB3 [SEP] PTGS1 [SEP] LEF1 [SEP] 埃里夫 [SEP] MGST1 [SEP] aac [SEP] 再 [SEP] 波尔克 [SEP] 埃斯塔 [SEP] VAMP2 [SEP] CACNA1F [SEP] BDKRB2 [SEP] HRH1 [SEP] MUC1 [SEP] CCDC51 [SEP] 纳萨 [SEP] HDAC3 [SEP] HIST1H1E [SEP] PKMYT1
DTPG0000179	rpsK [SEP] HDC [SEP] S100A2 [SEP] IMPDH2 [SEP] 阿罗德 [SEP] IGF1 [SEP] 9 [SEP] TNFRSF8 [SEP] PTGDS [SEP] 法德 [SEP] CYB5R1 [SEP] 扑通一声 [SEP] 猫 [SEP] ASNA1 [SEP] def [SEP] DMC1 [SEP] carC [SEP] MSLN [SEP] HMOX2 [SEP] PML
DTPG0000180	UL80 [SEP] 恶作剧 [SEP] 瑞姆 [SEP] TLH6 [SEP] KRT10 [SEP] UBR4 [SEP] NCOA5 [SEP] 肮脏的 [SEP] dcd [SEP] TK1 [SEP] MSDC [SEP] 植酸酶基因 [SEP] ipdC [SEP] CSTB [SEP] CCL3 [SEP] 奢侈品 [SEP] 战争2 [SEP] 基努 [SEP] 基斯1R [SEP] mglB
DTPG0000181	GDNF [SEP] 修正 [SEP] gmhA [SEP] DRD4 [SEP] SLC1A3 [SEP] allC [SEP] EZH1 [SEP] 拉尔巴 [SEP] CYP24A1 [SEP] 绉布 [SEP] 麻风 [SEP] HRH4 [SEP] SLC25A15 [SEP] trmL [SEP] 亚硝酸还原酶基因 [SEP] PCCA [SEP] CEACAM5 [SEP] SLC1A1 [SEP] RPS19 [SEP] OPRD1
DTPG0000182	时尚 [SEP] A1 [SEP] 缺口 [SEP] 忧郁的 [SEP] FLT3 [SEP] 数模转换器 [SEP] UGI [SEP] TNFSF13B [SEP] PLA2G2D [SEP] RANBP1 [SEP] SDSL [SEP] phzG [SEP] Unc13b [SEP] proX [SEP] GSG2 [SEP] PSMA3 [SEP] pdh [SEP] UQCRFS1 [SEP] ncsA [SEP] KCNK1
DTPG0000183	TSHR [SEP] PTGER1 [SEP] 法令1 [SEP] PIK3CA [SEP] gpmI [SEP] NDUFA7 [SEP] 高尔特 [SEP] 布兰德M-1 [SEP] AGTR2 [SEP] SLC10A2 [SEP] 斯里兰卡 [SEP] sigA1 [SEP] ARF4 [SEP] Tcdut公司 [SEP] TRAPPC3 [SEP] OXCT1 [SEP] NRIP1 [SEP] rpmF [SEP] 皮卡耶夫 [SEP] 胡特
DTPG0000184	SLC22A7 [SEP] ctaDII [SEP] 塞克斯 [SEP] rdmB [SEP] GLT6D1 [SEP] 恩维斯 [SEP] gtfA [SEP] ppiA [SEP] CLK4 [SEP] 磷酸葡萄糖酸脱氢酶 [SEP] F9 [SEP] MDH2 [SEP] pqqC [SEP] PTPRB [SEP] PSMB2 [SEP] HSPA2 [SEP] 福尔布 [SEP] PSMB3 [SEP] ohr [SEP] 十一月
DTPG0000185	CSNK1G2 [SEP] kdsB [SEP] KCNC1 [SEP] ALDH6A1 [SEP] LGALS9 [SEP] PIM3 [SEP] rplA [SEP] 金额 [SEP] PAK6 [SEP] ASPG [SEP] MSP-1 [SEP] C4B [SEP] TNFRSF1B [SEP] vatD [SEP] SRD5A2 [SEP] 行动1 [SEP] 锡克2 [SEP] RPS13 [SEP] HTR1A [SEP] 阿尔普
DTPG0000186	IQGAP1 [SEP] 喇嘛5 [SEP] MTTP [SEP] ABCB5 [SEP] SLC29A4 [SEP] PTK2B [SEP] 载脂蛋白C3 [SEP] PKN1 [SEP] ADH1A [SEP] sdhC [SEP] TUBA1B [SEP] 啊 [SEP] nrdF [SEP] 帕拉 [SEP] ABL [SEP] PSMA7 [SEP] ISG20 [SEP] CRBN [SEP] ALDH1B1 [SEP] 短讯服务
DTPG0000187	哈 [SEP] 皮特普纳 [SEP] ABCG1 [SEP] rfbG [SEP] 喇嘛3 [SEP] MRC1 [SEP] COMTD1 [SEP] 拉布格塔 [SEP] FSHR [SEP] mtdA [SEP] 裁判员 [SEP] MCCC2 [SEP] NR1H4 [SEP] 阿纳特 [SEP] 凯斯 [SEP] 梅尔克 [SEP] ITPKA [SEP] DPEP1 [SEP] F11 [SEP] cmaA2
DTPG0000188	地下一层 [SEP] KCNJ9 [SEP] 莱克 [SEP] 是的 [SEP] NPY [SEP] UQCRB [SEP] BCHE [SEP] DPYD [SEP] CTSV [SEP] 裸体 [SEP] SLC12A1 [SEP] embB [SEP] ARG1 [SEP] STK38L [SEP] 德欧克 [SEP] 42 [SEP] AAK1 [SEP] TPK1 [SEP] PFKFB4 [SEP] 塞尔普尔格
DTPG0000189	astB [SEP] glnG [SEP] phnA [SEP] GLIPR2 [SEP] tpx [SEP] 极 [SEP] RPL37 [SEP] 阿米亚 [SEP] CYP26C1 [SEP] CYP11B1 [SEP] ENO1 [SEP] 削减 [SEP] gpmA [SEP] NTRK1 [SEP] cca [SEP] 联邦储备银行 [SEP] SLAMF7 [SEP] ATP5A1 [SEP] PSMA6 [SEP] PSMB8
DTPG0000190	富科 [SEP] HGPRTase [SEP] CLK1 [SEP] 透明颤菌血红蛋白 [SEP] IFNGR2 [SEP] IGHV1-2 [SEP] ppc [SEP] SCGB1A1 [SEP] CCR4 [SEP] SLC25A2 [SEP] ADAM28 [SEP] blaCTX-M-9a [SEP] NDUFA9 [SEP] 伊诺 [SEP] CNGA1 [SEP] PZP [SEP] CDK9 [SEP] SERPINB9 [SEP] fgs [SEP] lpd
DTPG0000191	CETP [SEP] nrdE [SEP] GPX1 [SEP] 法博 [SEP] GPER1 [SEP] FLT4 [SEP] MAP2K6 [SEP] PDHA1 [SEP] rph [SEP] AZIN2 [SEP] ALDH9A1 [SEP] PPP2R2A [SEP] adh [SEP] HLA-A [SEP] pcaB [SEP] CLC [SEP] SLC16A5 [SEP] PPIF [SEP] DRD2 [SEP] EPX
DTPG0000192	GMDS [SEP] 埃普坎 [SEP] ARPC3 [SEP] ULK2 [SEP] 氯化钾 [SEP] AUR1 [SEP] 沥青 [SEP] SAT1 [SEP] 泰克 [SEP] ANXA5 [SEP] DCLK3 [SEP] 拖把 [SEP] GLRA1 [SEP] 自动取款机 [SEP] HDAC1 [SEP] 埃德娜 [SEP] CD1D [SEP] mgsA [SEP] IGFALS [SEP] 长凳
DTPG0000193	阿卡布 [SEP] FLT1 [SEP] PLD1 [SEP] IGSF10 [SEP] 普维伊姆 [SEP] PSMB4 [SEP] PLCL1 [SEP] 塞尔普 [SEP] 乌罗德 [SEP] SLC6A13 [SEP] HIPK2 [SEP] NDUFB9 [SEP] HMGCL [SEP] CD44 [SEP] CTSK [SEP] 波尔 [SEP] 德纳波尔 [SEP] CLIC1 [SEP] hlgB [SEP] SIRT3
DTPG0000194	NDUFC2 [SEP] PGAM1 [SEP] COQ8B [SEP] SHMT2 [SEP] PARP1 [SEP] AK1 [SEP] PVR [SEP] ATP1A2 [SEP] S100A1 [SEP] UBA1 [SEP] hpd [SEP] 加达 [SEP] NFKB1 [SEP] FCGR2B [SEP] ACSS1 [SEP] 有轨电车 [SEP] RPL14 [SEP] 特尼克 [SEP] APOB [SEP] PLA2G6
DTPG0000195	tbuX [SEP] CACNA1H [SEP] 核糖核酸酶4 [SEP] IMPDH1 [SEP] FFAR1 [SEP] 亚齐 [SEP] CLCNKA [SEP] ADH1B [SEP] TCN1 [SEP] PIK3R2 [SEP] 诺亚 [SEP] 阿特莎 [SEP] 整箱 [SEP] TTK [SEP] CES1P1 [SEP] isiB [SEP] SF3B3 [SEP] KCNA7 [SEP] 哥伦比亚广播公司 [SEP] GSTM3
DTPG0000196	S100A8 [SEP] orf1ab [SEP] SCN4A [SEP] 女青年 [SEP] IGHA1 [SEP] 支票2 [SEP] DHCR7 [SEP] DCLK1 [SEP] PTH2R [SEP] TPT1 [SEP] mvaA [SEP] NQO2 [SEP] GAD1 [SEP] 褶皱 [SEP] sdhD [SEP] NDUFA5 [SEP] 嘎嘎波尔 [SEP] 耳朵2 [SEP] MAP2K5 [SEP] NEK2
DTPG0000197	DDX6 [SEP] OXA-48 [SEP] trpA [SEP] 西格莱克7 [SEP] 富时 [SEP] OBP-1 [SEP] UCK2 [SEP] mxiM [SEP] IFNA2 [SEP] tmk [SEP] 普遍性 [SEP] SCN9A [SEP] LPA [SEP] SRSF1 [SEP] CACNA1A [SEP] SNAP25 [SEP] aqpZ [SEP] 卡拉 [SEP] SLC9A1 [SEP] 家长教师会
DTPG0000198	PDCD6 [SEP] 嗯 [SEP] PRKCI [SEP] S100A13 [SEP] PRKCB [SEP] ITPR1 [SEP] KCNB1 [SEP] MAP3K11 [SEP] PYCR1 [SEP] NGF [SEP] 利普 [SEP] MTF1 [SEP] TXNRD2 [SEP] IGHG2 [SEP] NFS1 [SEP] EIF4A1 [SEP] 乳酸脱氢酶 [SEP] 皮格姆 [SEP] ddl [SEP] 维法
DTPG0000199	CD70 [SEP] hdhA [SEP] HPD公司 [SEP] 阿坎 [SEP] 塞拉2a [SEP] SLC16A3 [SEP] 佩本 [SEP] MTFMT [SEP] PGK1 [SEP] ENOX2 [SEP] 林布
