SMP0000278	Lepirudin Action Pathway	drug pathway	drug pathway	drugbank
SMP0000474	Cetuximab Action Pathway	drug pathway	drug pathway	drugbank
SMP0000277	Bivalirudin Action Pathway	drug pathway	drug pathway	drugbank
SMP0000280	Alteplase Action Pathway	drug pathway	drug pathway	drugbank
SMP0000284	Urokinase Action Pathway	drug pathway	drug pathway	drugbank
SMP0000285	Reteplase Action Pathway	drug pathway	drug pathway	drugbank
SMP0000281	Anistreplase Action Pathway	drug pathway	drug pathway	drugbank
SMP0000283	Tenecteplase Action Pathway	drug pathway	drug pathway	drugbank
SMP0000265	Abciximab Action Pathway	drug pathway	drug pathway	drugbank
SMP0000266	Eptifibatide Action Pathway	drug pathway	drug pathway	drugbank
SMP0000476	Trastuzumab Action Pathway	drug pathway	drug pathway	drugbank
SMP0000282	Streptokinase Action Pathway	drug pathway	drug pathway	drugbank
SMP0000420	Bevacizumab Action Pathway	drug pathway	drug pathway	drugbank
SMP0000002	Carbamoyl Phosphate Synthetase Deficiency	drug pathway	drug pathway	drugbank
SMP0000003	Argininosuccinic Aciduria	drug pathway	drug pathway	drugbank
SMP0000004	Glycine and Serine Metabolism	drug pathway	drug pathway	drugbank
SMP0000006	Tyrosine Metabolism	drug pathway	drug pathway	drugbank
SMP0000009	Ammonia Recycling	drug pathway	drug pathway	drugbank
SMP0000012	Catecholamine Biosynthesis	drug pathway	drug pathway	drugbank
SMP0000016	Propanoate Metabolism	drug pathway	drug pathway	drugbank
SMP0000020	Arginine and Proline Metabolism	drug pathway	drug pathway	drugbank
SMP0000021	Taurine and Hypotaurine Metabolism	drug pathway	drug pathway	drugbank
SMP0000024	Porphyrin Metabolism	drug pathway	drug pathway	drugbank
SMP0000029	Selenoamino Acid Metabolism	drug pathway	drug pathway	drugbank
SMP0000044	Histidine Metabolism	drug pathway	drug pathway	drugbank
SMP0000058	Starch and Sucrose Metabolism	drug pathway	drug pathway	drugbank
SMP0000072	Glutamate Metabolism	drug pathway	drug pathway	drugbank
SMP0000137	2-Methyl-3-hydroxybutryl-CoA Dehydrogenase Deficiency	drug pathway	drug pathway	drugbank
SMP0000139	3-Methylglutaconic Aciduria Type I	drug pathway	drug pathway	drugbank
SMP0000173	beta-Ketothiolase Deficiency	drug pathway	drug pathway	drugbank
SMP0000177	Cystathionine beta-Synthase Deficiency	drug pathway	drug pathway	drugbank
SMP0000186	Glutaric Aciduria Type I	drug pathway	drug pathway	drugbank
SMP0000188	Guanidinoacetate Methyltransferase Deficiency (GAMT Deficiency)	drug pathway	drug pathway	drugbank
SMP0000191	Histidinemia	drug pathway	drug pathway	drugbank
SMP0000218	Tyrosinemia Type I	drug pathway	drug pathway	drugbank
SMP0000239	Saccharopinuria/Hyperlysinemia II	drug pathway	drug pathway	drugbank
SMP0000339	Hyperinsulinism-Hyperammonemia Syndrome	drug pathway	drug pathway	drugbank
SMP0000348	Globoid Cell Leukodystrophy	drug pathway	drug pathway	drugbank
SMP0000360	Hyperprolinemia Type II	drug pathway	drug pathway	drugbank
SMP0000361	Hyperprolinemia Type I	drug pathway	drug pathway	drugbank
SMP0000370	Tyrosinemia Type 3 (TYRO3)	drug pathway	drug pathway	drugbank
SMP0000429	Disulfiram Action Pathway	drug pathway	drug pathway	drugbank
SMP0000465	Carnitine Synthesis	drug pathway	drug pathway	drugbank
SMP0000033	Methionine Metabolism	drug pathway	drug pathway	drugbank
SMP0000144	Adenosine Deaminase Deficiency	drug pathway	drug pathway	drugbank
SMP0000168	AICA-Ribosiduria	drug pathway	drug pathway	drugbank
SMP0000203	Molybdenum Cofactor Deficiency	drug pathway	drug pathway	drugbank
SMP0000221	Methionine Adenosyltransferase Deficiency	drug pathway	drug pathway	drugbank
SMP0000223	Non-Ketotic Hyperglycinemia	drug pathway	drug pathway	drugbank
SMP0000244	Sarcosinemia	drug pathway	drug pathway	drugbank
SMP0000427	Azathioprine Action Pathway	drug pathway	drug pathway	drugbank
SMP0000430	Thioguanine Action Pathway	drug pathway	drug pathway	drugbank
SMP0000432	Methotrexate Action Pathway	drug pathway	drug pathway	drugbank
SMP0000513	Xanthinuria Type II	drug pathway	drug pathway	drugbank
SMP0000724	Folate Malabsorption, Hereditary	drug pathway	drug pathway	drugbank
SMP0000050	Purine Metabolism	drug pathway	drug pathway	drugbank
SMP0000123	Betaine Metabolism	drug pathway	drug pathway	drugbank
SMP0000210	Purine Nucleoside Phosphorylase Deficiency	drug pathway	drug pathway	drugbank
SMP0000364	Lesch-Nyhan Syndrome (LNS)	drug pathway	drug pathway	drugbank
SMP0000365	Gout or Kelley-Seegmiller Syndrome	drug pathway	drug pathway	drugbank
SMP0000428	Mercaptopurine Action Pathway	drug pathway	drug pathway	drugbank
SMP0000535	Adenine Phosphoribosyltransferase Deficiency (APRT)	drug pathway	drug pathway	drugbank
SMP0000543	Methylenetetrahydrofolate Reductase Deficiency (MTHFRD)	drug pathway	drug pathway	drugbank
SMP0002313	Sarcosine Oncometabolite Pathway	drug pathway	drug pathway	drugbank
SMP0000053	Folate Metabolism	drug pathway	drug pathway	drugbank
SMP0000167	Adenylosuccinate Lyase Deficiency	drug pathway	drug pathway	drugbank
SMP0000179	Dihydropyrimidine Dehydrogenase Deficiency (DHPD)	drug pathway	drug pathway	drugbank
SMP0000214	S-Adenosylhomocysteine (SAH) Hydrolase Deficiency	drug pathway	drug pathway	drugbank
SMP0000247	Azithromycin Action Pathway	drug pathway	drug pathway	drugbank
SMP0000249	Clindamycin Action Pathway	drug pathway	drug pathway	drugbank
SMP0000250	Erythromycin Action Pathway	drug pathway	drug pathway	drugbank
SMP0000255	Kanamycin Action Pathway	drug pathway	drug pathway	drugbank
SMP0000256	Neomycin Action Pathway	drug pathway	drug pathway	drugbank
SMP0000257	Netilmicin Action Pathway	drug pathway	drug pathway	drugbank
SMP0000259	Streptomycin Action Pathway	drug pathway	drug pathway	drugbank
SMP0000262	Clomocycline Action Pathway	drug pathway	drug pathway	drugbank
SMP0000493	Carnosinuria, Carnosinemia	drug pathway	drug pathway	drugbank
SMP0000711	Tobramycin Action Pathway	drug pathway	drug pathway	drugbank
SMP0000726	Rolitetracycline Action Pathway	drug pathway	drug pathway	drugbank
SMP0000248	Clarithromycin Action Pathway	drug pathway	drug pathway	drugbank
SMP0000251	Roxithromycin Action Pathway	drug pathway	drug pathway	drugbank
SMP0000254	Gentamicin Action Pathway	drug pathway	drug pathway	drugbank
SMP0000293	Oxytetracycline Action Pathway	drug pathway	drug pathway	drugbank
SMP0000294	Tetracycline Action Pathway	drug pathway	drug pathway	drugbank
SMP0000713	Arbekacin Action Pathway	drug pathway	drug pathway	drugbank
SMP0000715	Methylhistidine Metabolism	drug pathway	drug pathway	drugbank
SMP0000730	Troleandomycin Action Pathway	drug pathway	drug pathway	drugbank
SMP0000731	Josamycin Action Pathway	drug pathway	drug pathway	drugbank
SMP0000007	beta-Alanine Metabolism	drug pathway	drug pathway	drugbank
SMP0000252	Telithromycin Action Pathway	drug pathway	drug pathway	drugbank
SMP0000253	Amikacin Action Pathway	drug pathway	drug pathway	drugbank
SMP0000258	Spectinomycin Action Pathway	drug pathway	drug pathway	drugbank
SMP0000290	Demeclocycline Action Pathway	drug pathway	drug pathway	drugbank
SMP0000291	Doxycycline Action Pathway	drug pathway	drug pathway	drugbank
SMP0000292	Minocycline Action Pathway	drug pathway	drug pathway	drugbank
SMP0000327	Phenytoin (Antiarrhythmic) Action Pathway	drug pathway	drug pathway	drugbank
SMP0000507	L-Arginine:Glycine Amidinotransferase Deficiency	drug pathway	drug pathway	drugbank
SMP0014216	Phosphatidylcholine Biosynthesis PC(14:0/14:0)	drug pathway	drug pathway	drugbank
SMP0014218	Phosphatidylcholine Biosynthesis PC(14:0/15:0)	drug pathway	drug pathway	drugbank
SMP0014220	Phosphatidylcholine Biosynthesis PC(14:0/16:1(9Z))	drug pathway	drug pathway	drugbank
SMP0014224	Phosphatidylcholine Biosynthesis PC(14:0/18:2(9Z,12Z))	drug pathway	drug pathway	drugbank
SMP0014228	Phosphatidylcholine Biosynthesis PC(14:0/20:0)	drug pathway	drug pathway	drugbank
SMP0014229	Phosphatidylcholine Biosynthesis PC(14:0/20:1(11Z))	drug pathway	drug pathway	drugbank
SMP0014230	Phosphatidylcholine Biosynthesis PC(14:0/20:2(11Z,14Z))	drug pathway	drug pathway	drugbank
SMP0014233	Phosphatidylcholine Biosynthesis PC(14:0/20:4(5Z,8Z,11Z,14Z))	drug pathway	drug pathway	drugbank
SMP0014235	Phosphatidylcholine Biosynthesis PC(14:0/20:5(5Z,8Z,11Z,14Z,17Z))	drug pathway	drug pathway	drugbank
SMP0014240	Phosphatidylcholine Biosynthesis PC(14:0/22:5(4Z,7Z,10Z,13Z,16Z))	drug pathway	drug pathway	drugbank
SMP0014242	Phosphatidylcholine Biosynthesis PC(14:0/22:6(4Z,7Z,10Z,13Z,16Z,19Z))	drug pathway	drug pathway	drugbank
SMP0000013	Cysteine Metabolism	drug pathway	drug pathway	drugbank
SMP0000040	Glycolysis	drug pathway	drug pathway	drugbank
SMP0000045	Amino Sugar Metabolism	drug pathway	drug pathway	drugbank
SMP0000055	Alanine Metabolism	drug pathway	drug pathway	drugbank
SMP0000242	Dimethylglycine Dehydrogenase Deficiency	drug pathway	drug pathway	drugbank
SMP0000350	Pyruvate Carboxylase Deficiency	drug pathway	drug pathway	drugbank
SMP0000385	Homocarnosinosis	drug pathway	drug pathway	drugbank
SMP0000484	Dimethylglycine Dehydrogenase Deficiency	drug pathway	drug pathway	drugbank
SMP0000485	Hyperglycinemia, Non-Ketotic	drug pathway	drug pathway	drugbank
SMP0000531	Glycogenosis, Type VII. Tarui Disease	drug pathway	drug pathway	drugbank
SMP0000534	G(M2)-Gangliosidosis: Variant B, Tay-Sachs Disease	drug pathway	drug pathway	drugbank
SMP0000559	Pyruvate Kinase Deficiency	drug pathway	drug pathway	drugbank
SMP0000560	Phosphoenolpyruvate Carboxykinase Deficiency 1 (PEPCK1)	drug pathway	drug pathway	drugbank
SMP0000573	Glycogenosis, Type IB	drug pathway	drug pathway	drugbank
SMP0000721	3-Phosphoglycerate Dehydrogenase Deficiency	drug pathway	drug pathway	drugbank
SMP0000722	Cystinosis, Ocular Nonnephropathic	drug pathway	drug pathway	drugbank
SMP0002295	The Oncogenic Action of Fumarate	drug pathway	drug pathway	drugbank
SMP0002358	The Oncogenic Action of L-2-Hydroxyglutarate in Hydroxygluaricaciduria	drug pathway	drug pathway	drugbank
SMP0000001	Citrullinemia Type I	drug pathway	drug pathway	drugbank
SMP0000059	Urea Cycle	drug pathway	drug pathway	drugbank
SMP0000127	Glucose-Alanine Cycle	drug pathway	drug pathway	drugbank
SMP0000136	2-Hydroxyglutric Aciduria (D and L Form)	drug pathway	drug pathway	drugbank
SMP0000205	Ornithine Transcarbamylase Deficiency (OTC Deficiency)	drug pathway	drug pathway	drugbank
SMP0000243	4-Hydroxybutyric Aciduria/Succinic Semialdehyde Dehydrogenase Deficiency	drug pathway	drug pathway	drugbank
SMP0000313	Lactic Acidemia	drug pathway	drug pathway	drugbank
SMP0000352	Primary Hyperoxaluria Type I	drug pathway	drug pathway	drugbank
SMP0000357	Argininemia	drug pathway	drug pathway	drugbank
SMP0000206	Phenylketonuria	drug pathway	drug pathway	drugbank
SMP0000008	Phenylalanine and Tyrosine Metabolism	drug pathway	drug pathway	drugbank
SMP0000369	Tyrosinemia Type 2 (or Richner-Hanhart Syndrome)	drug pathway	drug pathway	drugbank
SMP0000066	Biotin Metabolism	drug pathway	drug pathway	drugbank
SMP0000138	3-Hydroxy-3-methylglutaryl-CoA Lyase Deficiency	drug pathway	drug pathway	drugbank
SMP0000198	Malonic Aciduria	drug pathway	drug pathway	drugbank
SMP0000200	Methylmalonic Aciduria	drug pathway	drug pathway	drugbank
SMP0000374	Glycogen Storage Disease Type 1A (GSD1A) or Von Gierke Disease	drug pathway	drug pathway	drugbank
SMP0000466	Transfer of Acetyl Groups into Mitochondria	drug pathway	drug pathway	drugbank
SMP0000523	Isobutyryl-CoA Dehydrogenase Deficiency	drug pathway	drug pathway	drugbank
SMP0000546	Congenital Lactic Acidosis	drug pathway	drug pathway	drugbank
SMP0000547	Fumarase Deficiency	drug pathway	drug pathway	drugbank
SMP0000548	Mitochondrial Complex II Deficiency	drug pathway	drug pathway	drugbank
SMP0000549	2-Ketoglutarate Dehydrogenase Complex Deficiency	drug pathway	drug pathway	drugbank
SMP0000562	Fructose-1,6-diphosphatase Deficiency	drug pathway	drug pathway	drugbank
SMP0000563	Triosephosphate Isomerase	drug pathway	drug pathway	drugbank
SMP0000567	Succinic Semialdehyde Dehydrogenase Deficiency	drug pathway	drug pathway	drugbank
SMP0000654	Warburg Effect	drug pathway	drug pathway	drugbank
SMP0002291	The Oncogenic Action of 2-Hydroxyglutarate	drug pathway	drug pathway	drugbank
SMP0000032	Valine, Leucine, and Isoleucine Degradation	drug pathway	drug pathway	drugbank
SMP0000140	3-Methylglutaconic Aciduria Type III	drug pathway	drug pathway	drugbank
SMP0000141	3-Methylglutaconic Aciduria Type IV	drug pathway	drug pathway	drugbank
SMP0000199	Maple Syrup Urine Disease	drug pathway	drug pathway	drugbank
SMP0000201	Methylmalonic Aciduria Due to Cobalamin-Related Disorders	drug pathway	drug pathway	drugbank
SMP0000236	Propionic Acidemia	drug pathway	drug pathway	drugbank
SMP0000237	3-Methylcrotonyl-CoA Carboxylase Deficiency Type I	drug pathway	drug pathway	drugbank
SMP0000238	Isovaleric Aciduria	drug pathway	drug pathway	drugbank
SMP0014245	Phosphatidylcholine Biosynthesis PC(14:1(9Z)/14:0)	drug pathway	drug pathway	drugbank
SMP0014248	Phosphatidylcholine Biosynthesis PC(14:1(9Z)/16:0)	drug pathway	drug pathway	drugbank
SMP0014249	Phosphatidylcholine Biosynthesis PC(14:1(9Z)/16:1(9Z))	drug pathway	drug pathway	drugbank
SMP0014255	Phosphatidylcholine Biosynthesis PC(14:1(9Z)/18:3(9Z,12Z,15Z))	drug pathway	drug pathway	drugbank
SMP0014267	Phosphatidylcholine Biosynthesis PC(14:1(9Z)/22:2(13Z,16Z))	drug pathway	drug pathway	drugbank
SMP0014272	Phosphatidylcholine Biosynthesis PC(14:1(9Z)/24:0)	drug pathway	drug pathway	drugbank
SMP0014274	Phosphatidylcholine Biosynthesis PC(15:0/14:0)	drug pathway	drug pathway	drugbank
SMP0014277	Phosphatidylcholine Biosynthesis PC(15:0/16:0)	drug pathway	drug pathway	drugbank
SMP0014278	Phosphatidylcholine Biosynthesis PC(15:0/16:1(9Z))	drug pathway	drug pathway	drugbank
SMP0014279	Phosphatidylcholine Biosynthesis PC(15:0/18:0)	drug pathway	drug pathway	drugbank
SMP0014287	Phosphatidylcholine Biosynthesis PC(15:0/20:1(11Z))	drug pathway	drug pathway	drugbank
SMP0014290	Phosphatidylcholine Biosynthesis PC(15:0/20:3(8Z,11Z,14Z))	drug pathway	drug pathway	drugbank
SMP0014291	Phosphatidylcholine Biosynthesis PC(15:0/20:4(5Z,8Z,11Z,14Z))	drug pathway	drug pathway	drugbank
SMP0014294	Phosphatidylcholine Biosynthesis PC(15:0/22:0)	drug pathway	drug pathway	drugbank
SMP0014300	Phosphatidylcholine Biosynthesis PC(15:0/22:6(4Z,7Z,10Z,13Z,16Z,19Z))	drug pathway	drug pathway	drugbank
SMP0014303	Phosphatidylcholine Biosynthesis PC(16:0/14:0)	drug pathway	drug pathway	drugbank
SMP0000719	2-Aminoadipic 2-Oxoadipic Aciduria	drug pathway	drug pathway	drugbank
SMP0000037	Lysine Degradation	drug pathway	drug pathway	drugbank
SMP0000528	Hyperlysinemia II or Saccharopinuria	drug pathway	drug pathway	drugbank
SMP0000564	Multiple Carboxylase Deficiency, Neonatal or Early Onset Form	drug pathway	drug pathway	drugbank
SMP0000571	Pyridoxine Dependency with Seizures	drug pathway	drug pathway	drugbank
SMP0000174	Biotinidase Deficiency	drug pathway	drug pathway	drugbank
SMP0000527	Hyperlysinemia I, Familial	drug pathway	drug pathway	drugbank
SMP0000362	Arginine: Glycine Amidinotransferase Deficiency (AGAT Deficiency)	drug pathway	drug pathway	drugbank
SMP0000504	Creatine Deficiency, Guanidinoacetate Methyltransferase Deficiency	drug pathway	drug pathway	drugbank
SMP0000505	Hyperornithinemia with Gyrate Atrophy (HOGA)	drug pathway	drug pathway	drugbank
SMP0000067	Aspartate Metabolism	drug pathway	drug pathway	drugbank
SMP0000175	Canavan Disease	drug pathway	drug pathway	drugbank
SMP0000192	Hypoacetylaspartia	drug pathway	drug pathway	drugbank
SMP0000207	Prolidase Deficiency (PD)	drug pathway	drug pathway	drugbank
SMP0000208	Prolinemia Type II	drug pathway	drug pathway	drugbank
SMP0000363	Ornithine Aminotransferase Deficiency (OAT Deficiency)	drug pathway	drug pathway	drugbank
SMP0000506	Hyperornithinemia-Hyperammonemia-Homocitrullinuria [HHH-syndrome]	drug pathway	drug pathway	drugbank
SMP0063777	Nitric Oxide Signaling Pathway	drug pathway	drug pathway	drugbank
SMP0000030	Oxidation of Branched-Chain Fatty Acids	drug pathway	drug pathway	drugbank
SMP0000170	Aromatic L-Aminoacid Decarboxylase Deficiency	drug pathway	drug pathway	drugbank
SMP0000450	Phytanic Acid Peroxisomal Oxidation	drug pathway	drug pathway	drugbank
SMP0002292	The Oncogenic Action of Succinate	drug pathway	drug pathway	drugbank
SMP0000169	Alkaptonuria	drug pathway	drug pathway	drugbank
SMP0000190	Hawkinsinuria	drug pathway	drug pathway	drugbank
SMP0000451	Refsum Disease	drug pathway	drug pathway	drugbank
SMP0000494	Tyrosinemia, Transient, of the Newborn	drug pathway	drug pathway	drugbank
SMP0000497	Tyrosine Hydroxylase Deficiency	drug pathway	drug pathway	drugbank
SMP0000498	Dopamine beta-Hydroxylase Deficiency	drug pathway	drug pathway	drugbank
SMP0000533	Monoamine Oxidase-A Deficiency (MAO-A)	drug pathway	drug pathway	drugbank
SMP0000445	Spermidine and Spermine Biosynthesis	drug pathway	drug pathway	drugbank
SMP0000129	Malate-Aspartate Shuttle	drug pathway	drug pathway	drugbank
SMP0000220	Xanthine Dehydrogenase Deficiency (Xanthinuria)	drug pathway	drug pathway	drugbank
SMP0000512	Xanthinuria Type I	drug pathway	drug pathway	drugbank
SMP0000536	Mitochondrial DNA Depletion Syndrome	drug pathway	drug pathway	drugbank
SMP0000537	Myoadenylate Deaminase Deficiency	drug pathway	drug pathway	drugbank
SMP0000126	Phenylacetate Metabolism	drug pathway	drug pathway	drugbank
SMP0000046	Pyrimidine Metabolism	drug pathway	drug pathway	drugbank
SMP0000202	MNGIE (Mitochondrial Neurogastrointestinal Encephalopathy)	drug pathway	drug pathway	drugbank
SMP0000216	Sialuria or French Type Sialuria	drug pathway	drug pathway	drugbank
SMP0000217	Sialuria or French Type Sialuria	drug pathway	drug pathway	drugbank
SMP0000240	Salla Disease/Infantile Sialic Acid Storage Disease	drug pathway	drug pathway	drugbank
SMP0000390	Tay-Sachs Disease	drug pathway	drug pathway	drugbank
SMP0002298	Glutaminolysis and Cancer	drug pathway	drug pathway	drugbank
SMP0002359	The Oncogenic Action of D-2-Hydroxyglutarate in Hydroxygluaricaciduria	drug pathway	drug pathway	drugbank
SMP0000031	Pentose Phosphate Pathway	drug pathway	drug pathway	drugbank
SMP0000051	Fatty Acid Metabolism	drug pathway	drug pathway	drugbank
SMP0000060	Pyruvate Metabolism	drug pathway	drug pathway	drugbank
SMP0000073	Butyrate Metabolism	drug pathway	drug pathway	drugbank
SMP0000076	Thiamine Metabolism	drug pathway	drug pathway	drugbank
SMP0000196	Leigh Syndrome	drug pathway	drug pathway	drugbank
SMP0000212	Pyruvate Dehydrogenase Complex Deficiency	drug pathway	drug pathway	drugbank
SMP0000334	Pyruvate Decarboxylase E1 Component Deficiency (PDHE1 Deficiency)	drug pathway	drug pathway	drugbank
SMP0000018	Alpha Linolenic Acid and Linoleic Acid Metabolism	drug pathway	drug pathway	drugbank
SMP0015056	Phosphatidylethanolamine Biosynthesis PE(14:0/14:0)	drug pathway	drug pathway	drugbank
SMP0015057	Phosphatidylethanolamine Biosynthesis PE(14:0/14:1(9Z))	drug pathway	drug pathway	drugbank
SMP0015058	Phosphatidylethanolamine Biosynthesis PE(14:0/15:0)	drug pathway	drug pathway	drugbank
SMP0015062	Phosphatidylethanolamine Biosynthesis PE(14:0/18:1(11Z))	drug pathway	drug pathway	drugbank
SMP0015063	Phosphatidylethanolamine Biosynthesis PE(14:0/18:1(9Z))	drug pathway	drug pathway	drugbank
SMP0015074	Phosphatidylethanolamine Biosynthesis PE(14:0/20:4(8Z,11Z,14Z,17Z))	drug pathway	drug pathway	drugbank
SMP0015077	Phosphatidylethanolamine Biosynthesis PE(14:0/22:1(13Z))	drug pathway	drug pathway	drugbank
SMP0015078	Phosphatidylethanolamine Biosynthesis PE(14:0/22:2(13Z,16Z))	drug pathway	drug pathway	drugbank
SMP0015084	Phosphatidylethanolamine Biosynthesis PE(14:0/24:1(15Z))	drug pathway	drug pathway	drugbank
SMP0015086	Phosphatidylethanolamine Biosynthesis PE(14:1(9Z)/14:1(9Z))	drug pathway	drug pathway	drugbank
SMP0015092	Phosphatidylethanolamine Biosynthesis PE(14:1(9Z)/18:1(9Z))	drug pathway	drug pathway	drugbank
SMP0015094	Phosphatidylethanolamine Biosynthesis PE(14:1(9Z)/18:3(6Z,9Z,12Z))	drug pathway	drug pathway	drugbank
SMP0015095	Phosphatidylethanolamine Biosynthesis PE(14:1(9Z)/18:3(9Z,12Z,15Z))	drug pathway	drug pathway	drugbank
SMP0015097	Phosphatidylethanolamine Biosynthesis PE(14:1(9Z)/20:0)	drug pathway	drug pathway	drugbank
SMP0015101	Phosphatidylethanolamine Biosynthesis PE(14:1(9Z)/20:3(8Z,11Z,14Z))	drug pathway	drug pathway	drugbank
SMP0015103	Phosphatidylethanolamine Biosynthesis PE(14:1(9Z)/20:4(8Z,11Z,14Z,17Z))	drug pathway	drug pathway	drugbank
SMP0015109	Phosphatidylethanolamine Biosynthesis PE(14:1(9Z)/22:5(4Z,7Z,10Z,13Z,16Z))	drug pathway	drug pathway	drugbank
SMP0015112	Phosphatidylethanolamine Biosynthesis PE(14:1(9Z)/24:0)	drug pathway	drug pathway	drugbank
SMP0015114	Phosphatidylethanolamine Biosynthesis PE(15:0/14:0)	drug pathway	drug pathway	drugbank
SMP0015116	Phosphatidylethanolamine Biosynthesis PE(15:0/15:0)	drug pathway	drug pathway	drugbank
SMP0015117	Phosphatidylethanolamine Biosynthesis PE(15:0/16:0)	drug pathway	drug pathway	drugbank
SMP0015119	Phosphatidylethanolamine Biosynthesis PE(15:0/18:0)	drug pathway	drug pathway	drugbank
SMP0015120	Phosphatidylethanolamine Biosynthesis PE(15:0/18:1(11Z))	drug pathway	drug pathway	drugbank
SMP0015121	Phosphatidylethanolamine Biosynthesis PE(15:0/18:1(9Z))	drug pathway	drug pathway	drugbank
SMP0000295	Lymecycline Action Pathway	drug pathway	drug pathway	drugbank
SMP0000712	Tigecycline Action Pathway	drug pathway	drug pathway	drugbank
SMP0000714	Paromomycin Action Pathway	drug pathway	drug pathway	drugbank
SMP0000727	Methacycline Action Pathway	drug pathway	drug pathway	drugbank
SMP0000728	Lincomycin Action Pathway	drug pathway	drug pathway	drugbank
SMP0000729	Chloramphenicol Action Pathway	drug pathway	drug pathway	drugbank
SMP0000716	Thyroid Hormone Synthesis	drug pathway	drug pathway	drugbank
SMP0000071	Ketone Body Metabolism	drug pathway	drug pathway	drugbank
SMP0000384	Methylmalonate Semialdehyde Dehydrogenase Deficiency	drug pathway	drug pathway	drugbank
SMP0000070	Riboflavin Metabolism	drug pathway	drug pathway	drugbank
SMP0000084	Etodolac Action Pathway	drug pathway	drug pathway	drugbank
SMP0000085	Ketoprofen Action Pathway	drug pathway	drug pathway	drugbank
SMP0000086	Ibuprofen Action Pathway	drug pathway	drug pathway	drugbank
SMP0000096	Celecoxib Action Pathway	drug pathway	drug pathway	drugbank
SMP0000101	Suprofen Action Pathway	drug pathway	drug pathway	drugbank
SMP0000104	Indomethacin Action Pathway	drug pathway	drug pathway	drugbank
SMP0000289	Diflunisal Action Pathway	drug pathway	drug pathway	drugbank
SMP0000077	Piroxicam Action Pathway	drug pathway	drug pathway	drugbank
SMP0000087	Rofecoxib Action Pathway	drug pathway	drug pathway	drugbank
SMP0000093	Diclofenac Action Pathway	drug pathway	drug pathway	drugbank
SMP0000094	Sulindac Action Pathway	drug pathway	drug pathway	drugbank
SMP0000114	Nabumetone Action Pathway	drug pathway	drug pathway	drugbank
SMP0000116	Valdecoxib Action Pathway	drug pathway	drug pathway	drugbank
SMP0000183	gamma-Glutamyltransferase Deficiency	drug pathway	drug pathway	drugbank
SMP0000500	5-Oxoprolinase Deficiency	drug pathway	drug pathway	drugbank
SMP0000692	Antipyrine Action Pathway	drug pathway	drug pathway	drugbank
SMP0000697	Flurbiprofen Action Pathway	drug pathway	drug pathway	drugbank
SMP0000702	Nepafenac Action Pathway	drug pathway	drug pathway	drugbank
SMP0000015	Glutathione Metabolism	drug pathway	drug pathway	drugbank
SMP0000075	Arachidonic Acid Metabolism	drug pathway	drug pathway	drugbank
SMP0000083	Acetylsalicylic Acid Action Pathway	drug pathway	drug pathway	drugbank
SMP0000098	Ketorolac Action Pathway	drug pathway	drug pathway	drugbank
SMP0000102	Bromfenac Action Pathway	drug pathway	drug pathway	drugbank
SMP0000106	Meloxicam Action Pathway	drug pathway	drug pathway	drugbank
SMP0000109	Mefenamic Acid Action Pathway	drug pathway	drug pathway	drugbank
SMP0000113	Oxaprozin Action Pathway	drug pathway	drug pathway	drugbank
SMP0000120	Naproxen Action Pathway	drug pathway	drug pathway	drugbank
SMP0000143	5-Oxoprolinuria	drug pathway	drug pathway	drugbank
SMP0000337	Glutathione Synthetase Deficiency	drug pathway	drug pathway	drugbank
SMP0000447	Cyclophosphamide Action Pathway	drug pathway	drug pathway	drugbank
SMP0000604	Cyclophosphamide Metabolism Pathway	drug pathway	drug pathway	drugbank
SMP0000640	Acetaminophen Metabolism Pathway	drug pathway	drug pathway	drugbank
SMP0014304	Phosphatidylcholine Biosynthesis PC(16:0/14:1(9Z))	drug pathway	drug pathway	drugbank
SMP0014306	Phosphatidylcholine Biosynthesis PC(16:0/16:0)	drug pathway	drug pathway	drugbank
SMP0014310	Phosphatidylcholine Biosynthesis PC(16:0/18:1(9Z))	drug pathway	drug pathway	drugbank
SMP0000314	Congenital Bile Acid Synthesis Defect Type II	drug pathway	drug pathway	drugbank
SMP0000501	gamma-Glutamyltranspeptidase Deficiency	drug pathway	drug pathway	drugbank
SMP0000720	27-Hydroxylase Deficiency	drug pathway	drug pathway	drugbank
SMP0000035	Bile Acid Biosynthesis	drug pathway	drug pathway	drugbank
SMP0000524	Isovaleric Acidemia	drug pathway	drug pathway	drugbank
SMP0000017	Vitamin B6 Metabolism	drug pathway	drug pathway	drugbank
SMP0000503	Hypophosphatasia	drug pathway	drug pathway	drugbank
SMP0000521	3-Hydroxyisobutyric Acid Dehydrogenase Deficiency	drug pathway	drug pathway	drugbank
SMP0000522	3-Hydroxyisobutyric Aciduria	drug pathway	drug pathway	drugbank
SMP0000063	Tryptophan Metabolism	drug pathway	drug pathway	drugbank
SMP0000080	Polythiazide Action Pathway	drug pathway	drug pathway	drugbank
SMP0000088	Bumetanide Action Pathway	drug pathway	drug pathway	drugbank
SMP0000091	Quinethazone Action Pathway	drug pathway	drug pathway	drugbank
SMP0000110	Indapamide Action Pathway	drug pathway	drug pathway	drugbank
SMP0000121	Trichlormethiazide Action Pathway	drug pathway	drug pathway	drugbank
SMP0000134	Spironolactone Action Pathway	drug pathway	drug pathway	drugbank
SMP0000135	Eplerenone Action Pathway	drug pathway	drug pathway	drugbank
SMP0000027	Pantothenate and CoA Biosynthesis	drug pathway	drug pathway	drugbank
SMP0000078	Chlorothiazide Action Pathway	drug pathway	drug pathway	drugbank
SMP0000090	Bendroflumethiazide Action Pathway	drug pathway	drug pathway	drugbank
SMP0000097	Ethacrynic Acid Action Pathway	drug pathway	drug pathway	drugbank
SMP0000103	Cyclothiazide Action Pathway	drug pathway	drug pathway	drugbank
SMP0000108	Hydroflumethiazide Action Pathway	drug pathway	drug pathway	drugbank
SMP0000122	Chlorthalidone Action Pathway	drug pathway	drug pathway	drugbank
SMP0000133	Amiloride Action Pathway	drug pathway	drug pathway	drugbank
SMP0000184	Glucose Transporter Defect (SGLT2)	drug pathway	drug pathway	drugbank
SMP0000193	Iminoglycinuria	drug pathway	drug pathway	drugbank
SMP0000452	Threonine and 2-Oxobutanoate Degradation	drug pathway	drug pathway	drugbank
SMP0000010	Nucleotide Sugars Metabolism	drug pathway	drug pathway	drugbank
SMP0000028	Caffeine Metabolism	drug pathway	drug pathway	drugbank
SMP0000064	Fructose and Mannose Degradation	drug pathway	drug pathway	drugbank
SMP0000068	Androgen and Estrogen Metabolism	drug pathway	drug pathway	drugbank
SMP0000124	Glycerol Phosphate Shuttle	drug pathway	drug pathway	drugbank
SMP0000181	Ethylmalonic Encephalopathy	drug pathway	drug pathway	drugbank
SMP0000185	Glutaric Aciduria Type I	drug pathway	drug pathway	drugbank
SMP0000187	Glycerol Kinase Deficiency	drug pathway	drug pathway	drugbank
SMP0000222	Glycine N-Methyltransferase Deficiency	drug pathway	drug pathway	drugbank
SMP0000235	Short-Chain Acyl-CoA Dehydrogenase Deficiency (SCAD Deficiency)	drug pathway	drug pathway	drugbank
SMP0000316	Zellweger Syndrome	drug pathway	drug pathway	drugbank
SMP0000074	Retinol Metabolism	drug pathway	drug pathway	drugbank
SMP0000336	Vitamin A Deficiency	drug pathway	drug pathway	drugbank
SMP0000099	Lovastatin Action Pathway	drug pathway	drug pathway	drugbank
SMP0000111	Cerivastatin Action Pathway	drug pathway	drug pathway	drugbank
SMP0000209	Hypercholesterolemia	drug pathway	drug pathway	drugbank
SMP0000388	Chondrodysplasia Punctata II, X-Linked Dominant (CDPX2)	drug pathway	drug pathway	drugbank
SMP0000389	Smith-Lemli-Opitz Syndrome (SLOS)	drug pathway	drug pathway	drugbank
SMP0000510	Mevalonic Aciduria	drug pathway	drug pathway	drugbank
SMP0000082	Simvastatin Action Pathway	drug pathway	drug pathway	drugbank
SMP0000089	Pravastatin Action Pathway	drug pathway	drug pathway	drugbank
SMP0000092	Rosuvastatin Action Pathway	drug pathway	drug pathway	drugbank
SMP0000107	Zoledronate Action Pathway	drug pathway	drug pathway	drugbank
SMP0000117	Pamidronate Action Pathway	drug pathway	drug pathway	drugbank
SMP0000119	Fluvastatin Action Pathway	drug pathway	drug pathway	drugbank
SMP0000319	Lysosomal Acid Lipase Deficiency (Wolman Disease)	drug pathway	drug pathway	drugbank
SMP0000508	Cholesteryl Ester Storage Disease	drug pathway	drug pathway	drugbank
SMP0000023	Steroid Biosynthesis	drug pathway	drug pathway	drugbank
SMP0000079	Ibandronate Action Pathway	drug pathway	drug pathway	drugbank
SMP0000095	Alendronate Action Pathway	drug pathway	drug pathway	drugbank
SMP0000112	Risedronate Action Pathway	drug pathway	drug pathway	drugbank
SMP0000131	Atorvastatin Action Pathway	drug pathway	drug pathway	drugbank
SMP0000386	Desmosterolosis	drug pathway	drug pathway	drugbank
SMP0000387	CHILD Syndrome	drug pathway	drug pathway	drugbank
SMP0000509	Hyper-IgD Syndrome	drug pathway	drug pathway	drugbank
SMP0000511	Wolman Disease	drug pathway	drug pathway	drugbank
SMP0000011	Inositol Metabolism	drug pathway	drug pathway	drugbank
SMP0000039	Glycerolipid Metabolism	drug pathway	drug pathway	drugbank
SMP0000043	Galactose Metabolism	drug pathway	drug pathway	drugbank
SMP0000057	Citric Acid Cycle	drug pathway	drug pathway	drugbank
SMP0000128	Gluconeogenesis	drug pathway	drug pathway	drugbank
SMP0000165	Valsartan Action Pathway	drug pathway	drug pathway	drugbank
SMP0000154	Ramipril Action Pathway	drug pathway	drug pathway	drugbank
SMP0000597	Ramipril Metabolism Pathway	drug pathway	drug pathway	drugbank
SMP0000431	Nicotine Action Pathway	drug pathway	drug pathway	drugbank
SMP0000628	Nicotine Metabolism Pathway	drug pathway	drug pathway	drugbank
SMP0000301	Esmolol Action Pathway	drug pathway	drug pathway	drugbank
SMP0000671	Tramadol Action Action Pathway	drug pathway	drug pathway	drugbank
SMP0000637	Tramadol Metabolism Pathway	drug pathway	drug pathway	drugbank
SMP0000299	Betaxolol Action Pathway	drug pathway	drug pathway	drugbank
SMP0000261	Ticlopidine Action Pathway	drug pathway	drug pathway	drugbank
SMP0000611	Ticlopidine Metabolism Pathway	drug pathway	drug pathway	drugbank
SMP0000615	Pantoprazole Metabolism Pathway	drug pathway	drug pathway	drugbank
SMP0000228	Pantoprazole Action Pathway	drug pathway	drug pathway	drugbank
SMP0000118	Torsemide Action Pathway	drug pathway	drug pathway	drugbank
SMP0000424	Citalopram Action Pathway	drug pathway	drug pathway	drugbank
SMP0000627	Citalopram Metabolism Pathway	drug pathway	drug pathway	drugbank
SMP0000081	Methyclothiazide Action Pathway	drug pathway	drug pathway	drugbank
SMP0000642	Nevirapine Metabolism Pathway	drug pathway	drug pathway	drugbank
SMP0000743	Nevirapine  Action Pathway	drug pathway	drug pathway	drugbank
SMP0000326	Fosphenytoin (Antiarrhythmic) Action Pathway	drug pathway	drug pathway	drugbank
SMP0000618	Fosphenytoin (Antiarrhythmic) Metabolism Pathway	drug pathway	drug pathway	drugbank
SMP0000302	Metoprolol Action Pathway	drug pathway	drug pathway	drugbank
SMP0000270	Dicumarol Action Pathway	drug pathway	drug pathway	drugbank
SMP0000656	Dicoumarol Action Pathway	drug pathway	drug pathway	drugbank
SMP0000378	Isradipine Action Pathway	drug pathway	drug pathway	drugbank
SMP0000736	Betazole Action Pathway	drug pathway	drug pathway	drugbank
SMP0000163	Olmesartan Action Pathway	drug pathway	drug pathway	drugbank
SMP0000276	Argatroban Action Pathway	drug pathway	drug pathway	drugbank
SMP0000325	Disopyramide Action Pathway	drug pathway	drug pathway	drugbank
SMP0000328	Lidocaine (Antiarrhythmic) Action Pathway	drug pathway	drug pathway	drugbank
SMP0000398	Lidocaine (Local Anaesthetic) Action Pathway	drug pathway	drug pathway	drugbank
SMP0000620	Lidocaine (Local Anaesthetic) Metabolism Pathway	drug pathway	drug pathway	drugbank
SMP0058891	Clemastine H1-Antihistamine Action	drug pathway	drug pathway	drugbank
SMP0000636	Venlafaxine Metabolism Pathway	drug pathway	drug pathway	drugbank
SMP0000406	Morphine Action Pathway	drug pathway	drug pathway	drugbank
SMP0000405	Codeine Action Pathway	drug pathway	drug pathway	drugbank
SMP0000623	Heroin Metabolism Pathway	drug pathway	drug pathway	drugbank
SMP0000407	Heroin Action Pathway	drug pathway	drug pathway	drugbank
SMP0000621	Codeine Metabolism Pathway	drug pathway	drug pathway	drugbank
SMP0000622	Morphine Metabolism Pathway	drug pathway	drug pathway	drugbank
SMP0000404	Ropivacaine Action Pathway	drug pathway	drug pathway	drugbank
SMP0000393	Bupivacaine Action Pathway	drug pathway	drug pathway	drugbank
SMP0000630	Tenofovir Metabolism Pathway	drug pathway	drug pathway	drugbank
SMP0000287	Tranexamic Acid Action Pathway	drug pathway	drug pathway	drugbank
SMP0000332	Ibutilide Action Pathway	drug pathway	drug pathway	drugbank
SMP0000438	Vindesine Action Pathway	drug pathway	drug pathway	drugbank
SMP0000635	Valproic Acid Metabolism Pathway	drug pathway	drug pathway	drugbank
SMP0000710	Acetaminophen  Action Pathway	drug pathway	drug pathway	drugbank
SMP0000473	Gefitinib Action Pathway	drug pathway	drug pathway	drugbank
SMP0000410	Hydromorphone Action Pathway	drug pathway	drug pathway	drugbank
SMP0000408	Methadone Action Pathway	drug pathway	drug pathway	drugbank
SMP0000624	Methadone Metabolism Pathway	drug pathway	drug pathway	drugbank
SMP0000298	Atenolol Action Pathway	drug pathway	drug pathway	drugbank
SMP0000613	Omeprazole Metabolism Pathway	drug pathway	drug pathway	drugbank
SMP0000226	Omeprazole Action Pathway	drug pathway	drug pathway	drugbank
SMP0059058	Cetirizine H1-Antihistamine Action	drug pathway	drug pathway	drugbank
SMP0060208	Terfenadine H1-Antihistamine Action	drug pathway	drug pathway	drugbank
SMP0000359	Diltiazem Action Pathway	drug pathway	drug pathway	drugbank
SMP0000647	Thioguanine Metabolism Pathway	drug pathway	drug pathway	drugbank
SMP0058964	Buclizine H1-Antihistamine Action	drug pathway	drug pathway	drugbank
SMP0000486	DOPA-Responsive Dystonia	drug pathway	drug pathway	drugbank
SMP0000650	Doxorubicin Metabolism Pathway	drug pathway	drug pathway	drugbank
SMP0000487	Hyperphenylalaniemia Due to Guanosine Triphosphate Cyclohydrolase Deficiency	drug pathway	drug pathway	drugbank
SMP0000488	Hyperphenylalaninemia Due to 6-Pyruvoyltetrahydropterin Synthase Deficiency (ptps)	drug pathway	drug pathway	drugbank
SMP0000005	Pterine Biosynthesis	drug pathway	drug pathway	drugbank
SMP0000489	Hyperphenylalaninemia Due to DHPR-Deficiency	drug pathway	drug pathway	drugbank
SMP0000490	Segawa Syndrome	drug pathway	drug pathway	drugbank
SMP0000491	Sepiapterin Reductase Deficiency	drug pathway	drug pathway	drugbank
SMP0000439	Vinorelbine Action Pathway	drug pathway	drug pathway	drugbank
SMP0058803	Doxylamine H1-Antihistamine Action	drug pathway	drug pathway	drugbank
SMP0000392	Benzocaine Action Pathway	drug pathway	drug pathway	drugbank
SMP0000403	Proparacaine Action Pathway	drug pathway	drug pathway	drugbank
SMP0000415	Fentanyl Action Pathway	drug pathway	drug pathway	drugbank
SMP0000417	Sufentanil Action Pathway	drug pathway	drug pathway	drugbank
SMP0000678	Methadyl Acetate Action Pathway	drug pathway	drug pathway	drugbank
SMP0000680	Dimethylthiambutene Action Pathway	drug pathway	drug pathway	drugbank
SMP0000689	Dihydromorphine Action Pathway	drug pathway	drug pathway	drugbank
SMP0000690	Ketobemidone  Action Pathway	drug pathway	drug pathway	drugbank
SMP0000400	Oxybuprocaine Action Pathway	drug pathway	drug pathway	drugbank
SMP0000411	Hydrocodone Action Pathway	drug pathway	drug pathway	drugbank
SMP0000412	Oxymorphone Action Pathway	drug pathway	drug pathway	drugbank
SMP0000416	Remifentanil Action Pathway	drug pathway	drug pathway	drugbank
SMP0000426	Fluoxetine Action Pathway	drug pathway	drug pathway	drugbank
SMP0000672	Propoxyphene Action Pathway	drug pathway	drug pathway	drugbank
SMP0000674	Anileridine Action Pathway	drug pathway	drug pathway	drugbank
SMP0000679	3-Methylthiofentanyl Action Pathway	drug pathway	drug pathway	drugbank
SMP0000683	Levallorphan Action Pathway	drug pathway	drug pathway	drugbank
SMP0062885	Mirtazapine H1-Antihistamine Action	drug pathway	drug pathway	drugbank
SMP0000469	Capecitabine Action Pathway	drug pathway	drug pathway	drugbank
SMP0000607	Capecitabine Metabolism Pathway	drug pathway	drug pathway	drugbank
SMP0000659	Timolol Action Pathway	drug pathway	drug pathway	drugbank
SMP0000329	Mexiletine Action Pathway	drug pathway	drug pathway	drugbank
SMP0000376	Amlodipine Action Pathway	drug pathway	drug pathway	drugbank
SMP0000132	Triamterene Action Pathway	drug pathway	drug pathway	drugbank
SMP0000380	Nimodipine Action Pathway	drug pathway	drug pathway	drugbank
SMP0000371	Congenital Lipoid Adrenal Hyperplasia (CLAH) or Lipoid CAH	drug pathway	drug pathway	drugbank
SMP0000575	11-beta-Hydroxylase Deficiency (CYP11B1)	drug pathway	drug pathway	drugbank
SMP0000717	Apparent Mineralocorticoid Excess Syndrome	drug pathway	drug pathway	drugbank
SMP0000372	Adrenal Hyperplasia Type 5 or Congenital Adrenal Hyperplasia Due to 17 alpha-Hydroxylase Deficiency	drug pathway	drug pathway	drugbank
SMP0000577	Corticosterone Methyl Oxidase I Deficiency (CMO I)	drug pathway	drug pathway	drugbank
SMP0000718	3-beta-Hydroxysteroid Dehydrogenase Deficiency	drug pathway	drug pathway	drugbank
SMP0000130	Steroidogenesis	drug pathway	drug pathway	drugbank
SMP0000373	Adrenal Hyperplasia Type 3 or Congenital Adrenal Hyperplasia Due to 21-Hydroxylase Deficiency	drug pathway	drug pathway	drugbank
SMP0000566	17-alpha-Hydroxylase Deficiency (CYP17)	drug pathway	drug pathway	drugbank
SMP0000576	21-Hydroxylase Deficiency (CYP21)	drug pathway	drug pathway	drugbank
SMP0000578	Corticosterone Methyl Oxidase II Deficiency (CMO II)	drug pathway	drug pathway	drugbank
SMP0000648	Sorafenib Metabolism Pathway	drug pathway	drug pathway	drugbank
SMP0000381	Nisoldipine Action Pathway	drug pathway	drug pathway	drugbank
SMP0057580	Dexbrompheniramine H1-Antihistamine Action	drug pathway	drug pathway	drugbank
SMP0000272	Enoxaparin Action Pathway	drug pathway	drug pathway	drugbank
SMP0000275	Ardeparin Action Pathway	drug pathway	drug pathway	drugbank
SMP0000653	Rosiglitazone Metabolism Pathway	drug pathway	drug pathway	drugbank
SMP0057581	Triprolidine H1-Antihistamine Action	drug pathway	drug pathway	drugbank
SMP0059694	Cyproheptadine H1-Antihistamine Action	drug pathway	drug pathway	drugbank
SMP0000603	Gemcitabine Metabolism Pathway	drug pathway	drug pathway	drugbank
SMP0000446	Gemcitabine Action Pathway	drug pathway	drug pathway	drugbank
SMP0000443	Teniposide Action Pathway	drug pathway	drug pathway	drugbank
SMP0000602	Teniposide Metabolism Pathway	drug pathway	drug pathway	drugbank
SMP0000614	Lansoprazole Metabolism Pathway	drug pathway	drug pathway	drugbank
SMP0000227	Lansoprazole Action Pathway	drug pathway	drug pathway	drugbank
SMP0060195	Loratadine H1-Antihistamine Action	drug pathway	drug pathway	drugbank
SMP0000422	Imipramine Action Pathway	drug pathway	drug pathway	drugbank
SMP0000625	Imipramine Metabolism Pathway	drug pathway	drug pathway	drugbank
SMP0000706	Tenoxicam Action Pathway	drug pathway	drug pathway	drugbank
SMP0000646	Fluoxetine Metabolism Pathway	drug pathway	drug pathway	drugbank
SMP0000644	Celecoxib Metabolism Pathway	drug pathway	drug pathway	drugbank
SMP0000660	Sotalol Action Pathway	drug pathway	drug pathway	drugbank
SMP0000149	Fosinopril Action Pathway	drug pathway	drug pathway	drugbank
SMP0000594	Fosinopril Metabolism Pathway	drug pathway	drug pathway	drugbank
SMP0000747	Zidovudine Action Pathway	drug pathway	drug pathway	drugbank
SMP0000409	Oxycodone Action Pathway	drug pathway	drug pathway	drugbank
SMP0000655	Phenindione Action Pathway	drug pathway	drug pathway	drugbank
SMP0000704	Tolmetin Action Pathway	drug pathway	drug pathway	drugbank
SMP0000232	Cimetidine Action Pathway	drug pathway	drug pathway	drugbank
SMP0000617	Cimetidine Metabolism Pathway	drug pathway	drug pathway	drugbank
SMP0000286	Aminocaproic Acid Action Pathway	drug pathway	drug pathway	drugbank
SMP0000157	Trandolapril Action Pathway	drug pathway	drug pathway	drugbank
SMP0000599	Trandolapril Metabolism Pathway	drug pathway	drug pathway	drugbank
SMP0000658	Carteolol Action Pathway	drug pathway	drug pathway	drugbank
SMP0000105	Metolazone Action Pathway	drug pathway	drug pathway	drugbank
SMP0000396	Dibucaine Action Pathway	drug pathway	drug pathway	drugbank
SMP0000472	Erlotinib Action Pathway	drug pathway	drug pathway	drugbank
SMP0000437	Vincristine Action Pathway	drug pathway	drug pathway	drugbank
SMP0000145	Benazepril Action Pathway	drug pathway	drug pathway	drugbank
SMP0000591	Benazepril Metabolism Pathway	drug pathway	drug pathway	drugbank
SMP0000470	Fluorouracil Action Pathway	drug pathway	drug pathway	drugbank
SMP0000608	Fluorouracil Metabolism Pathway	drug pathway	drug pathway	drugbank
SMP0058936	Hydroxyzine H1-Antihistamine Action	drug pathway	drug pathway	drugbank
SMP0000634	Carbamazepine Metabolism Pathway	drug pathway	drug pathway	drugbank
SMP0059110	Cinnarizine H1-Antihistamine Action	drug pathway	drug pathway	drugbank
SMP0000273	Fondaparinux Action Pathway	drug pathway	drug pathway	drugbank
SMP0000436	Vinblastine Action Pathway	drug pathway	drug pathway	drugbank
SMP0000307	Propranolol Action Pathway	drug pathway	drug pathway	drugbank
SMP0000696	Fenoprofen Action Pathway	drug pathway	drug pathway	drugbank
SMP0000052	Beta Oxidation of Very Long Chain Fatty Acids	drug pathway	drug pathway	drugbank
SMP0000539	Long Chain Acyl-CoA Dehydrogenase Deficiency (LCAD)	drug pathway	drug pathway	drugbank
SMP0000541	Carnitine Palmitoyl Transferase Deficiency II	drug pathway	drug pathway	drugbank
SMP0000482	Mitochondrial Beta-Oxidation of Long Chain Saturated Fatty Acids	drug pathway	drug pathway	drugbank
SMP0000538	Carnitine Palmitoyl Transferase Deficiency I	drug pathway	drug pathway	drugbank
SMP0000540	Very-Long-Chain Acyl-CoA Dehydrogenase Deficiency (VLCAD)	drug pathway	drug pathway	drugbank
SMP0000545	Trifunctional Protein Deficiency	drug pathway	drug pathway	drugbank
SMP0000516	Adrenoleukodystrophy, X-Linked	drug pathway	drug pathway	drugbank
SMP0000517	Carnitine-Acylcarnitine Translocase Deficiency	drug pathway	drug pathway	drugbank
SMP0000542	Medium Chain Acyl-CoA Dehydrogenase Deficiency (MCAD)	drug pathway	drug pathway	drugbank
SMP0000593	Enalapril Metabolism Pathway	drug pathway	drug pathway	drugbank
SMP0000148	Enalapril Action Pathway	drug pathway	drug pathway	drugbank
SMP0000233	Nizatidine Action Pathway	drug pathway	drug pathway	drugbank
SMP0000368	Labetalol Action Pathway	drug pathway	drug pathway	drugbank
SMP0000300	Bisoprolol Action Pathway	drug pathway	drug pathway	drugbank
SMP0031694	Imatinib Inhibition of BCR-ABL	drug pathway	drug pathway	drugbank
SMP0000356	17-beta Hydroxysteroid Dehydrogenase III Deficiency	drug pathway	drug pathway	drugbank
SMP0030406	Androstenedione Metabolism	drug pathway	drug pathway	drugbank
SMP0000565	Aromatase Deficiency	drug pathway	drug pathway	drugbank
SMP0000740	Efavirenz Action Pathway	drug pathway	drug pathway	drugbank
SMP0000048	Nicotinate and Nicotinamide Metabolism	drug pathway	drug pathway	drugbank
SMP0000440	Prednisone Action Pathway	drug pathway	drug pathway	drugbank
SMP0000631	Prednisone Metabolism Pathway	drug pathway	drug pathway	drugbank
SMP0059897	Astemizole H1-Antihistamine Action	drug pathway	drug pathway	drugbank
SMP0000340	Methylenetetrahydrofolate Reductase Deficiency (MTHFRD)	drug pathway	drug pathway	drugbank
SMP0000341	Hypermethioninemia	drug pathway	drug pathway	drugbank
SMP0000570	Homocystinuria-Megaloblastic Anemia Due to Defect in Cobalamin Metabolism, cblG Complementation Type	drug pathway	drug pathway	drugbank
SMP0000320	Intracellular Signalling Through Adenosine Receptor A2a and Adenosine	drug pathway	drug pathway	drugbank
SMP0000321	Intracellular Signalling Through Adenosine Receptor A2b and Adenosine	drug pathway	drug pathway	drugbank
SMP0000745	Stavudine Action Pathway	drug pathway	drug pathway	drugbank
SMP0000686	Pentazocine Action Pathway	drug pathway	drug pathway	drugbank
SMP0000532	Sulfite Oxidase Deficiency	drug pathway	drug pathway	drugbank
SMP0030880	Estrone Metabolism	drug pathway	drug pathway	drugbank
SMP0000041	Sulfate/Sulfite Metabolism	drug pathway	drug pathway	drugbank
SMP0000375	Verapamil Action Pathway	drug pathway	drug pathway	drugbank
SMP0000661	Epinephrine Action Pathway	drug pathway	drug pathway	drugbank
SMP0000246	Pirenzepine Action Pathway	drug pathway	drug pathway	drugbank
SMP0000606	Tamoxifen Metabolism Pathway	drug pathway	drug pathway	drugbank
SMP0000471	Tamoxifen Action Pathway	drug pathway	drug pathway	drugbank
SMP0000162	Losartan Action Pathway	drug pathway	drug pathway	drugbank
SMP0000268	Warfarin Action Pathway	drug pathway	drug pathway	drugbank
SMP0000652	Mycophenolic Acid Metabolism Pathway	drug pathway	drug pathway	drugbank
SMP0000151	Moexipril Action Pathway	drug pathway	drug pathway	drugbank
SMP0000595	Moexipril Metabolism Pathway	drug pathway	drug pathway	drugbank
SMP0000115	Furosemide Action Pathway	drug pathway	drug pathway	drugbank
SMP0000687	Naltrexone Action Pathway	drug pathway	drug pathway	drugbank
SMP0000738	Delavirdine Action Pathway	drug pathway	drug pathway	drugbank
SMP0000649	Lamivudine Metabolism Pathway	drug pathway	drug pathway	drugbank
SMP0000742	Lamivudine  Action Pathway	drug pathway	drug pathway	drugbank
SMP0000629	Adefovir Dipivoxil Metabolism Pathway	drug pathway	drug pathway	drugbank
SMP0059865	Azatadine H1-Antihistamine Action	drug pathway	drug pathway	drugbank
SMP0000402	Procaine Action Pathway	drug pathway	drug pathway	drugbank
SMP0000150	Lisinopril Action Pathway	drug pathway	drug pathway	drugbank
SMP0000453	Nateglinide Action Pathway	drug pathway	drug pathway	drugbank
SMP0000612	Esomeprazole Metabolism Pathway	drug pathway	drug pathway	drugbank
SMP0000225	Esomeprazole Action Pathway	drug pathway	drug pathway	drugbank
SMP0058956	Meclizine H1-Antihistamine Action	drug pathway	drug pathway	drugbank
SMP0000310	Corticotropin Activation of Cortisol Production	drug pathway	drug pathway	drugbank
SMP0058797	Carbinoxamine H1-Antihistamine Action	drug pathway	drug pathway	drugbank
SMP0000401	Prilocaine Action Pathway	drug pathway	drug pathway	drugbank
SMP0061191	Epinastine H1-Antihistamine Action	drug pathway	drug pathway	drugbank
SMP0000260	Clopidogrel Action Pathway	drug pathway	drug pathway	drugbank
SMP0000610	Clopidogrel Metabolism Pathway	drug pathway	drug pathway	drugbank
SMP0000600	Irinotecan Metabolism Pathway	drug pathway	drug pathway	drugbank
SMP0000433	Irinotecan Action Pathway	drug pathway	drug pathway	drugbank
SMP0060740	Olopatadine H1-Antihistamine Action	drug pathway	drug pathway	drugbank
SMP0000601	Etoposide Metabolism Pathway	drug pathway	drug pathway	drugbank
SMP0000442	Etoposide Action Pathway	drug pathway	drug pathway	drugbank
SMP0000267	Tirofiban Action Pathway	drug pathway	drug pathway	drugbank
SMP0062625	Propiomazine H1-Antihistamine Action	drug pathway	drug pathway	drugbank
SMP0000152	Perindopril Action Pathway	drug pathway	drug pathway	drugbank
SMP0057587	Tripelennamine H1-Antihistamine Action	drug pathway	drug pathway	drugbank
SMP0000158	Candesartan Action Pathway	drug pathway	drug pathway	drugbank
SMP0000413	Alfentanil Action Pathway	drug pathway	drug pathway	drugbank
SMP0000701	Phenylbutazone Action Pathway	drug pathway	drug pathway	drugbank
SMP0000694	Carprofen Action Pathway	drug pathway	drug pathway	drugbank
SMP0057579	Brompheniramine H1-Antihistamine Action	drug pathway	drug pathway	drugbank
SMP0000662	Dobutamine Action Pathway	drug pathway	drug pathway	drugbank
SMP0000691	Nalbuphine Action Pathway	drug pathway	drug pathway	drugbank
SMP0000673	Levorphanol Action Pathway	drug pathway	drug pathway	drugbank
SMP0000344	Acute Intermittent Porphyria	drug pathway	drug pathway	drugbank
SMP0000346	Porphyria Variegata (PV)	drug pathway	drug pathway	drugbank
SMP0000342	Hereditary Coproporphyria (HCP)	drug pathway	drug pathway	drugbank
SMP0000345	Congenital Erythropoietic Porphyria (CEP) or Gunther Disease	drug pathway	drug pathway	drugbank
SMP0000441	Prednisolone Action Pathway	drug pathway	drug pathway	drugbank
SMP0000632	Prednisolone Metabolism Pathway	drug pathway	drug pathway	drugbank
SMP0000230	Ranitidine Action Pathway	drug pathway	drug pathway	drugbank
SMP0000297	Alprenolol Action Pathway	drug pathway	drug pathway	drugbank
SMP0000159	Eprosartan Action Pathway	drug pathway	drug pathway	drugbank
SMP0000741	Emtricitabine Action Pathway	drug pathway	drug pathway	drugbank
SMP0000596	Quinapril Metabolism Pathway	drug pathway	drug pathway	drugbank
SMP0000153	Quinapril Action Pathway	drug pathway	drug pathway	drugbank
SMP0000449	Ethanol Degradation	drug pathway	drug pathway	drugbank
SMP0000739	Didanosine Action Pathway	drug pathway	drug pathway	drugbank
SMP0059730	Methdilazine H1-Antihistamine Action	drug pathway	drug pathway	drugbank
SMP0000395	Cocaine Action Pathway	drug pathway	drug pathway	drugbank
SMP0000323	Quinidine Action Pathway	drug pathway	drug pathway	drugbank
SMP0000454	Repaglinide Action Pathway	drug pathway	drug pathway	drugbank
SMP0000695	Etoricoxib Action Pathway	drug pathway	drug pathway	drugbank
SMP0000699	Lumiracoxib Action Pathway	drug pathway	drug pathway	drugbank
SMP0000707	Salsalate Action Pathway	drug pathway	drug pathway	drugbank
SMP0000708	Salicylate-Sodium Action Pathway	drug pathway	drug pathway	drugbank
SMP0059868	Ketotifen H1-Antihistamine Action	drug pathway	drug pathway	drugbank
SMP0000684	Buprenorphine Action Pathway	drug pathway	drug pathway	drugbank
SMP0000231	Famotidine Action Pathway	drug pathway	drug pathway	drugbank
SMP0000709	Salicylic Acid Action Pathway	drug pathway	drug pathway	drugbank
SMP0000746	Zalcitabine Action Pathway	drug pathway	drug pathway	drugbank
SMP0000271	Phenprocoumon Action Pathway	drug pathway	drug pathway	drugbank
SMP0000633	Felbamate Metabolism Pathway	drug pathway	drug pathway	drugbank
SMP0060218	Fexofenadine H1-Antihistamine Action	drug pathway	drug pathway	drugbank
SMP0000306	Pindolol Action Pathway	drug pathway	drug pathway	drugbank
SMP0000399	Mepivacaine Action Pathway	drug pathway	drug pathway	drugbank
SMP0000164	Telmisartan Action Pathway	drug pathway	drug pathway	drugbank
SMP0060201	Desloratadine H1-Antihistamine Action	drug pathway	drug pathway	drugbank
SMP0060741	Azelastine H1-Antihistamine Action	drug pathway	drug pathway	drugbank
SMP0000264	Dipyridamole (Antiplatelet) Action Pathway	drug pathway	drug pathway	drugbank
SMP0000308	Dopamine Activation of Neurological Reward System	drug pathway	drug pathway	drugbank
SMP0000645	Azathioprine Metabolism Pathway	drug pathway	drug pathway	drugbank
SMP0000100	Hydrochlorothiazide Action Pathway	drug pathway	drug pathway	drugbank
SMP0000397	Levobupivacaine Action Pathway	drug pathway	drug pathway	drugbank
SMP0000460	Glibenclamide Action Pathway	drug pathway	drug pathway	drugbank
SMP0000269	Acenocoumarol Action Pathway	drug pathway	drug pathway	drugbank
SMP0000279	Ximelagatran Action Pathway	drug pathway	drug pathway	drugbank
SMP0000274	Heparin Action Pathway	drug pathway	drug pathway	drugbank
SMP0000288	Aprotinin Action Pathway	drug pathway	drug pathway	drugbank
SMP0000464	Vitamin K Metabolism	drug pathway	drug pathway	drugbank
SMP0000586	Coagulation	drug pathway	drug pathway	drugbank
SMP0000619	Felodipine Metabolism Pathway	drug pathway	drug pathway	drugbank
SMP0000377	Felodipine Action Pathway	drug pathway	drug pathway	drugbank
SMP0000161	Irbesartan Action Pathway	drug pathway	drug pathway	drugbank
SMP0000609	Mercaptopurine Metabolism Pathway	drug pathway	drug pathway	drugbank
SMP0000324	Procainamide (Antiarrhythmic) Action Pathway	drug pathway	drug pathway	drugbank
SMP0000737	Abacavir Action Pathway	drug pathway	drug pathway	drugbank
SMP0000590	Ibuprofen Metabolism Pathway	drug pathway	drug pathway	drugbank
SMP0000382	Nitrendipine Action Pathway	drug pathway	drug pathway	drugbank
SMP0000330	Tocainide Action Pathway	drug pathway	drug pathway	drugbank
SMP0000663	Isoprenaline Action Pathway	drug pathway	drug pathway	drugbank
SMP0059211	Promethazine H1-Antihistamine Action	drug pathway	drug pathway	drugbank
SMP0059720	Mequitazine H1-Antihistamine Action	drug pathway	drug pathway	drugbank
SMP0058785	Diphenhydramine H1-Antihistamine Action	drug pathway	drug pathway	drugbank
SMP0000675	Diphenoxylate Action Pathway	drug pathway	drug pathway	drugbank
SMP0061040	Emedastine H1-Antihistamine Action	drug pathway	drug pathway	drugbank
SMP0000664	Arbutamine Action Pathway	drug pathway	drug pathway	drugbank
SMP0060224	Levocabastine H1-Antihistamine Action	drug pathway	drug pathway	drugbank
SMP0000358	Fc Epsilon Receptor I Signaling in Mast Cells	drug pathway	drug pathway	drugbank
SMP0056661	Chlorphenamine H1-Antihistamine Action	drug pathway	drug pathway	drugbank
SMP0000379	Nifedipine Action Pathway	drug pathway	drug pathway	drugbank
SMP0000665	Amiodarone Action Pathway	drug pathway	drug pathway	drugbank
SMP0000461	Gliclazide Action Pathway	drug pathway	drug pathway	drugbank
SMP0000616	Rabeprazole Metabolism Pathway	drug pathway	drug pathway	drugbank
SMP0000229	Rabeprazole Action Pathway	drug pathway	drug pathway	drugbank
SMP0000367	Carvedilol Action Pathway	drug pathway	drug pathway	drugbank
SMP0059872	Doxepin H1-Antihistamine Action	drug pathway	drug pathway	drugbank
SMP0000641	Doxepin Metabolism Pathway	drug pathway	drug pathway	drugbank
SMP0058908	Diphenylpyraline H1-Antihistamine Action	drug pathway	drug pathway	drugbank
SMP0000423	Desipramine Action Pathway	drug pathway	drug pathway	drugbank
SMP0000626	Desipramine Metabolism Pathway	drug pathway	drug pathway	drugbank
SMP0000394	Chloroprocaine Action Pathway	drug pathway	drug pathway	drugbank
SMP0000263	Cilostazol Action Pathway	drug pathway	drug pathway	drugbank
SMP0058808	Orphenadrine H1-Antihistamine Action	drug pathway	drug pathway	drugbank
SMP0000425	Escitalopram Action Pathway	drug pathway	drug pathway	drugbank
SMP0058923	Cyclizine H1-Antihistamine Action	drug pathway	drug pathway	drugbank
SMP0000155	Rescinnamine Action Pathway	drug pathway	drug pathway	drugbank
SMP0000605	Ifosfamide Metabolism Pathway	drug pathway	drug pathway	drugbank
SMP0000448	Ifosfamide Action Pathway	drug pathway	drug pathway	drugbank
SMP0000688	Naloxone Action Pathway	drug pathway	drug pathway	drugbank
SMP0000296	Acebutolol Action Pathway	drug pathway	drug pathway	drugbank
SMP0000331	Flecainide Action Pathway	drug pathway	drug pathway	drugbank
SMP0000146	Captopril Action Pathway	drug pathway	drug pathway	drugbank
SMP0000303	Nadolol Action Pathway	drug pathway	drug pathway	drugbank
SMP0000676	Dezocine Action Pathway	drug pathway	drug pathway	drugbank
SMP0000666	Levobunolol Action Pathway	drug pathway	drug pathway	drugbank
SMP0000667	Metipranolol Action Pathway	drug pathway	drug pathway	drugbank
SMP0062884	Quetiapine H1-Antihistamine Action	drug pathway	drug pathway	drugbank
SMP0000677	Levomethadyl Acetate Action Action Pathway	drug pathway	drug pathway	drugbank
SMP0000638	Levomethadyl Acetate Metabolism Pathway	drug pathway	drug pathway	drugbank
SMP0000434	Paclitaxel Action Pathway	drug pathway	drug pathway	drugbank
SMP0058813	Bromodiphenhydramine H1-Antihistamine Action	drug pathway	drug pathway	drugbank
SMP0000639	Clomipramine Metabolism Pathway	drug pathway	drug pathway	drugbank
SMP0059689	Alimemazine H1-Antihistamine Action	drug pathway	drug pathway	drugbank
SMP0000435	Docetaxel Action Pathway	drug pathway	drug pathway	drugbank
SMP0031696	Dasatinib Inhibition of BCR-ABL	drug pathway	drug pathway	drugbank
SMP0000475	Panitumumab Action Pathway	drug pathway	drug pathway	drugbank
SMP0000668	Bevantolol Action Pathway	drug pathway	drug pathway	drugbank
SMP0000669	Practolol Action Pathway	drug pathway	drug pathway	drugbank
SMP0000147	Cilazapril Action Pathway	drug pathway	drug pathway	drugbank
SMP0000592	Cilazapril Metabolism Pathway	drug pathway	drug pathway	drugbank
SMP0000160	Forasartan Action Pathway	drug pathway	drug pathway	drugbank
SMP0000189	Hartnup Disorder	drug pathway	drug pathway	drugbank
SMP0000197	Lysinuric Protein Intolerance	drug pathway	drug pathway	drugbank
SMP0000245	Glucose Transporter Defect (SGLT2)	drug pathway	drug pathway	drugbank
SMP0000156	Spirapril Action Pathway	drug pathway	drug pathway	drugbank
SMP0000598	Spirapril Metabolism Pathway	drug pathway	drug pathway	drugbank
SMP0000305	Penbutolol Action Pathway	drug pathway	drug pathway	drugbank
SMP0000034	Sphingolipid Metabolism	drug pathway	drug pathway	drugbank
SMP0000349	Gaucher Disease	drug pathway	drug pathway	drugbank
SMP0000698	Magnesium Salicylate Action Pathway	drug pathway	drug pathway	drugbank
SMP0000703	Trisalicylate-Choline Action Pathway	drug pathway	drug pathway	drugbank
SMP0000693	Antrafenine Action Pathway	drug pathway	drug pathway	drugbank
SMP0000681	Ethylmorphine Action Pathway	drug pathway	drug pathway	drugbank
SMP0000414	Carfentanil Action Pathway	drug pathway	drug pathway	drugbank
SMP0000304	Oxprenolol Action Pathway	drug pathway	drug pathway	drugbank
SMP0000496	Galactosemia III	drug pathway	drug pathway	drugbank
SMP0000518	Glucose-6-phosphate Dehydrogenase Deficiency	drug pathway	drug pathway	drugbank
SMP0000579	Congenital Disorder of Glycosylation CDG-IId	drug pathway	drug pathway	drugbank
SMP0000172	beta-Ureidopropionase Deficiency	drug pathway	drug pathway	drugbank
SMP0000178	Dihydropyrimidinase Deficiency	drug pathway	drug pathway	drugbank
SMP0000182	Galactosemia	drug pathway	drug pathway	drugbank
SMP0000705	Tiaprofenic Acid Action Pathway	drug pathway	drug pathway	drugbank
SMP0061190	Phenindamine H1-Antihistamine Action	drug pathway	drug pathway	drugbank
SMP0056662	Pheniramine H1-Antihistamine Action	drug pathway	drug pathway	drugbank
SMP0000519	Ribose-5-phosphate Isomerase Deficiency	drug pathway	drug pathway	drugbank
SMP0000219	UMP Synthase Deficiency (Orotic Aciduria)	drug pathway	drug pathway	drugbank
SMP0000561	Fructosuria	drug pathway	drug pathway	drugbank
SMP0000725	Fructose Intolerance, Hereditary	drug pathway	drug pathway	drugbank
SMP0000574	Glycogenosis, Type IC	drug pathway	drug pathway	drugbank
SMP0000581	Glycogenosis, Type IA. Von Gierke Disease	drug pathway	drug pathway	drugbank
SMP0000572	Fanconi-Bickel Syndrome	drug pathway	drug pathway	drugbank
SMP0000462	Inositol Phosphate Metabolism	drug pathway	drug pathway	drugbank
SMP0000456	Fatty Acid Biosynthesis	drug pathway	drug pathway	drugbank
SMP0000351	GABA-Transaminase Deficiency	drug pathway	drug pathway	drugbank
SMP0000492	Ureidopropionase Deficiency	drug pathway	drug pathway	drugbank
SMP0000558	Primary Hyperoxaluria II, PH2	drug pathway	drug pathway	drugbank
SMP0000444	Lactose Synthesis	drug pathway	drug pathway	drugbank
SMP0000552	Glycogen Synthetase Deficiency	drug pathway	drug pathway	drugbank
SMP0000553	Glycogenosis, Type III. Cori Disease, Debrancher Glycogenosis	drug pathway	drug pathway	drugbank
SMP0000347	Metachromatic Leukodystrophy (MLD)	drug pathway	drug pathway	drugbank
SMP0000495	Galactosemia II (GALK)	drug pathway	drug pathway	drugbank
SMP0000556	Mucopolysaccharidosis VI. Sly Syndrome	drug pathway	drug pathway	drugbank
SMP0000557	Sucrase-Isomaltase Deficiency	drug pathway	drug pathway	drugbank
SMP0000580	GLUT-1 Deficiency Syndrome	drug pathway	drug pathway	drugbank
SMP0000525	Fabry Disease	drug pathway	drug pathway	drugbank
SMP0000526	Krabbe Disease	drug pathway	drug pathway	drugbank
SMP0000554	Glycogenosis, Type IV. Amylopectinosis, Anderson Disease	drug pathway	drug pathway	drugbank
SMP0000555	Glycogenosis, Type VI. Hers Disease	drug pathway	drug pathway	drugbank
SMP0000315	Cerebrotendinous Xanthomatosis (CTX)	drug pathway	drug pathway	drugbank
SMP0000317	Familial Hypercholanemia (FHCA)	drug pathway	drug pathway	drugbank
SMP0000318	Congenital Bile Acid Synthesis Defect Type III	drug pathway	drug pathway	drugbank
SMP0000353	Leukotriene C4 Synthesis Deficiency	drug pathway	drug pathway	drugbank
SMP0000700	Lornoxicam Action Pathway	drug pathway	drug pathway	drugbank
SMP0000520	Transaldolase Deficiency	drug pathway	drug pathway	drugbank
SMP0000355	Mitochondrial Electron Transport Chain	drug pathway	drug pathway	drugbank
SMP0015901	De Novo Triacylglycerol Biosynthesis TG(16:0/16:0/16:0)	drug pathway	drug pathway	drugbank
SMP0015910	De Novo Triacylglycerol Biosynthesis TG(16:0/18:0/18:0)	drug pathway	drug pathway	drugbank
SMP0015911	De Novo Triacylglycerol Biosynthesis TG(16:0/18:0/20:0)	drug pathway	drug pathway	drugbank
SMP0015912	De Novo Triacylglycerol Biosynthesis TG(16:0/18:0/18:1(9Z))	drug pathway	drug pathway	drugbank
SMP0015915	De Novo Triacylglycerol Biosynthesis TG(16:0/18:0/20:4(5Z,8Z,11Z,14Z))	drug pathway	drug pathway	drugbank
SMP0015916	De Novo Triacylglycerol Biosynthesis TG(16:0/20:0/20:0)	drug pathway	drug pathway	drugbank
SMP0015918	De Novo Triacylglycerol Biosynthesis TG(16:0/20:0/20:4(5Z,8Z,11Z,14Z))	drug pathway	drug pathway	drugbank
SMP0015922	De Novo Triacylglycerol Biosynthesis TG(16:0/16:1(9Z)/18:1(9Z))	drug pathway	drug pathway	drugbank
SMP0015924	De Novo Triacylglycerol Biosynthesis TG(16:0/16:1(9Z)/18:2(9Z,12Z))	drug pathway	drug pathway	drugbank
SMP0015926	De Novo Triacylglycerol Biosynthesis TG(16:0/18:1(9Z)/20:0)	drug pathway	drug pathway	drugbank
SMP0015935	De Novo Triacylglycerol Biosynthesis TG(16:0/18:2(9Z,12Z)/18:2(9Z,12Z))	drug pathway	drug pathway	drugbank
SMP0015938	De Novo Triacylglycerol Biosynthesis TG(18:0/18:0/18:0)	drug pathway	drug pathway	drugbank
SMP0015939	De Novo Triacylglycerol Biosynthesis TG(18:0/18:0/20:0)	drug pathway	drug pathway	drugbank
SMP0015949	De Novo Triacylglycerol Biosynthesis TG(18:0/18:1(9Z)/20:1(11Z))	drug pathway	drug pathway	drugbank
SMP0015950	De Novo Triacylglycerol Biosynthesis TG(18:0/18:1(9Z)/18:2(9Z,12Z))	drug pathway	drug pathway	drugbank
SMP0015951	De Novo Triacylglycerol Biosynthesis TG(18:0/18:1(9Z)/20:4(5Z,8Z,11Z,14Z))	drug pathway	drug pathway	drugbank
SMP0015952	De Novo Triacylglycerol Biosynthesis TG(18:0/20:1(11Z)/20:1(11Z))	drug pathway	drug pathway	drugbank
SMP0015957	De Novo Triacylglycerol Biosynthesis TG(18:0/18:2(9Z,12Z)/20:4(5Z,8Z,11Z,14Z))	drug pathway	drug pathway	drugbank
SMP0015960	De Novo Triacylglycerol Biosynthesis TG(20:0/20:0/20:1(11Z))	drug pathway	drug pathway	drugbank
SMP0015962	De Novo Triacylglycerol Biosynthesis TG(20:0/20:1(11Z)/20:1(11Z))	drug pathway	drug pathway	drugbank
SMP0015963	De Novo Triacylglycerol Biosynthesis TG(20:0/20:1(11Z)/20:4(5Z,8Z,11Z,14Z))	drug pathway	drug pathway	drugbank
SMP0015971	De Novo Triacylglycerol Biosynthesis TG(16:1(9Z)/20:0/20:0)	drug pathway	drug pathway	drugbank
SMP0015972	De Novo Triacylglycerol Biosynthesis TG(16:1(9Z)/20:0/20:1(11Z))	drug pathway	drug pathway	drugbank
SMP0015973	De Novo Triacylglycerol Biosynthesis TG(16:1(9Z)/20:0/20:4(5Z,8Z,11Z,14Z))	drug pathway	drug pathway	drugbank
SMP0015983	De Novo Triacylglycerol Biosynthesis TG(16:1(9Z)/18:1(9Z)/18:1(9Z))	drug pathway	drug pathway	drugbank
SMP0015984	De Novo Triacylglycerol Biosynthesis TG(16:1(9Z)/18:1(9Z)/20:1(11Z))	drug pathway	drug pathway	drugbank
SMP0015985	De Novo Triacylglycerol Biosynthesis TG(16:1(9Z)/18:1(9Z)/18:2(9Z,12Z))	drug pathway	drug pathway	drugbank
SMP0015987	De Novo Triacylglycerol Biosynthesis TG(16:1(9Z)/20:1(11Z)/20:1(11Z))	drug pathway	drug pathway	drugbank
SMP0000309	Excitatory Neural Signalling Through 5-HTR 4 and Serotonin	drug pathway	drug pathway	drugbank
SMP0000354	Intracellular Signalling Through Prostacyclin Receptor and Prostacyclin	drug pathway	drug pathway	drugbank
SMP0063756	Lysophosphatidic Acid LPA4 Signalling	drug pathway	drug pathway	drugbank
SMP0063757	Lysophosphatidic Acid LPA5 Signalling	drug pathway	drug pathway	drugbank
SMP0000312	Excitatory Neural Signalling Through 5-HTR 6 and Serotonin	drug pathway	drug pathway	drugbank
SMP0000322	Vasopressin Regulation of Water Homeostasis	drug pathway	drug pathway	drugbank
SMP0000335	Intracellular Signalling Through Histamine H2 Receptor and Histamine	drug pathway	drug pathway	drugbank
SMP0000343	Intracellular Signalling Through PGD2 receptor and Prostaglandin D2	drug pathway	drug pathway	drugbank
SMP0063746	Lysophosphatidic Acid LPA1 Signalling	drug pathway	drug pathway	drugbank
SMP0063753	Lysophosphatidic Acid LPA2 Signalling	drug pathway	drug pathway	drugbank
SMP0063759	Lysophosphatidic Acid LPA6 Signalling	drug pathway	drug pathway	drugbank
SMP0000311	Excitatory Neural Signalling Through 5-HTR 7 and Serotonin	drug pathway	drug pathway	drugbank
SMP0000333	Intracellular Signalling Through FSH Receptor and Follicle Stimulating Hormone	drug pathway	drug pathway	drugbank
SMP0000036	D-Arginine and D-Ornithine Metabolism	drug pathway	drug pathway	drugbank
SMP0000481	Mitochondrial Beta-Oxidation of Medium Chain Saturated Fatty Acids	drug pathway	drug pathway	drugbank
SMP0000459	Pyruvaldehyde Degradation	drug pathway	drug pathway	drugbank
SMP0000502	Malonyl-CoA Decarboxylase Deficiency	drug pathway	drug pathway	drugbank
SMP0000589	Gastric Acid Production	drug pathway	drug pathway	drugbank
SMP0000025	Phospholipid Biosynthesis	drug pathway	drug pathway	drugbank
SMP0051038	Lafutidine H2-Antihistamine Action	drug pathway	drug pathway	drugbank
SMP0000734	Roxatidine Acetate Action Pathway	drug pathway	drug pathway	drugbank
SMP0000735	Metiamide Action Pathway	drug pathway	drug pathway	drugbank
SMP0000479	Plasmalogen Synthesis	drug pathway	drug pathway	drugbank
SMP0000499	beta-Mercaptolactate-Cysteine Disulfiduria	drug pathway	drug pathway	drugbank
SMP0028021	Cardiolipin Biosynthesis CL(18:0/18:0/18:0/18:0)	drug pathway	drug pathway	drugbank
SMP0000529	D-Glyceric Acidura	drug pathway	drug pathway	drugbank
SMP0000544	Long-Chain-3-Hydroxyacyl-CoA Dehydrogenase Deficiency (LCHAD)	drug pathway	drug pathway	drugbank
SMP0000651	Artemether Metabolism Pathway	drug pathway	drug pathway	drugbank
SMP0000583	Blue Diaper Syndrome	drug pathway	drug pathway	drugbank
SMP0000723	Cystinuria	drug pathway	drug pathway	drugbank
SMP0000065	Ubiquinone Biosynthesis	drug pathway	drug pathway	drugbank
SMP0000550	Pyruvate Dehydrogenase Deficiency (E3)	drug pathway	drug pathway	drugbank
SMP0000551	Pyruvate Dehydrogenase Deficiency (E2)	drug pathway	drug pathway	drugbank
SMP0000457	Lactose Degradation	drug pathway	drug pathway	drugbank
SMP0000458	Lactose Intolerance	drug pathway	drug pathway	drugbank
SMP0000515	Homocystinuria, Cystathionine beta-Synthase Deficiency	drug pathway	drug pathway	drugbank
SMP0000455	Homocysteine Degradation	drug pathway	drug pathway	drugbank
SMP0000514	gamma-Cystathionase Deficiency (CTH)	drug pathway	drug pathway	drugbank
SMP0058741	Methapyrilene H1-Antihistamine Action	drug pathway	drug pathway	drugbank
SMP0062894	Thenalidine H1-Antihistamine Action	drug pathway	drug pathway	drugbank
SMP0061047	Flunarizine H1-Antihistamine Action	drug pathway	drug pathway	drugbank
SMP0000366	Nebivolol Action Pathway	drug pathway	drug pathway	drugbank
SMP0031697	Nilotinib Inhibition of BCR-ABL	drug pathway	drug pathway	drugbank
SMP0000421	Vatalanib Action Pathway	drug pathway	drug pathway	drugbank
SMP0060058	Bepotastine H1-Antihistamine Action	drug pathway	drug pathway	drugbank
SMP0000685	Alvimopan Action Pathway	drug pathway	drug pathway	drugbank
SMP0059114	Levocetirizine H1-Antihistamine Action	drug pathway	drug pathway	drugbank
SMP0031698	Bosutinib Inhibition of BCR-ABL	drug pathway	drug pathway	drugbank
SMP0057583	Mepyramine H1-Antihistamine Action	drug pathway	drug pathway	drugbank
SMP0060744	Betahistine H1-Antihistamine Action	drug pathway	drug pathway	drugbank
SMP0062881	Alcaftadine H1-Antihistamine Action	drug pathway	drug pathway	drugbank
SMP0057584	Antazoline H1-Antihistamine Action	drug pathway	drug pathway	drugbank
SMP0057585	Chloropyramine H1-Antihistamine Action	drug pathway	drug pathway	drugbank
SMP0057582	Dimetindene H1-Antihistamine Action	drug pathway	drug pathway	drugbank
SMP0059716	Isothipendyl H1-Antihistamine Action	drug pathway	drug pathway	drugbank
SMP0000657	Bopindolol Action Pathway	drug pathway	drug pathway	drugbank
SMP0000670	Bupranolol Action Pathway	drug pathway	drug pathway	drugbank
SMP0000732	Temocapril Metabolism Pathway	drug pathway	drug pathway	drugbank
SMP0000733	Temocapril Action Pathway	drug pathway	drug pathway	drugbank
SMP0031700	Ponatinib Inhibition of BCR-ABL	drug pathway	drug pathway	drugbank
SMP0058931	Chlorcyclizine H1-Antihistamine Action	drug pathway	drug pathway	drugbank
SMP0058903	Chlorphenoxamine H1-Antihistamine Action	drug pathway	drug pathway	drugbank
SMP0059881	Acrivastine H1-Antihistamine Action	drug pathway	drug pathway	drugbank
SMP0058916	Phenyltoloxamine H1-Antihistamine Action	drug pathway	drug pathway	drugbank
SMP0058769	Thonzylamine H1-Antihistamine Action	drug pathway	drug pathway	drugbank
SMP0060170	Bilastine H1-Antihistamine Action	drug pathway	drug pathway	drugbank
SMP0060235	Rupatadine H1-Antihistamine Action	drug pathway	drug pathway	drugbank
SMP0062623	Latrepirdine H1-Antihistamine Action	drug pathway	drug pathway	drugbank
SMP0060204	Ebastine H1-Antihistamine Action	drug pathway	drug pathway	drugbank
SMP0031699	Bafetinib Inhibition of BCR-ABL	drug pathway	drug pathway	drugbank
SMP0060230	Mizolastine H1-Antihistamine Action	drug pathway	drug pathway	drugbank
SMP0059044	Oxatomide H1-Antihistamine Action	drug pathway	drug pathway	drugbank
SMP0000582	Joubert Syndrome	drug pathway	drug pathway	drugbank
SMP0000463	Phosphatidylinositol Phosphate Metabolism	drug pathway	drug pathway	drugbank
SMP0062886	Pimethixene H1-Antihistamine Action	drug pathway	drug pathway	drugbank
SMP0062621	Tolpropamine H1-Antihistamine Action	drug pathway	drug pathway	drugbank
SMP0057586	Talastine H1-Antihistamine Action	drug pathway	drug pathway	drugbank
SMP0060742	Thiazinamium H1-Antihistamine Action	drug pathway	drug pathway	drugbank
SMP0058732	Histapyrrodine H1-Antihistamine Action	drug pathway	drug pathway	drugbank
SMP0056811	Dexchlorpheniramine H1-Antihistamine Action	drug pathway	drug pathway	drugbank
SMP0062895	Tritoqualine H1-Antihistamine Action	drug pathway	drug pathway	drugbank
SMP0061052	Mebhydrolin H1-Antihistamine Action	drug pathway	drug pathway	drugbank
SMP0059738	Oxomemazine H1-Antihistamine Action	drug pathway	drug pathway	drugbank
SMP0059710	Hydroxyethylpromethazine H1-Antihistamine Action	drug pathway	drug pathway	drugbank
