DTPG0000000	['皮普', 'FCN3', '法巴', '体外受精', 'buk2', '斯波亚', 'SLC29A2', 'ATP1A3', 'ABCG2', '织女星', 'KIF11', 'ACAT1', 'RPL18', 'EPHA1', 'RHD', 'cmk', 'rfbC', '麦加', 'RPL11', 'RPL10L']
DTPG0000001	['APOA4', 'RGN', 'SBK3', 'gtfD', 'KDR', 'ribH2', '斯马尔塞1', 'pchF', 'RDH14', 'ABCC1', 'LPAR4', 'CDH11', 'KCNE1', 'SMN2', 'CHRNA1', 'KCNH6', '大风', 'S1PR5', '卡斯尔', 'kdsA']
DTPG0000002	['1.', '嗯', 'ABCC6', 'frdA', 'yngHB', 'MIP', 'NDUFS6', 'CDK5R1', 'IDI1', 'PDK4', 'SERPINA5', '善待动物组织', 'CD3D', 'ppcA', 'TMLHE', '美国存托股', 'TBK1', 'MKNK2', 'TK2', '阿普特']
DTPG0000003	['PTAFR', '扶桑', 'FGFR3', '马克2', 'DPH5', 'PSMC3', 'MAPK10', 'SPR', 'TNK1', 'GHSR', 'PDE3A', 'ALDH2', 'SCN3B', '燕麦', 'VCAM1', 'pabC', 'ST3GAL5', 'KCNK2', 'GLTP', 'NCS1']
DTPG0000004	['kbl', 'CYP11B2', 'pdxJ', 'hemC', 'CTSD', '奥普达', 'DDX39B', 'ptpA', '桅杆1', 'KRT9', 'GSS', 'NMNAT3', 'SPTBN1', 'RPL35', 'FOL1', 'SERPINA1', 'IL1A', '法森', '凯尔', 'cbaA']
DTPG0000005	['CFH', '阿尔法LP', '特利亚', 'moxC', 'SOAT1', 'FABP7', 'IRAK1', '笨蛋', 'rpsU', '铸造', '赛斯', '利马', '泰克斯', 'rpmA', 'ANXA1', 'qacR', 'mrsD', 'CTNNB1', 'NOS1', 'FRK']
DTPG0000006	['GPR12', 'PARP2', 'ICAM1', 'TUBA4A', 'TLL2', 'NDUFA6', 'CCKAR', 'celCCG', '塞莱1', 'SULT1B1', 'STK24', '费', 'DKFZp686P18130', 'ATP2A2', 'frr', 'NR0B1', 'bca', 'FGF23', 'tlp1', 'RPS6']
DTPG0000007	['数字信号处理器', 'nplT', 'APOA1', 'SLC7A3', 'GSTP1', 'FXN', 'CPN2', 'LIMK1', 'CKMT2', 'KANSL3', 'SCNN1G', '默布', 'chqB', 'ADCY5', '内达', 'xynA', 'SSTR2', 'HSD17B3', 'PIK3C2B', 'DSTN']
DTPG0000008	['KLK7', 'BECN1', 'CXCR1', 'NR1H2', 'BCL2L2L2', 'TAC3', 'CACNB3', 'TRAPPC4', '因巴', '纳德', '煎饼', 'TNFAIP6', 'MAPK8IP1', 'Htr2c', '转基因植物', 'CTSF', 'clcD', 'PRSS3', 'ispDF', '莫巴']
DTPG0000009	['拉拉', 'acpP', 'PGRMC1', 'IL11RA', '莫埃', 'coaBC', 'CD247', 'BCR\\/ABL融合', 'SEPP1', 'FARS2', 'rpoC', 'SLC6A12', 'cypC', '鱼子酱', 'HSD11B1', 'ALDH3B2', 'NDUFS8', '把…准备好', 'TAS1R3', 'glpE']
DTPG0000010	['LSS', 'GMPR', 'LRP1', 'MCAT', 'HDAC6', 'PKAr', 'CBX5', '帕姆', 'NR1D1', '梅特夫', 'GPX5', 'dfrA', 'ispD', 'SMARCA5', 'rbsD', 'GSTT2', 'dgdA', 'alsB', 'CPK1', 'KRT14']
DTPG0000011	['NRP2', 'ACOX1', 'sufS', '苏克斯', 'RARB', '磷酸化1', 'ctaC', 'ydbK', 'thiD', 'HDAC7', '中国', 'PAPSS1', 'ELOVL2', 'OGFOD1', 'phrB', '泰娜', 'dmg', 'CREB1', '斯塔普', '令人不快的']
DTPG0000012	['TTR', 'trmD', '尼希', 'pheA2', 'FGB', 'oxdC', 'STIP1', '特雷', 'GABRA3', 'NPR1', '格弗', 'STK10', '甲基丙烯酸甲酯', 'ATP5D', 'cslA', 'dxr', 'PTDSS1', 'SIRT5', '纳格帕', 'MT-ND5']
DTPG0000013	['SLCO1B3', 'COX5A', 'GCK', 'APAF1', 'glk', '西西', 'SMG6', '麝香', '硫氧还蛋白还原酶', 'PKLR', '伊拉克人4', 'THRB', 'bglA', 'hpt', 'ACSBG1', 'CTRB1', 'S100A7', 'pgk\\/tpi', 'HTATIP2', 'MAPK9']
DTPG0000014	['ribC', 'GRM5', 'algD', 'pcrV', 'OPRK1', '塔格恩', '标签', 'fadB', '日巴', '全科医生', 'UL122', 'NSF', 'CAPNS1', 'KHSRP', 'DUSP23', 'RTCB', 'SERPINA3', '克拉斯', 'CLK2', 'ntpK']
DTPG0000015	['F13A1', 'stxB', 'F8', '纳克', '凝灰岩', 'IFNAR2', '里布', 'KCNA10', '波尔布', 'CACNA1I', '皮尔', 'SPINK6', 'MTAP', '拉茨', 'SLC5A5', '淘', 'ALDH3A1', 'SF3A2', 'gyrB', 'rt']
DTPG0000016	['GRIN3A', 'atpF', 'ERG11', 'PHB2', 'KCNQ3', 'HRH3', 'rplK', 'COL3A1', '波纳', 'PADI4', '奶奶', 'mepA', 'BCL2L1', 'COX7B', 'HSD17B8', 'SOD1', '如果', 'cgiA', 'ARF1', 'PIM1']
DTPG0000017	['rpiB', 'PSMB6', 'PPI', 'DRD5', 'HIST1H2BC', 'SSTR5', 'R', 'TUBB4B', 'SFRP4', 'cft', 'NPR2', 'MAPK4', '凯尔斯', 'ADK', 'ampC', 'tktA', 'CCT3', 'NME1', 'IMPA2', '迪欧']
DTPG0000018	['CIB1', 'xlnA', 'upp', 'MSRA', 'spg', 'VMAT2', 'TUBB6', 'PCYT1B', 'ADRB3', 'SULT2A1', '佩特', 'BMP4', 'CHRNA4', 'ACVR1', 'PDPK1', '佩斯', 'VDAC2', 'CASQ1', 'VWF', 'TNFRSF17']
DTPG0000019	['nrdI', '伊尼亚', 'HABP4', 'clpP', 'P\\/V', 'gapA', 'OAZ1', 'SLC22A4', 'MDR1', '格里克1', '巴特', 'CA13', 'KCNQ2', '坡道1', 'PGGT1B', 'SDHA', '努斯布', '马克1', '凯尔德', 'ELSPBP1']
DTPG0000020	['纯净的', '浴缸2', 'CDK16', 'RAP2A', 'SGK1', '真实航向', 'bglT', '优海', '哈尔', 'IGF2R', 'dnrK', 'embA', 'gshA', 'EDN1', 'ERN1', 'rbsB', '普罗斯克', '阿帕', 'SLC12A7', '福克斯-7']
DTPG0000021	['SEMG1', 'CEACAM1', 'TK', '索克斯', '恩多布', '科布', 'RPS5', 'MCCC1', 'RXRA', 'MPL', '纳格', 'CD52', '氧化镉', 'ERG1', 'TRDMT1', 'NDUFS3', 'GABRR3', 'amtB', '提及', 'PPP1CA']
DTPG0000022	['B2M', 'FDXR', 'UBB', 'GPX6', '皮尔克', 'EDNRB', 'PTR1', '自闭症', '上海医药', '库塔', 'ME1', 'rpoA', '布达布', 'odcI', '潘普', '格拉', '板条1', 'NDUFA4', 'SLC6A14', '爸爸']
DTPG0000023	['男', 'tpdA', '赫摩族', 'DHRS4L2', '砷化镓', 'GARS', '甘布', 'PRSS8', '马克4', '阿波罗1', '左', 'CCL8', 'ompF', 'lsrB', 'rpsF', '斯克里', 'icd', 'SERPINB2', 'PPIA', 'PTGIR']
DTPG0000024	['ITGA5', '阿吉', '奥普', 'VDAC3', 'DDR2', 'SSTR4', '惠普', '赛格', 'c-des', 'KCNQ4', 'def1', '伊格姆', 'GABRA5', 'CYP3A4', 'iadA', 'P5CR2', 'RET', 'ACCS', 'BTK', '阿罗克']
DTPG0000025	['rpsQ', '伊尼奇', 'CSNK1G3', 'AKR1C3', 'VCP', 'SLC16A8', 'NDUFC1', 'srtB', 'SLC12A5', 'NTRK2', 'ispH', 'ENPP1', 'ecoRVR', 'PDXP', 'HTR7', 'PDIA3', 'cbaB', '嗨', 'hslU', 'ATP4B']
DTPG0000026	['SLC16A1', 'rab6', 'CDIPT', 'pbp', 'PPCDC', 'HEXB', 'GRIN2D', 'ACAD8', 'MAP3K4', 'MT3', 'mmaA4', 'ALK', 'IL10', 'COL4A4', 'SRR', 'B4GALT4', '合成基因', 'aat', 'UAP56', 'MMP16']
DTPG0000027	['MAPK14', 'rsmF', 'rmlB', 'HPX', '德南', '五氯酚', 'SLC10A1', 'SLC15A1', 'TTLL3', 'S100A4', 'HNRNPL', '拉德', '阿尔普', 'PAK5', 'CNR1', 'AMY2A', 'ATP2C1', 'PDE4A', 'NDUFA4L2', '原子吸收光谱']
DTPG0000028	['加布雷', 'SIVA1', 'CDC25B', '奥克布', 'cycM', 'AGXT2', 'LTA', 'ARG2', 'rhdA', 'POLE2', '阿斯塔', 'HSD17B10', 'CDKL1', 'NDUFS5', '建训局', 'GPNMB', '乳酸脱氢酶', 'PISD', 'GSTM5', 'MAPKAPK2']
DTPG0000029	['SERPINF2', '瑞拉', 'H6PD', 'SLC25A20', 'UL97', 'Tubbb', 'DCK', '乌拉德', '阿斯帕', 'fbaA', '陶K2', 'STK35', 'SQLE', '帕格', 'prfA', 'CLK3', 'FYN', 'ARL5B', '梅克', 'thyA1']
DTPG0000030	['阿罗', 'TACSTD2', 'ERG7', 'RBP1', 'rsuA', '咕噜', '兔结核病', 'USP14', '大风', 'RPS17', 'PTGER3', 'HNRNPD', '稀有品种1', 'UQCRQ', 'LRG1', 'CYB5B', '里姆', 'CTPS1', '4.', 'nfsB']
DTPG0000031	['KRT5', 'SEC14L3', '阿格', 'cbh', '卡加', 'KCNJ3', 'phzD1', 'SEPSECS', '支票1', 'HMGCS1', 'ASGR2', 'F', 'PDGFRA', '十二烷基硫酸钠', 'acnB', 'SBK1', 'P4HTM', 'PADI2', 'NDUFA2', 'AKR1B1']
DTPG0000032	['PDK3', '爱抚', 'MCHR1', 'TESK1', 'SLC22A5', 'MTOR', '马克3', 'CMPK1', 'DLD', 'rplC', '佩纳', '轮胎', '艾德', 'PI4K2B', 'ABL2', 'PTH1R', 'rpsH', 'ALOX5AP', 'C5', 'PTGR1']
DTPG0000033	['P4HA1', 'RHEB', 'ARL5A', 'IL1RN', 'NDST1', 'INPP5B', 'CDK6', 'gntK', 'CACNB2', 'BAG1', 'HTR1F', 'KCNH1', '德赫', 'frc', '啊', 'CSAD', 'yqhD', 'TPD52L2', 'yhdN', 'fumC']
DTPG0000034	['NSDHL', 'ARPC4', 'MAP3K12', 'GAPDH', 'CAMK1', '拉拉', 'PFAS', 'gmk', 'ddh', 'TSTA3', 'PDE4D', 'NPR3', 'azoR1', 'SDHB', 'NDUFB6', '穆尔夫', '拉尔斯', 'SLC52A2', '明白了', 'MYH14']
DTPG0000035	['opdK公司', '教授', 'GUCY1A2', 'HSP90B1', 'NDUFB8', 'PTPRE', 'ATOX1', 'efpA', '嘶嘶声', 'DDX5', '希布', 'GUCY1A1', 'VDAC1', 'pGlyp3', '阴极射线管', 'CAMK2A', '摇滚乐2', 'ORM1', 'ppgmk', '码2']
DTPG0000036	['FCER1A', 'SLC6A4', 'trwB', 'TGFB1', '格里克4', 'CTN', 'HSD3B2', 'SSTR1', '杜德', '生物1', 'PRDX6', '帕普', 'OAS1', 'AKT2', 'CYP3A5', '增殖细胞核抗原', 'MYO1E', 'CA7', 'mdlC', 'GNLY']
DTPG0000037	['LCN1', 'EXTL2', 'FDX1', 'AGTR1', 'AVPR2', 'GGT1', '加纳布', '泰特', '普莱卡1', 'TNFRSF10B', 'TNNI3K', '福尔', 'PHKG1', 'MGST3', 'MDH1', '斯努尔', 'IKBKG', 'SLC12A3', 'cphA', 'KCNC2']
DTPG0000038	['焦虑3', '特拉尔', 'SLC1A5', 'RPL3', 'ITPA', '汽车2', 'HTR3B', 'KCND2', 'pbp4', 'npr', 'CA12', 'HK1', 'RDX', 'ASRGL1', '夫人', 'L', '啊', '普哈', '血红素', 'SGPL1']
DTPG0000039	['焦油', '莱亚尔', '中情局', 'ADH7', 'PPBP', 'CDK5', 'plcA', 'MVK', 'AKR1B10', 'AZGP1', 'ftsI', 'CA1', 'ADORA2A', 'ECI1', 'EXP-1', 'IDH2', '达拉特', '皮波克斯', 'RRBP1', 'pgiB']
DTPG0000040	['明白了', 'KRT12', 'INSR', 'PCDH19', '阿卡卡', 'CA10', 'HTT', 'mtnW', 'CMTR1', 'rfbF', 'amn', '德西夫', '哈斯', '反恐精英', '阿拉斯2', 'FCGR3A', 'phzF', 'LGALS2', 'phbA', 'ttgR']
DTPG0000041	['rbmD', 'MC4R', '钙离子', 'MIR-1', 'MT-CO2', 'DHFR', 'PLCXD3', '好的', 'PTS', 'PRKCE', 'NDUFB4', '希巴德', 'glbN', 'CHRNA6', 'MEF-1', 'OPRM1', 'TLR2', 'DHRS4', '阿德拉德', '打气']
DTPG0000042	['STK39', 'CDK4', 'NPSR1', 'UGDH', 'ALDH1A1', 'HTR2C', 'FGF4', 'tcp14', 'PIK3CD', '福克', 'PAFAH1B3', 'ADORA2B', 'STK33', 'NFKBIA', 'TSSK1B', 'IARS2', 'APOBR', 'dat', 'TGFB3', '法布斯']
DTPG0000043	['PSAT1', 'CCNA2', 'MC1R', 'HSPD1', 'DDAH2', 'SCN2B', 'CDK1', 'MAP3K9', 'HSF1', '关贸总协定', 'bsd', '摩押', 'mdlB', 'xly', 'PRKAR2B', 'ALKBH2', 'pdxA', 'NR1I2', 'KCNN1', 'lsr2']
DTPG0000044	['苏铁', '伦布', '阿德拉1b', 'yfiH', 'PCMT1', 'GRIN2B', '美国存托股', 'bphD', '尿素', '廷普', '奥夫', 'KAT2A', 'pbpA', 'MMP1', 'gltS', 'ADRB1', 'aac（6’）-Ii', 'SERPINB6', 'TP53', 'GPT']
DTPG0000045	['AKR1C1', 'ATP6V1B2', 'SERPINA6', 'CLEC14A', 'HNRNPA2B1', '中电', '斯迪亚', '帕姆', '焦油', '莱布', 'IL4R', 'TNNI3', 'CTBP1', 'POLE3', 'SCN4B', '普莱卡', '环境', 'CYP26A1', 'SIRT2', 'IGKV2D-28']
DTPG0000046	['rpsD', '达克', '小鸟', 'btuB', 'CCL5', 'GALK1', 'rplJ', 'ACYP2', 'CCS', '高尔姆', 'KLK1', 'SLC6A1', '粤港澳大湾区', '阿罗阿', 'GRM2', 'TCTP', 'RRM1', '商业信贷资料库', '塔克2', 'pknB']
DTPG0000047	['rpsJ', 'ispE', 'METAP1', 'EEF2', 'SCN5A', 'KCNK6', 'PGLYRP2', 'tpiA', 'CFL1', 'BACE1', 'gstA', 'BCAT2', '布莱夫拉', "argF'", 'ruvB', 'PRMT1', 'PPAT', 'NDUFS4', 'RPIA', 'STK36']
DTPG0000048	['SLC12A2', 'fdnH', '伊尔夫', '纳姆普', 'PDE4B', 'ptr2', '耶拉', 'SYT2', 'CDH5', 'MS4A2', 'CHRM1', 'CYB5A', '擦', 'mmoX', 'EIF2AK1', '卡普特', 'CD38', 'GADL1', 'TRPV2', 'EPAS1']
DTPG0000049	['王牌', 'P', 'HS3ST1', '阿迈普', 'rpsS', 'MMP2', 'PDE7A', 'xecC', 'COL2A1', '波特', 'ppdK', 'ALDH18A1', '哭泣', '塔奇姆', 'IMPA1', 'rpoB', 'CACNA1D', '木糖异构酶', 'SLC6A11', 'SLC12A6']
DTPG0000050	['HBB', '格林尼治', 'TPI', 'pbpX', 'DPYSL2', '钙', '罗布', 'POLE4', 'CYP27B1', 'PTPN4', 'ssb', 'CAPN1', 'TXK', 'PLA2G2A', 'MTHFD1', 'PFN1', '可编程逻辑控制器', 'ATP5L', 'BBOX1', 'GABRA4']
DTPG0000051	['RPL23A', '肿瘤坏死因子', 'BMPR1B', 'dsbB', '尼尔1', '林恩', 'ERO1B', 'SLC1A7', 'MMP11', 'E2', 'HIV-1蛋白酶', 'AKR1A1', 'ATP8A1', '娜娜', 'GRM8', 'SERPINA7', 'COPG1', 'pbpC', 'PDXK', 'PSME1']
DTPG0000052	['赫拉斯', 'dut公司', 'MT-CO1', 'RYR1', 'FABP6', 'OPRL1', 'RPE65', 'MGAT1', 'MAPKAPK5', 'SCN8A', 'MUC2', 'SCMH1', 'MYLK2', 'adk', '木', 'VTN', 'CA9', 'dacB', '法克', 'ESR1']
DTPG0000053	['ftsZ', 'FCGR1B', 'PSMA4', '胡图', 'HP1BP3', 'GRB2', 'IGFBP7', 'GAD2', 'TLR4', 'QPCT', 'MT-ND3', '哇哈', 'GPX2', 'PDE4', '卡姆', 'TRPV1', 'mtnN', '珠江三角洲', 'PCCB', '埃洛夫']
DTPG0000054	['puta', 'CSF3R', 'MSTN', 'HAPLN1', 'kcsA', 'CD2', 'GP1BA', 'HMOX1', 'ATP1A1', '图姆', '皮卡', 'S100A9', 'TNFRSF11A', 'DAND5', 'rplD', '加伯德', 'CD86', 'CPQ', '鼓室', '核糖核酸酶2']
DTPG0000055	['乳酸脱氢酶', 'TRHR', 'EPHA4', 'FN1', 'CRP', '小轮车', 'PLA2G7', 'MGST2', 'TRAPPC5', 'CHRNB4', 'FES', 'QDPR', 'CD163', 'DAPK1', 'HPRT1', 'RBP4', 'RND3', 'pdp', '福尔2', 'MCFD2']
DTPG0000056	['lpdV', 'LCN9', 'GNRHR2', 'NEK9', '猫', 'ASL', '嘶嘶声', 'SLC8A1', '帕', 'TNFSF11', 'CYP2B6', 'HCRT', 'CALR3', 'S100B', '柠檬酸合成酶', '帕莫', 'TF', 'prpB', 'TUBB4A', '盆']
DTPG0000057	['PRKG2', 'SPIRE2', 'ALDH7A1', 'crp', 'SMAD2', '过程', 'ADCY1', '法尔萨', 'folP1', 'fdhF', 'SLC11A2', '核糖核酸酶3', 'ANXA2', 'IDH1', 'prcB', 'ITIH4', 'DRD3', '匝道2', 'SOAT2', 'KEAP1']
DTPG0000058	['cyp121', 'SCN1A', '乌拉格', 'bphA4', 'PKM', 'TGM3', 'PTGIS', 'TACR3', 'CYP1B1', '72', 'AMHR2', '同步', 'NDUFB3', 'AS3MT', 'GPI', 'pvdQ', 'REG1A', 'HLA-DRB1', 'cbiD', '法布']
DTPG0000059	['PIK3CG', '阿尔达', 'TIMP3', 'CD19', 'pagP', 'NIM1K', 'gcvT', '坎特1', 'MSMO1', 'ndoC', 'CCR9', 'AKR1D1', '湿疹', 'PTPN6', 'ECHS1', '特兰', 'VKORC1', 'CACNA1E', 'PANX1', 'EPN1']
DTPG0000060	['科德', 'PDE10A', 'ASNS', 'RDH8', '潘德', 'PDHA2', 'IFNAR1', 'PHGDH', '乌普斯', 'oxoO', '达普', 'LAMC1', 'ACTR3', 'bgt', 'CCBL1', 'NPM1', 'SLC7A4', 'ALDH4A1', '公司', 'LTA4H']
DTPG0000061	['CD276', 'APLP2', 'IL4', 'ADAM17', 'FDPS', 'CD9', 'SLC6A7', 'NEK4', 'LTK', 'MTRR', 'APOD', 'HSP90AB1', 'P3H2', 'ORM2', '刀', '人工晶体', 'CD79B', 'L3HYPDH', 'AMN', 'CASP9']
DTPG0000062	['P4HB', '生态的', 'COX4I1', 'ydhF', 'FGR', 'lpxA', 'ITGAV', 'KNG1', 'rsgA', '雪莉', '默德', 'CYP2C8', 'AHSG', 'CXCL10', '隆', 'Hrh1', 'TUBA3C', '疤痕1', 'GSC2', 'chiB1']
DTPG0000063	['PPT1', 'snf', 'CSF1R', 'ALDH3A2', '卡姆格', 'PON1', 'BRCC3', 'LIP1', '奥卡', '脑源性神经营养因子', 'prr', 'PRKAR2A', 'IL6R', 'MAP4K4', '泰尔', 'MST', 'tzs', 'cyaB2', '加州广播公司', 'SUCLG2']
DTPG0000064	['LCN2', '唠叨', '视频显示器', 'ITIH3', 'CDA', 'pbp1b', 'ndx1', 'SLC38A3', '血清', '齐帕', 'PRKCG', '杂种狗', '希腊字母表的第7个字母', 'GLRA3', '西格莱克1', '核糖核酸酶1', 'KLK3', 'RFK', 'MAP4K5', 'PLG']
DTPG0000065	['OXTR', 'NUAK1', '格里克2', 'NDUFA12', 'CD40', '氯化钾', 'ANXA4', '硫', '阿罗夫', 'MLLT4', '酰基1', 'JAK2', '阿格', '不', 'LTC4', 'algQ2', '阿西', 'S100A6', 'TGFBR1', 'TRAPPC6A']
DTPG0000066	['CKS1B', '西格', 'LRP2', 'CD22', '配套元件', 'MAP2K1', '帕帕', '嘴唇', '柴堆', 'RPL13A', '科布', 'F7', 'MMP27', '芬1', '个人计算机', 'rplP', 'nudF', 'PFN2', 'chbB', '第1条']
DTPG0000067	['PRLR', '地图4', 'GHR', 'TPM4', '斯普特', 'phnX', '哇', '库本', 'NRDD', 'DCLK2', 'PEBP1', 'PCYT1A', 'P2RX4', 'EPOR', 'C1S', 'PTPN11', '博塔', 'ACVRL1', 'ATP5B', 'CAMKK1']
DTPG0000068	['法比', 'GLO1', 'GLS', 'EPHB2', '利普', '生物活性', '桩1', 'CHRM2', 'MAP3K2', '塔格', 'NDUFB1', '纳加', 'PDK2', 'ACADSB', 'hsaC', '佩特', '阿德拉2a', 'PIP4K2C', 'RXRG', 'MMP19']
DTPG0000069	['shc', 'tvaI', 'NTRK3', '男性的', 'ME3', 'PPP3R1', 'KCNJ2', '戈尔', 'HMGB1', 'PSMB5', 'HSPA4', '跑', '福拉', 'PIP4K2B', 'COL1A1', 'KRT8', 'blaFEZ-1', 'C1QA', 'UGCG', '法赫']
DTPG0000070	['SIRT1', 'GAPDH', '哈德', 'mvaS', 'HGS', '绷紧', '英语', 'APEX1', '伊西', 'CASP7', 'ACTN1', 'HSD17B1', 'AURKC', 'kdpB', 'ptlH', 'CHRNB2', 'C8B', 'prs', '赛亚克', 'IFNB1']
DTPG0000071	['G6PD', '摩阿', '伊哈兹', 'DMD', '加布尔克', 'DDC', 'GNMT', '阿尔多布', 'SREBF1', 'ENO2', 'DHRS3', 'RPL23', 'RAD51', '斯佩布', 'VAMP1', '结果1', '阿特佩', '纳兹', 'ME2', 'PNPO']
DTPG0000072	['psbV', 'pknG', 'HSPH1', '利亚斯', 'CYTH2', '阿提克', 'TUBA4B', 'IL17A', 'afaE3', 'TPx1', 'FGA', '废话', 'PAK3', 'AXL', 'embC', 'C4BPA', 'MLNR', '平板电脑', '六月', '傲慢']
DTPG0000073	['NID1', 'GGCX', '佩特', 'clcA', 'ispU', '毒蛇1', '冷静', '阿波', '诺斯', 'SDF2', 'ERBB4', 'cst II', '氯化钾', 'FTCD', 'SHBG', 'onr', 'GABRG1', '坎克斯', '恩多阿', '毛克']
DTPG0000074	['SRSF4', 'acs', 'CSNK1E', 'NEK1', 'NEK3', 'PDHB', 'TFF1', 'MT-CYB', '图夫', '冷落', 'EIF6', 'ADH5', '迈尔克', 'CTSB', '低密度脂蛋白受体', 'GNAS', '泰拉', 'SDC2', 'P2', '毛布']
DTPG0000075	['IL23A', '哈姆', 'ACPP', 'ADAMTS5', '托帕', 'PVALB', 'gfo', 'rdmC', 'PRTN3', 'MPO', 'PYGB', '普卡卡', 'TNK2', 'IGLC1', 'DHPS', 'CDK2', 'GPX3', 'UAP1', 'ALDH1A2', '布吉尔']
DTPG0000076	['GLB1', '帕洛阿尔托研究中心', 'COQ8A', '可可', '穆蒂', 'CKMT1A', 'STK17B', 'pbpG', 'ITGB1', 'RPS2', 'CHRM3', 'HSPA5', 'rsmH', 'PRKAR1A', '伊查因', 'trpF', 'CAMKK2', 'NUCB2', '图布', '科布']
DTPG0000077	['PPP2CB', 'CTSG', 'NFE2L1', 'qhnDH', 'MYLK4', 'RCVRN', 'mshD', 'SLC2A1', 'MPG', 'EPHB4', '转醛醇酶基因', 'PDGFRB', '赛克', '雷萨', 'CIB2', 'fas', '卡环1', 'TLK2', 'fmt', 'CHIT1']
DTPG0000078	['cbhA', 'KCNC3', 'E', 'RSL24D1', 'ITGAL', 'CPNE1', 'nrfC', 'ATP5I', 'RRM2B', 'HSPB1', 'per1', 'PTGER4', 'SLC16A7', 'SOD2', '自溶素', 'PLA2G2E', 'HBA 1', 'PRKCQ', 'HGF', 'GCAT']
DTPG0000079	['TPR', 'C4A', '法达', 'TLR9', '纳德', 'NEK11', 'FBN3', 'BLK', 'PST', 'DPP4', 'PRSS2', '管1', 'MAP2K2', 'TRPM4', 'NFATC1', 'ebgA', 'EGLN1', 'CHRNB3', 'TACR1', 'IL2RG']
DTPG0000080	['阿恩布', 'NDUFA11', 'RPL8', 'PMS2', 'BCKDK', 'DFR1', 'RAC1', 'HPGDS', 'UQCRH', 'MASP2', 'PLK2', 'CRH', 'GRM1', 'aspS', 'rfbB', 'ATP4A', 'FDFT1', 'FCER2', '埃皮德', 'PDGFB']
DTPG0000081	['MAP3K13', 'MAP4K1', 'PCK1', 'TRPA1', 'CSNK2A1', '乳清苷酸脱羧酶', 'phr', 'MAP3K6', 'msrC', '富卡', '乌雷布', 'CPS1', '阿克利', 'S100G', 'SLC6A2', 'PNMT', 'MMP25', 'TP73', 'CASP3', 'IDH3G']
DTPG0000082	['dhaB1', '蔡', '装甲运兵车', 'AVPR1B', 'NMT1', 'pox5', 'ERBB3', 'mdeA', 'MAP4K3', 'EPHA5', 'ALPPL2', 'AXIN1', 'cytc3', 'CD40LG', 'PSMA2', '比拉', '佛罗里达州', 'cpo', 'MC3R', '特雷兹']
DTPG0000083	['MMP8', 'ACSL1', '闲聊', 'PTGDR', 'ATP2B1', 'ompG', 'COX6A2', '夫人', 'RAB11A', 'CACNB4', 'NARS2', 'TMPRSS2', 'PTGER2', 'TXNRD1', 'CPK4', 'HSD17B4', '福亚', 'pbpB', 'COX7C', 'DHRS4L1']
DTPG0000084	['SYN1', 'TOP2B', '哈格', '阿拉德', 'S100A10', 'glcB公司', 'HNRNPF', '硅', '特拉奥', 'MTHFR', 'rpsZ', 'tthHB8IM', 'KCND1', 'F2R', 'DTYMK', '亚尔斯', 'GPR35', 'TRPM7', 'DHFRL1', 'ZYX']
DTPG0000085	['LIG3', 'PPIC', 'NCAN', 'BLVRB', '17', 's', 'MMP23A', 'CXCL12', '勒布', '英镑', 'PGM1', '生物', '阿尔萨', 'TST', '特瓦伊', 'IL1R1', 'C5AR1', 'GLRB', 'SLC7A2', 'DLG4']
DTPG0000086	['约夫', '毛亚', 'ygbM', 'SERPINF1', 'GABBR2', 'CA6', 'cs1', '非处方药', 'IL3RA', 'GSTA3', 'IL2RB', 'IKBKB', '丝氨酸羟甲基转移酶基因', 'EPHA8', 'ptsH', 'CD80', 'nrfA', 'fecA', 'GCA', 'CTSS']
DTPG0000087	['FABP2', 'rfbD', 'EPHB1', 'pcaA', '阿美', 'CSNK1A1', 'TFPI', 'SLC16A6', '该死的', 'ABCB11', '克罗特', 'CYP2C19', 'LIPT1', 'GLRX2', '阿姆', 'hheC', 'NAAA', 'TKT', 'NUDC', '皮布']
DTPG0000088	['SF3A3', 'IGKC', 'KCNJ4', 'xynC', 'pbp3', 'KCNMB2', 'PTPN12', '塔布', 'KCNA1', '色拉', '雪儿', '塞尔卡', 'DRD1', '表皮生长因子受体', '计算机辅助设计', 'RUVBL2', '伊迪', 'PPARGC1B', 'CSF2RA', 'IL13RA2']
DTPG0000089	['pbp2a', 'CYP1A2', '阿罗布', '卡塔', 'COX6C', '赛义德', 'CDK8', 'PMP2', 'udp', 'rsbQ', 'xynY', 'SLC36A1', 'PDE1A', 'SNX3', 'nbaC', '埃洛夫', '尼姆', '阿拉夫', 'MAP4K2', 'folP2']
DTPG0000090	['PSAP', 'ACTB', '羔羊', '中国产业海外发展协会', 'MMP15', 'HTR2B', '氮氧化物', 'accC', 'RBP3', 'NR1D2', 'CLPP', 'P2RY11', 'TUBG1', 'ABCC2', 'ARPC1B', 'NFKB2', 'NPY5R', 'unc-38', '纳格鲁', 'serC']
DTPG0000091	['LIP3', '阿拉夫', '波拉', 'AKT1', 'CSF2', 'CDC42BPG', 'HABP2', 'CYP2C9', 'NT5E', '帕迪1', 'unc-63', 'SLC25A12', 'eltB', 'CACNA1G', 'NTSR2', 'FBP1', 'M6PR', 'MAN2A1', 'V-SRC', '12']
DTPG0000092	['DYRK1A', '纳加', '卡塔', 'LTB4R2', 'RIPK1', 'ceaC', 'TLR8', '嗯', 'xynZ', 'GSTA2', '是', 'C1QC', '阿斯帕', '卫生防护中心', 'entB', '梅亚', 'ACAA2', '格里克3', '克里姆', 'GLDC']
DTPG0000093	['PI4KB', 'PDE2A', 'AMY2B', 'ALDH1A3', '光盘', 'CYP2E1', '科巴', '德拉', 'MOCS2', 'ahpF', 'kbaY', 'CA5A', 'BHMT', 'SULT1A1', 'moxG', 'ASMT', '纳格', '活动', '托克斯', 'sacB']
DTPG0000094	['NEU1', 'GSTZ1', 'MAP2K3', 'MMAA', 'pdx1', 'TAS1R2', 'PRDX1', 'F5', '埃利斯', '咕噜声', 'ANTXR1', 'SERPING1', 'CACNA1B', 'RYR2', '夏普', '集成电路设备', 'S100P', 'IL4I1', 'azr', 'glnA1']
DTPG0000095	['ESRRB', 'KPC-2', 'TLK1', 'MR1', '饶舌', 'ethR', 'BHMT2', 'pptA', 'CYC1', 'mdh', 'MYO3A', 'NEK5', 'PCBD1', 'RAF1', '扑通一声', 'ppa', 'ABCB1', 'PLA2G1B', 'NIP7', '图A1A']
DTPG0000096	['皮尔德', '战区导弹防御系统', 'LTF', '欣1', 'ALKBH3', 'SERPIND1', '废话', 'PLD2', 'sfp', '福尔克', 'GSR', 'PRKDC', '网络操作系统', 'SFTPA1', 'SF3B1', 'GNG2', 'CMAS', '拉阿', 'CBR1', 'ITGA4']
DTPG0000097	['HTR1B', 'CPA1', 'acuC1', 'rpsC', '机架1', 'CCBL2', 'FKBP1A', 'AHSP', 'TPH2', 'P4HA2', 'DCPS', '木', 'NNMT', 'MT-CO3', 'ECI2', 'NDUFB2', 'GSTO2', 'lpxC', 'SERPINA4', 'rpoZ']
DTPG0000098	['LCMT1', 'MAPK13', 'A2M', 'MT-ND4L', '拉格', 'GRIN2A', 'CES1', 'MAP2', 'OGFOD2', 'hldD', 'GCDH', 'SCPEP1', 'KCNH2', 'FPR1', 'rmlC', '阿特斯克', 'UBE2D2', 'pufM', 'IDH3B', 'RCAN1']
DTPG0000099	['PCTP', 'GCSH', 'PSMB1', 'LCMT2', 'DCXR', 'ADRA2C', 'TFRC', 'agp', 'KDM5D', 'ASIC2', '伊特韦', 'PPIH', 'VLDLR', 'MMP13', 'FLNA', 'PDF', 'Inoph1', 'THBD', 'MC2R', 'pdxY']
DTPG0000100	['msrA', 'FOS', 'EPRS', 'trpS', 'FGFR1', '忧郁的', '拉斯布', '波拉1', 'CPT2', 'IGHV3-30', 'IL12B', 'SNCA', 'GSTO1', '坡道3', '任', '埃尔恩', 'CCK', 'CD55', '笨蛋', 'TPSB2']
DTPG0000101	['SERPINE1', 'HTR3C', 'SLC6A8', 'fpvA', 'PNP', 'thyA', 'ctxB', 'NADSYN1', 'HSPG2', 'AGXT', 'LDHA', 'JAK1', 'dsbA', 'gmd', 'PSMB9', '达卡', 'S1PR1', 'GCLC', 'SCN10A', '芡欧鼠尾草']
DTPG0000102	['MMP9', 'DHRS11', 'CSN3', 'KRT2', 'mndD', 'AOC3', 'RPL19', '索斯特', '托尼', '表皮生长因子', 'NDUFA1', 'rdxA', 'CHRNA10', 'PKN2', 'HTR1E', '美国东部时间', '卡格', 'EIF2AK2', 'HNF4A', '佩克']
DTPG0000103	['IL1B', 'SNRK', 'HSP90AA1', 'HDAC4', 'FGFR4', 'FCGRT', '消费税', '伊茨', 'PGD', 'FTH1', 'GR2', 'CD14', 'frdC', '中学学位分配', 'PRKAB1', '纳吉', '木桶', 'MAPK11', 'fpr', 'FGG']
DTPG0000104	['SCN1B', 'CYP2C18', 'SFTPD', 'fabG3', 'PRNP', 'CYCS', 'nuc', 'SERPINB3', 'TRBC1', 'mdtK', 'MAPK8', 'glvA', 'PAK2', 'ACVR1B', 'CXCR4', 'LY96', 'GSTM4', 'mltB', 'dfrB', 'GUK1']
DTPG0000105	['SDHC', 'GPT2', '卡姆', 'gdhB', '二氧化碳', 'RHO', '大都会', 'AKR1C2', 'INS', 'APOBEC1', 'CDK17', 'aacC1', 'DAPP1', 'lgtC', 'NPY4R', 'KCNJ5', 'BCL2', '凯布', '锡克1', 'TMP1']
DTPG0000106	['PDK1', 'RPL4', '哎哟', '法阿', '吹牛', 'DDAH1', 'cgt', 'nadB', 'MYLK3', '阿多拉3', 'NR4A3', 'ALDH1L1', 'AVPR1A', '阿格拉', '胸径', 'ansB', '阿尔', 'PARP3', 'CDKL2', 'BDH1']
DTPG0000107	['RDH12', 'GYG1', 'fprA', '阿卡德', 'CHRNA3', 'rpsB', '咕噜咕噜的响声', 'CAMK4', 'PRPF4B', 'CYP21A2', 'ANKK1', 'DNPEP', 'C9', 'HLCS', '鲁奥', 'crtM', 'SLC25A29', 'CASP4', 'AARS', 'CMA1']
DTPG0000108	['梅尔克', '修剪13', 'EN2', '瓦尔斯', 'clpB', 'PLA2G4A', 'cslB', 'mmaA2', 'PYCRL', 'bfrA', '营地', 'NPY1R', '普塞宁', 'CAMK2D', 'thrS', 'MAPK12', 'GABRA6', 'SCN2A', '忧郁的', '阿卡兹']
DTPG0000109	['NUCB1', 'HPR', 'trpD', 'PRMT3', 'bioH', 'XDH', '哈帕', '氯化钾', 'chiB', 'MMP10', 'KCNJ6', '蒂罗3', 'BCAT1', 'TRPM8', 'BMPR1A', '莱恩', 'CHRM5', 'RPS8', '赫特人', 'MST1R']
DTPG0000110	['英格', 'ZAP70', 'LRRK2', '穆里', 'SERA5', 'C4BPB', 'CADPS', 'TRAPPC6B', 'bphK', 'GSTA5', '扎克', 'STAB2', 'STS', 'ATP6', 'DAPK2', '莱娅', 'CYP11A1', 'SCN11A', '达拉', 'DCD']
DTPG0000111	['TOP1MT', 'ADAM10', '托德', 'UQCR10', '阿法', '冷静', 'NDUFS7', '啃咬', 'FFAR4', 'scpB', 'OXSR1', 'COX8A', '穆拉', 'rmlA', 'TPH1', '托尔克', 'HTR3E', '咕噜', '门诊部', 'BGLAP']
DTPG0000112	['HCK', 'CCL11', 'SNRPD2', '特克', 'ASIC1', 'dkgA', 'GPRC5A', 'FGFR2', 'CEBPB', 'fbpA', '圣诞老人', 'CALCR', 'L5', 'ANXA3', 'MYH7', 'KRT7', '生物', 'HTR3D', 'P3H3', 'CLCN2']
DTPG0000113	['STK3', 'SLC38A1', 'hslO', 'xpt', 'HCAR2', 'IAPP', '持续专业发展', '小块地', 'IL5', 'RAB5A', 'BST1', '应用程序', 'NNT', 'PRDX2', 'EIF2S3', 'GSPT1', '希夫兰', 'ITIH2', 'pflB', '爱普斯']
DTPG0000114	['HSD17B7', 'rplV', 'BPHL', 'CYP4A11', 'STK32A', '西甲', 'MGEA5', 'MAP3K3', 'INSRR', '西格玛1', 'CA3', 'PPP3R2', 'ABO', 'GABRA1', '卡萨', 'rtcA', 'IDO1', 'PSG5', 'slt', '拉特']
DTPG0000115	['pccB', '奥普拉德', '表1', 'SCN3A', '拉卡', '德', 'DDR1', 'KRTAP5-2', 'NOLC1', 'hld', 'MT-ND2', 'MBL2', 'CSNK2B', '尿毒症', 'PPIB', 'pgl', 'GPHN', '酪氨酸转氨酶', '穆特尔', 'ARPC2']
DTPG0000116	['斯佩', 'CYTH3', 'NR1I3', 'cag阿尔法', '喹诺酮', 'TPO', 'PDE8A', '阿尔萨', 'TAOK3', 'NR3C2', '波巴', '利帕', 'pldA', 'NS5A', 'LGALS1', 'SCNN1B', 'cmoA', 'NOX1', 'CA5B', '是的']
DTPG0000117	['A1BG', 'ANTXR2', 'doxG', 'S1PR3', 'DIO3', '法布', 'qbdA', '马特克', 'pph', '法布', '恩佩普', 'MAPK3', 'KAT2B', '呸', 'HNRNPH1', 'ATP5C1', 'sdhB', 'EPHB6', '南克', 'FHIT']
DTPG0000118	['GABRG2', 'dnaQ', 'CCND1', 'PIK3R3', '格利亚特', '43', '点头2', 'rnz', 'SLC6A3', 'CHRM4', 'SLC22A8', 'KAT5', 'KCNN4', '普罗克', 'CNR2', 'MMP21', 'wecB', 'AQP1', 'HAPLN3', '这']
DTPG0000119	['IGLL1', 'APOE', '喋喋不休', 'ADCYAP1', 'NDUFV3', 'HM13', 'RHO1', 'APOA2', 'PPIG', 'MAPK7', 'NCOA1', '康特', 'CA8', 'FGF2', '汽车', 'F12', 'CACNA2D2', '阿尔德', 'petC', '布拉什夫']
DTPG0000120	['GSTK1', 'PLA2G10', 'CACNA1S', '裂痕2', 'NQO1', '伊维', 'HNF4G', '尼斯', 'EEF1A1L14', 'PTPRS', '卡尔', 'TUBB1', 'SLC1A2', 'SMPD3', 'ITGA2B', 'MMP7', 'IRGC', '丘疹', 'cyp158a2', 'PRKACB']
DTPG0000121	['SV2A', '奥格德', 'ABCC4', 'mrcA', '设定7', 'LPL', 'STK38', 'arsC', 'CASQ2', '特斯布', 'nfsA', '福胡德', 'CHRNA2', 'SLC9A3', 'NDUFA3', 'aspC', '卢姆', '穆特', '米娅', 'S100A11']
DTPG0000122	['LHCGR', 'KCNH7', '派克靴', 'COX5B', 'Fol3', '阿巴特', 'GABRG3', 'CTSH', 'NMNAT1', 'acdS', '罗布', 'GPBAR1', 'gmm', 'mgtA', '阿瓜', 'HDAC9', 'EIF4E', 'CFD', 'CTH', 'BMP2K']
DTPG0000123	['CRHR1', 'BDKRB1', '拉特', 'SLC15A2', 'PPP1CC', 'DNMT1', 'CASP8', '甲状旁腺素', '焦油2', 'SAR1B', 'PLCD1', '塞拉', '拉哈', 'sdhA', 'CD33', 'fdnI', 'DGKD', 'TGFB2', 'ATP2A1', 'KCNMA1']
DTPG0000124	['水坝', '莫布', 'tdk', 'hcp公司', 'HCRTR1', '疼痛', 'HRNR', 'NPR', 'GLS2', 'pfkA', 'DMPK', 'KCNQ1', 'LYVE1', '卡尔卡', 'CHRNA7', 'rpsG', 'SLCO2B1', 'MTHFD2', 'GABRB1', '利普']
DTPG0000125	['呸', '阿达特', '波茨', 'ODC1', 'NS3\\/4A', '普基亚', 'SLC5A6', 'ROS1', '阿西', 'GLP1R', 'SRPK2', '苏丽', 'CSK', 'Sec31p', '氮氧化物', 'PLK4', 'CDK7', 'ugl', 'acpS', 'MUC16']
DTPG0000126	['PLK1', '安佩普', 'dacC', 'CYP19A1', 'cydC', 'MAPK15', 'TXN', 'PTPN1', 'PROS1', 'PSPH', 'ompX', '马尔普', 'PDE6G', 'rpsL', '帕普', 'ZFY', 'SCTR', 'NEU2', 'opmA', 'UL54']
DTPG0000127	['隆', 'EEA1', '福奇', 'IGF1R', '鞋带', 'RDH5', 'PFKFB1', 'KRT6A', 'GPX4', 'GNAI1', '呐', 'CYP2A6', 'celCCF', 'dlgD', '佩佩', 'GCLM', 'MAP3K1', 'PRSS1', 'LSM6', 'C3']
DTPG0000128	['GABRR2', 'gag pro pol', 'cmaA1', 'HTR2A', '布拉', '蕾西', 'NDUFA13', 'SLC25A5', 'RPSA', '瑞拉', 'rpsI', 'PPP2R1A', '阿米克', 'SLC22A11', 'UCKL1', 'ACOT13', '阿特', 'B4GALT1', 'C8A', '多拉']
DTPG0000129	['GPR18', 'ymdB', 'ASIC3', 'CPB1', '斯波伊', 'FBN2', 'EGLN2', 'CACNA2D3', 'POLA2', 'UPP1', 'MMP26', 'pgmB', 'GLIPR1', 'THYA', '阿罗克', 'KRT1', '貂皮', '助理', '桶3', 'blaUOE-1']
DTPG0000130	['菲斯', 'HTR1D', 'PDE11A', 'HRG', 'rhaD', 'DYRK1B', '帕德', 'CSNK2A2', '行动2', '奥普拉', 'AK8', 'RPL10', 'SMPD1', 'trpS2', 'ABCC8', 'CALCRL', 'LIMK2', '努阿', 'ITGB4', 'tgt']
DTPG0000131	['IMPG2', 'RPS28', 'RPS18', '乒乓球', 'pbp2', 'IFNGR1', 'SLC22A12', '塞尔布', 'GPR55', 'PDE6H', 'CACNA2D1', 'glpG', 'CD3G', 'UCHL1', 'dld', 'HLA-B', 'hmcA', 'IDH3A', '伊比夫', 'APOC2']
DTPG0000132	['RRM2', '惩教署', '格里克5', 'bgl3', 'EFTUD1', 'icl', 'DGAT2', 'SLC7A7', '维肯', 'GGACT', 'MAP3K19', 'CTSL', 'MT-ND6', '凯尔', 'budC', '亚速尔', '原子力显微镜', 'CD3E', 'PRG2', 'DGKG']
DTPG0000133	['METAP2', 'CD274', 'GRM3', 'qheDH', 'SERPINB5', 'RIOK3', '博特', '伊哈德', 'pcaH', 'KCNK9', 'TLR7', 'KLKB1', 'GLYATL1', 'actVA 6', '呸', '第三类', 'TNNC1', 'STAT3', 'PPP2CA', 'NMRAL1']
DTPG0000134	['IGKV1-17', 'LDHAL6B', 'ABCC5', 'CSF2RB', 'CYP1A1', 'L1', '肺结核', 'TPSAB1', 'MAP3K10', '管理', '内夫', 'GSK3A', 'PAICS', 'ENO3', 'DNMT3B', 'ndx4', 'uao', '伊拉克人3', '艾米', 'NDUFS2']
DTPG0000135	['GCGR', '拉奇', 'AFG3L2', '奥帕', 'PNLIP', '遇见', 'CKM', 'ATF1', 'GUCY1B1', 'HSD17B2', 'FST', 'prx', 'GHRHR', 'LMAN1', '茜拉', 'SGK3', 'MMP20', 'gcdA', 'PHYKPL', 'fksA']
DTPG0000136	['PGF', 'ITGB3', 'CYB5R3', 'AOX1', '嘎', '时尚2', '奥萨', 'FCGR2A', 'STK26', 'PDE4C', 'FUBP1', 'ADCY2', 'HSD3B1', '哈哈', '喇嘛1', 'GRIN3B', 'PADI3', 'UQCRC1', 'SLC7A1', 'STMN4']
DTPG0000137	['TAS2R16', 'PF4', 'fdnG', 'EEF1A1', 'RDH13', 'cbiF', '瓜布', 'AQP3', 'GC', 'CACNA1C', 'BMPR2', '莉莎', 'HTR4', 'XRCC4', 'ACS3', '四月', 'ISYNA1', 'ADH4', 'GPX7', '孟']
DTPG0000138	['LIG1', 'CYP51A1', 'CLEC4E', 'def2', 'hdaH', 'ABCC9', '海勒', '阿拉斯1', '英格', 'frdD', 'ACSL4', '默格', 'ESR2', 'DAPK3', '尼布', 'OBP2A', 'SSTR3', 'PSMB7', 'CDKN1A', 'QPRT']
DTPG0000139	['UGT1A9', 'ECE1', 'yvbK', '暗黑破坏神', 'C1QB', 'cc4', 'TNFRSF9', 'TRM3', '卡拉', 'CAMK1G', 'ksi', '耐甲氧西林金黄色葡萄球菌', '香港', 'KCNJ8', '利克特', 'ADRBK2', '尖沙咀', '恩哈', '普拉尔', 'GSTM2']
DTPG0000140	['FGF19', 'PDE5A', '氯化钾', 'SMPD4', '希斯克', 'cefE', 'PTGS2', 'MYL12A', 'GLRA2', 'GAD65', 'CYP17A1', 'EIF2AK4', '博格', 'MAP1A', '穆尔', 'xyn10C', 'XPO1', 'ERBB2', 'EPHX2', 'CDC60']
DTPG0000141	['EZH2', 'MAPK1', 'CFI', 'fkbI', 'PSMB10', '非典', 'ispF', 'EPHA3', 'prcA', '蒂姆', 'fcbC', '人物配对关系', 'SLC7A8', 'ALOX15', '达布', 'L3MBTL1', 'ABCA1', 'NAE1', 'PIK3CB', 'MT-ND1']
DTPG0000142	['循环流化床', 'NUDT9', 'RAB8B', 'C1QBP', 'gp41', 'HNMT', 'ITGAX', 'B3GAT3', 'NR1H3', 'CADPS2', 'pcm', 'MT1A', 'MED1', '阿德拉', 'glf', 'SRP14', '波尔', 'rpsM', 'MAT2A', '近红外光谱']
DTPG0000143	['色氨酸合成酶', 'abfD', 'FAP', 'FCGR3B', '屁股', 'KCNC4', 'AARS2', '埃斯特布', 'TPMT', 'EBP', 'RDH11', 'AK2', '富林', 'GRM7', 'HSD11B2', '法尔斯布', '福尔普', 'glpK', 'PIN1', 'ADRB2']
DTPG0000144	['NDUFA8', 'C8G', 'GPR119', 'PEF1', '特萨', 'PLK3', 'ST14', '潘布', 'ARL1', '摇滚乐1', 'PGA5', 'RPL15', 'GABRR1', '玻璃钢', 'fni', 'ESRRG', 'FXYD2', '泰克斯', 'maf', '佩特']
DTPG0000145	['RPS6KA4', 'GPD1', 'NDUFAB1', 'STAT5B', '科阿', 'TUBA1C', '生物燃料', 'GLRX', 'GABBR1', 'lfrR', 'MMP14', '拉茨', 'IGFBP3', 'KRTAP5-3', 'UQCR11', 'MDM2', '施以', '普罗兹', 'pks18', 'cyp102A1']
DTPG0000146	['rpl2', '地上二层', 'tnp', 'IL2', 'PBP1', 'TBXA2R', '生物', 'PPP3CA', 'CACNG2', 'PPP5C', '阿德拉2b', 'ATP6V0A1', '卡姆拉德', '地铁', '摩登派青年', 'NDUFA10', 'DNMT3A', '哈达', '图八', '乌莎']
DTPG0000147	['IL6', '因辛普', 'SPHK2', 'TRPV3', 'CASP1', '塞莱1', 'NPY2R', 'NR5A1', '活动', 'PRKD1', 'SEC14L2', 'ATP6V1A', 'cqsA', 'mrcB', '卡拉克', 'HTR5A', 'TOP1', 'NDUFS1', 'RXRB', 'CD4']
DTPG0000148	['HRH2', '波尔布', 'ABL1', 'HSPA13', 'rpsE', 'rfbE', 'HDAC2', 'glmS', 'APH1A', 'EPHA2', 'nspA', 'IGLV3-21', 'ITIH1', '阿祖', 'ompC', 'GUCY2C', '雷卡', '埃斯特拉', 'SLC16A2', 'gpt']
DTPG0000149	['PSMA5', 'm-6', 'hyuA', 'MYH9', 'IL3', 'AKR1C4', 'SOD3', '扑通一声', 'pdc', 'MC5R', '塔特', 'LCK', '十六进制', 'CXCL8', '桶1', 'prmC', 'KCNN2', 'SLC25A6', 'KIF1A', 'SRC']
DTPG0000150	['皮尔达', 'KRT16', 'glnA', '哼', '伊夫卡', '梅格', 'HEPHL1', '爸爸', 'CA14', '卡尔', 'MKL1', 'NCOA2', 'PTK6', 'ALDH3B1', 'ETFDH', '乔布', 'acrB', 'ptsP', 'PDE9A', 'fcbB']
DTPG0000151	['CD1A', '双加氧酶', '代表', 'MTNR1A', '近红外', 'F10', 'NMT2', 'SH2B3', 'PIK3R1', '加特', 'MT-ATP6', '好的', 'TSLP', 'sseA', 'NDUFV1', 'SLC5A2', 'FOLH1', 'HDGF', 'VIM-2', 'tsx']
DTPG0000152	['stx2eB', '卢森堡', 'chxA', '个人通讯簿', 'dsbC', 'PIK3C3', 'PTGES3', 'TRAPPC1', 'YWHAQ', 'KCNK3', 'CTLA4', '基努', 'ITK', '复星', 'cybC', '阿迪奇', 'CACNG1', 'IGHG1', 'S100A16', 'GRM4']
DTPG0000153	['fccA', '罗拉', 'PRKCA', 'CAMK2G', 'HSPE1', 'SRM', 'ppx', '佩恩', 'TREM1', 'IGHA2', 'SLC22A6', 'ARF6', 'HNRNPK', '维姆', 'IL5RA', 'KCNN3', 'algC', '梳子', '费尔', 'PTDSS2']
DTPG0000154	['ACP1', 'RPS6KA6', 'tkt2', 'ARPC5', '伊兰', 'kpsU', '第1条', 'GGPS1', 'EPHA7', 'LTB4R', 'L1CAM', 'HTR3A', 'ecdB', 'ams', 'SHMT1', 'NDUFV2', 'C1R', 'ACAT2', 'ACVR2A', 'CYP3A7']
DTPG0000155	['Kcnma1', '兆字节', 'GABRB2', 'AOC1', '科布', '帽子', 'CCL2', 'SPC3', 'PTGDR2', 'VKORC1L1', '阿罗格', 'LGALS3', 'DBI', '加普', 'AADACL2', 'KDM1A', '纳里', 'CSNK1G1', '弗尔达', 'SCNN1D']
DTPG0000156	['glmU', '啊哈', 'IGHG4', 'STK17A', 'CYP26B1', 'TBXAS1', '法德尔', 'LCT', 'PPP2R5C', '时尚1', 'nrdB', 'ITGB7', 'PADI6', 'TPM3', 'cdd', 'TOP2A', 'MTNR1B', 'rffH', 'PNLIPRP2', '法力']
DTPG0000157	['rpsO', 'G', 'F3', '应收账', 'ACTR2', 'cel5A', '伊赫', 'UQCRC2', 'TUBB2A', '甘特', 'FTO', 'DGKA', 'GJA1', 'dhbE', '古卡1A', 'RIOK1', '艾莉', 'rbsK', '克拉特', 'recQ']
DTPG0000158	['斯莫克斯', 'ATR', 'M', 'unc-29', 'CKB', 'KCNJ12', 'COX6B1', '卡利', 'P2RY2', 'GLYATL2', 'FGF1', '莱兹', 'F13B', 'ffh', 'MS4A1', 'HPGD', '泰纳', 'SAP2', 'GCH1', 'GluClX']
DTPG0000159	['ADRBK1', 'ADSSL1', 'SLC25A13', '谢', '赛博', '南部', '波尔', '毛布', 'AMY1A', '达格拉', '迪德', 'FCGR2C', 'SEMG2', 'MYC', 'HTR6', 'ATP6V1C1', 'NME2', 'PARP15', 'ccpA', '斯巴克']
DTPG0000160	['瓜德', 'HCAR3', 'HSD17B11', 'ARL3', 'RPS6KA1', 'PAK4', 'SLC25A4', 'FCGR1A', 'NR3C1', 'TFF2', 'LGALS7', 'abfA', 'NDUFB7', '泰尼', 'blaVIM-2', '森普', 'ATP5O', '哈斯布', 'CFTR', 'UBC']
DTPG0000161	['psbA1', '帕加', 'KLK6', 'TPM1', 'TAAR1', 'CLEC3B', 'CHRNA9', 'MAPT', '地图', 'S基因', 'P2RY12', 'POMC', '冷静2', '尼卡', 'NOS2', 'CA4', 'HIPK3', 'NECTIN4', 'udg', 'NDUFB5']
DTPG0000162	['卡马', 'PRDX5', '普拉', 'HNF1A', 'KCNJ1', 'RAB9A', 'SLC29A1', '马可', 'nadC', '特拉夫', 'P3H1', '罗阿', '阿尔卡', 'CPN1', 'dhlB', 'SLC1A6', 'SLC12A4', 'PGAM2', 'PHB', 'FCER1G']
DTPG0000163	['ALDH5A1', 'mdlA', '第三方物流', 'TYK2', 'pabB', '不', 'CHRNA5', 'SPTLC1', 'mdfA', '裂痕4', 'ACTG1', 'CYP2D6', 'fbpC', 'MAPKAPK3', 'APLP1', 'KCNJ11', 'COX7A1', 'B3GAT1', 'HS3ST3A1', 'GSN']
DTPG0000164	['UGT3A1', 'SLC16A4', 'GP9', 'TRPV4', '锡克3', 'MT2A', 'SF1', 'PLIN3', 'HDAC10', 'GNRHR', 'RAB7A', 'licC', 'TPI1', '加斯特', 'cyp130', 'AIFM1', '咧嘴笑', 'KCNQ5', 'MGP', 'LCTL']
DTPG0000165	['第三圈', 'CSRP1', 'glsA1', 'SLCO1B1', 'CRK2', 'rpsR', 'FNTB', 'pdaA', 'sqr', '凯布', 'MAT1A', 'KCNB2', '佩普', 'PAK1', 'cit', 'GM2A', '格里亚3', 'MMP24', 'GSK3B', 'GNPDA1']
DTPG0000166	['帕亚', 'bacB', 'IKBKE', 'ANO1', '战争', 'fhuA', 'HMGCR', 'SLC18A1', '科斯', 'MAP3K15', 'sdsA1', 'MMP12', '米高梅', '古德', '公园7', '达帕', 'pdxH', 'CTDSP1', 'acma', 'EIF3F']
DTPG0000167	['CIT', 'obg', 'ispA', 'ULK1', '拉尔斯2', 'rpsN', 'STK16', 'ompW', '加布拉2', 'cenC', 'spsA', '羔羊1', 'XOG1', 'fmoA', '勒伊德', 'IL2RA', 'MT-ND4', 'CCR2', 'TRM2', 'NR2F1']
DTPG0000168	['塞勒', 'GLP2R', 'F2RL3', 'NOMO1', 'GSTA1', 'Fol1', 'PTEN', '超光速', '阿娜', 'pcaG', 'ptd', 'SULT2B1', 'SLC7A11', 'NRXN1', 'CPB2', 'HOXA10', '俱乐部', '大号', '穆尔克', '助理1']
DTPG0000169	['SKP1', 'IRS1', 'H45', 'GSTM1', 'algQ1', '赛尔', '核电站', 'pufL', 'NDUFB10', 'NPC1L1', '埃克萨', 'MYH11', '阿多拉', 'NPPB', '格里亚2', '星期一', '第二部分', 'SLC2A2', 'SLC18A2', '阿尔布']
DTPG0000170	['瓜阿', '格里亚', 'fptA', 'RPS9', '人们', 'HNRNPH3', 'SLK', '黑暗的', '艾达', 'GIG18', '糟糕的', 'JAK3', 'lev-1', 'PIK3C2G', 'blaIMP-1', 'CYSLTR2', 'SFPQ', 'TAGLN2', '焦虑2', "ermC'"]
DTPG0000171	['rpiA', 'HCRTR2', '朱普', 'PDCD1', '毛亚', 'MMP28', '切伊', 'S1PR4', 'ADH1C', 'SNRPA', 'TNNC2', 'MAN1B1', 'SCNN1A', 'PB1', 'cysJ', 'IGHV3-23', '阿华', 'SCO1', 'CPT1A', '喋喋不休']
DTPG0000172	['cycP', 'TNFRSF1A', 'KIF2C', '纳佩普尔德', 'CA11', 'SPTLC2', 'pyp', 'CPE', '嘶嘶声', 'SEC14L4', 'PDE1B', 'MMP3', 'SLC1A4', 'ACE2', '美国专业彩妆品牌', 'BCR', 'CCKBR', 'cbaD', 'HIF1A', 'ycdX']
DTPG0000173	['丽达', 'HCN2', 'RPL26L1', '新台币', 'PRKAA1', 'SUCNR1', '尼尔2', 'ADAM9', '中工国际', '摩科斯', 'KCND3', 'DUT', 'GSTT1', '特雷克', 'lpdA', 'ALOX5', 'trpC', 'BPI', 'CCR5', 'HPN']
DTPG0000174	['NOS3', 'IL15', 'MKNK1', 'hemB', 'CYSLTR1', 'MIF', '费赫', '土地管理局', 'rpsT', 'DNTT', '波尔', 'PGR', 'GSTA4', 'PDGFD', 'HLA-DRA', 'ARL2', 'vapA', 'CACNB1', 'NT5C2', 'PSMA1']
DTPG0000175	['EGLN3', 'SCYL1', '阿拉克', 'PTGR2', 'IL13', 'RIC3', 'ULK3', 'SRD5A1', 'HDAC8', 'MYL6B', 'PTK2', 'PYCR2', 'AMD1', 'PTGFR', '新台币5米', '罗克夫', 'FNTA', 'EPHA6', 'dmsA', 'ACSS2']
DTPG0000176	['普劳', 'rpsP', 'RIOK2', 'FBXO41', 'CHP1', 'RPS6KA3', 'pufC', '多环芳烃', 'CAMK2B', 'AGT', '奥帕', '阿尔多', 'SDHD', 'HSPA8', 'TGM2', 'S100A12', 'LDHAL6A', '普纳', 'ctaD', '邦特\\/答']
DTPG0000177	['激光雷达', 'UGT1A1', '格里亚4', 'UTRN', '静电放电', 'PDE3B', 'dnaX', 'clpX', 'TGFBR2', 'celC307', 'CDC42', 'MMP17', 'NS5b', 'CAPN3', 'CDK15', 'hsaD', 'SMO', '废话', 'ADGRD1', 'PCSK9']
DTPG0000178	['TRM1', 'GABRB3', 'PTGS1', 'LEF1', '埃里夫', 'MGST1', 'aac', '再', '波尔克', '埃斯塔', 'VAMP2', 'CACNA1F', 'BDKRB2', 'HRH1', 'MUC1', 'CCDC51', '纳萨', 'HDAC3', 'HIST1H1E', 'PKMYT1']
DTPG0000179	['rpsK', 'HDC', 'S100A2', 'IMPDH2', '阿罗德', 'IGF1', '9', 'TNFRSF8', 'PTGDS', '法德', 'CYB5R1', '扑通一声', '猫', 'ASNA1', 'def', 'DMC1', 'carC', 'MSLN', 'HMOX2', 'PML']
DTPG0000180	['UL80', '恶作剧', '瑞姆', 'TLH6', 'KRT10', 'UBR4', 'NCOA5', '肮脏的', 'dcd', 'TK1', 'MSDC', '植酸酶基因', 'ipdC', 'CSTB', 'CCL3', '奢侈品', '战争2', '基努', '基斯1R', 'mglB']
DTPG0000181	['GDNF', '修正', 'gmhA', 'DRD4', 'SLC1A3', 'allC', 'EZH1', '拉尔巴', 'CYP24A1', '绉布', '麻风', 'HRH4', 'SLC25A15', 'trmL', '亚硝酸还原酶基因', 'PCCA', 'CEACAM5', 'SLC1A1', 'RPS19', 'OPRD1']
DTPG0000182	['时尚', 'A1', '缺口', '忧郁的', 'FLT3', '数模转换器', 'UGI', 'TNFSF13B', 'PLA2G2D', 'RANBP1', 'SDSL', 'phzG', 'Unc13b', 'proX', 'GSG2', 'PSMA3', 'pdh', 'UQCRFS1', 'ncsA', 'KCNK1']
DTPG0000183	['TSHR', 'PTGER1', '法令1', 'PIK3CA', 'gpmI', 'NDUFA7', '高尔特', '布兰德M-1', 'AGTR2', 'SLC10A2', '斯里兰卡', 'sigA1', 'ARF4', 'Tcdut公司', 'TRAPPC3', 'OXCT1', 'NRIP1', 'rpmF', '皮卡耶夫', '胡特']
DTPG0000184	['SLC22A7', 'ctaDII', '塞克斯', 'rdmB', 'GLT6D1', '恩维斯', 'gtfA', 'ppiA', 'CLK4', '磷酸葡萄糖酸脱氢酶', 'F9', 'MDH2', 'pqqC', 'PTPRB', 'PSMB2', 'HSPA2', '福尔布', 'PSMB3', 'ohr', '十一月']
DTPG0000185	['CSNK1G2', 'kdsB', 'KCNC1', 'ALDH6A1', 'LGALS9', 'PIM3', 'rplA', '金额', 'PAK6', 'ASPG', 'MSP-1', 'C4B', 'TNFRSF1B', 'vatD', 'SRD5A2', '行动1', '锡克2', 'RPS13', 'HTR1A', '阿尔普']
DTPG0000186	['IQGAP1', '喇嘛5', 'MTTP', 'ABCB5', 'SLC29A4', 'PTK2B', '载脂蛋白C3', 'PKN1', 'ADH1A', 'sdhC', 'TUBA1B', '啊', 'nrdF', '帕拉', 'ABL', 'PSMA7', 'ISG20', 'CRBN', 'ALDH1B1', '短讯服务']
DTPG0000187	['哈', '皮特普纳', 'ABCG1', 'rfbG', '喇嘛3', 'MRC1', 'COMTD1', '拉布格塔', 'FSHR', 'mtdA', '裁判员', 'MCCC2', 'NR1H4', '阿纳特', '凯斯', '梅尔克', 'ITPKA', 'DPEP1', 'F11', 'cmaA2']
DTPG0000188	['地下一层', 'KCNJ9', '莱克', '是的', 'NPY', 'UQCRB', 'BCHE', 'DPYD', 'CTSV', '裸体', 'SLC12A1', 'embB', 'ARG1', 'STK38L', '德欧克', '42', 'AAK1', 'TPK1', 'PFKFB4', '塞尔普尔格']
DTPG0000189	['astB', 'glnG', 'phnA', 'GLIPR2', 'tpx', '极', 'RPL37', '阿米亚', 'CYP26C1', 'CYP11B1', 'ENO1', '削减', 'gpmA', 'NTRK1', 'cca', '联邦储备银行', 'SLAMF7', 'ATP5A1', 'PSMA6', 'PSMB8']
DTPG0000190	['富科', 'HGPRTase', 'CLK1', '透明颤菌血红蛋白', 'IFNGR2', 'IGHV1-2', 'ppc', 'SCGB1A1', 'CCR4', 'SLC25A2', 'ADAM28', 'blaCTX-M-9a', 'NDUFA9', '伊诺', 'CNGA1', 'PZP', 'CDK9', 'SERPINB9', 'fgs', 'lpd']
DTPG0000191	['CETP', 'nrdE', 'GPX1', '法博', 'GPER1', 'FLT4', 'MAP2K6', 'PDHA1', 'rph', 'AZIN2', 'ALDH9A1', 'PPP2R2A', 'adh', 'HLA-A', 'pcaB', 'CLC', 'SLC16A5', 'PPIF', 'DRD2', 'EPX']
DTPG0000192	['GMDS', '埃普坎', 'ARPC3', 'ULK2', '氯化钾', 'AUR1', '沥青', 'SAT1', '泰克', 'ANXA5', 'DCLK3', '拖把', 'GLRA1', '自动取款机', 'HDAC1', '埃德娜', 'CD1D', 'mgsA', 'IGFALS', '长凳']
DTPG0000193	['阿卡布', 'FLT1', 'PLD1', 'IGSF10', '普维伊姆', 'PSMB4', 'PLCL1', '塞尔普', '乌罗德', 'SLC6A13', 'HIPK2', 'NDUFB9', 'HMGCL', 'CD44', 'CTSK', '波尔', '德纳波尔', 'CLIC1', 'hlgB', 'SIRT3']
DTPG0000194	['NDUFC2', 'PGAM1', 'COQ8B', 'SHMT2', 'PARP1', 'AK1', 'PVR', 'ATP1A2', 'S100A1', 'UBA1', 'hpd', '加达', 'NFKB1', 'FCGR2B', 'ACSS1', '有轨电车', 'RPL14', '特尼克', 'APOB', 'PLA2G6']
DTPG0000195	['tbuX', 'CACNA1H', '核糖核酸酶4', 'IMPDH1', 'FFAR1', '亚齐', 'CLCNKA', 'ADH1B', 'TCN1', 'PIK3R2', '诺亚', '阿特莎', '整箱', 'TTK', 'CES1P1', 'isiB', 'SF3B3', 'KCNA7', '哥伦比亚广播公司', 'GSTM3']
DTPG0000196	['S100A8', 'orf1ab', 'SCN4A', '女青年', 'IGHA1', '支票2', 'DHCR7', 'DCLK1', 'PTH2R', 'TPT1', 'mvaA', 'NQO2', 'GAD1', '褶皱', 'sdhD', 'NDUFA5', '嘎嘎波尔', '耳朵2', 'MAP2K5', 'NEK2']
DTPG0000197	['DDX6', 'OXA-48', 'trpA', '西格莱克7', '富时', 'OBP-1', 'UCK2', 'mxiM', 'IFNA2', 'tmk', '普遍性', 'SCN9A', 'LPA', 'SRSF1', 'CACNA1A', 'SNAP25', 'aqpZ', '卡拉', 'SLC9A1', '家长教师会']
DTPG0000198	['PDCD6', '嗯', 'PRKCI', 'S100A13', 'PRKCB', 'ITPR1', 'KCNB1', 'MAP3K11', 'PYCR1', 'NGF', '利普', 'MTF1', 'TXNRD2', 'IGHG2', 'NFS1', 'EIF4A1', '乳酸脱氢酶', '皮格姆', 'ddl', '维法']
DTPG0000199	['CD70', 'hdhA', 'HPD公司', '阿坎', '塞拉2a', 'SLC16A3', '佩本', 'MTFMT', 'PGK1', 'ENOX2', '林布']
