C0002938	['Aneuploid', 'aneuploid', 'Aneuploidies', 'aneuploidies', 'aneuploidy', 'Aneuploidy']
C0004403	[]
C0008625	['abnormal chromosome', 'abnormal chromosomes', 'chromosomal aberration', 'Chromosomal Aberration', 'Chromosomal Aberrations', 'chromosomal aberrations', 'Chromosomal abnormalities', 'chromosomal abnormalities', 'Chromosomal Abnormalities', 'chromosomal abnormality', 'Chromosomal Abnormality', 'Chromosomal Alterations', 'chromosomal anomalies', 'chromosome aberration', 'Chromosome Aberration', 'Chromosome Aberrations', 'chromosome aberrations', 'Chromosome Abnormalities', 'Chromosome abnormalities', 'chromosome abnormalities', 'chromosome abnormality', 'Chromosome Abnormality', 'Cytogenetic Abnormalities', 'Cytogenetic Abnormality']
C0008628	['chromosomal deletion', 'Chromosomal deletion', 'Chromosomal Deletion', 'chromosome deletion', 'chromosome deletions', 'partial monosomy']
C0008629	['Chromosome Fragility']
C0008631	['chromosome marker', 'chromosome markers', 'marker chromosome']
C0010827	['cell degeneration', 'cells degeneration', 'CPE', 'Cytopathic Effect', 'Cytopathic effect', 'cytopathic effect', 'cytopathic effects']
C0012860	['Damage, DNA', 'DNA Damage', 'DNA damage', 'DNA Damages', 'DNA injury']
C0021943	['Chromosomal Inversion', 'chromosome inversion', 'Chromosome inversion', 'Chromosome inversions', 'chromosome inversions']
C0025568	['metaplasia', 'Metaplasia']
C0025569	[]
C0025570	['squamous metaplasia', 'Squamous Metaplasia', 'Squamous metaplasia']
C0026244	['Mitochondrial Swelling', 'Mitochondrial swelling']
C0027746	['Nerve Degeneration', 'nerve degeneration', 'neural degeneration', 'Neurodegeneration', 'neurodegeneration', 'Neuron Degeneration', 'neuron degeneration']
C0032578	['Polyploid', 'polyploid', 'Polyploids', 'polyploidy', 'Polyploidy']
C0035268	['restriction fragment length polymorphism (RFLP)', 'Restriction fragment length polymorphism', 'Restriction Fragment Length Polymorphism', 'Restriction Fragment Length Polymorphisms', 'RFLP', 'RFLPs']
C0035354	[]
C0035639	['chromosome ring', 'ring chromosome', 'Ring chromosome', 'Ring Chromosome', 'Ring Chromosomes', 'ring chromosomes']
C0038859	['Suppressor Mutation', 'suppressor mutation', 'Suppressor mutation', 'Suppressor Mutations']
C0040715	['Chromosomal Translocation', 'Chromosomal translocation', 'chromosomal translocation', 'Chromosomal Translocations', 'chromosomal translocations', 'chromosome translocation', 'Chromosome Translocation', 'chromosome translocations', 'chromosomes translocation', 'genetic translocation', 'genetic translocations', 'translocation', 'Translocation']
C0041107	['Trisomies', 'trisomies', 'trisomy', 'Trisomy']
C0043020	['degeneration secondary', 'secondary degeneration', 'wallerian degeneration', 'Wallerian Degeneration', 'Wallerian degeneration']
C0079380	['frame shift mutation', 'Frameshift Mutation', 'frameshift mutation', 'Frameshift Mutations', 'Frameshift Variant', 'Frameshift', 'Out-of-Frame Mutation', 'Out-of-Frame Mutations']
C0085400	['Neurofibrillary Tangle', 'neurofibrillary tangle', 'Neurofibrillary tangle', 'Neurofibrillary Tangles', 'neurofibrillary tangles', 'Neurofibrillary tangles', 'NFT', 'nft', 'Paired helical filaments']
C0151630	[]
C0151787	[]
C0151854	['Abnormal platelet', 'abnormal platelet', 'abnormal platelets', 'platelet abnormalities', 'platelet abnormality']
C0158794	[]
C0162735	['Point Mutation', 'point mutation', 'Point mutation', 'Point Mutations', 'point mutations']
C0162773	[]
C0232660	[]
C0232662	[]
C0232664	[]
C0232666	[]
C0232668	[]
C0234703	[]
C0242606	['Oxidative stress', 'Oxidative Stress', 'oxidative stress', 'Oxidative Stresses', 'stress oxidative', 'Stress, Oxidative']
C0265479	['Trisomy 20']
C0272186	[]
C0282632	['Antibody Dependent Enhancement', 'Antibody-Dependent Enhancement']
C0301648	[]
C0301651	[]
C0301652	[]
C0301908	[]
C0302086	['Erythrocyte destruction']
C0302087	[]
C0302093	[]
C0302101	[]
C0302106	['Platelet destruction']
C0302110	['Haemolytic crisis', 'hemolytic crisis', 'Hemolytic crisis']
C0302111	['aplastic crisis']
C0302113	['fragility', 'Fragility']
C0302116	['Mechanical fragility']
C0302173	[]
C0312828	[]
C0312838	[]
C0312841	[]
C0314673	[]
C0314676	[]
C0333458	['Trans-Synaptic Degeneration', 'Trans-synaptic degeneration']
C0333681	['sex chromosome mosaicism']
C0333685	[]
C0333686	[]
C0333687	[]
C0333688	['Endoreduplication', 'Endoreplication']
C0333689	['tetrasomy', 'Tetrasomy']
C0333691	['Hypodiploid', 'Hypodiploidy']
C0333694	['Tetraploid', 'Tetraploids', 'Tetraploidy']
C0333695	[]
C0333696	[]
C0333697	[]
C0333698	[]
C0333699	['long arm deletion']
C0333700	[]
C0333701	[]
C0333702	[]
C0333703	[]
C0333704	['Chromosomal Break']
C0333705	[]
C0333706	['pericentric inversion', 'Pericentric inversion']
C0333707	['paracentric inversion']
C0333708	['Chromosome fragment']
C0333709	[]
C0333710	['dicentric chromosome', 'Dicentric Chromosome', 'Dicentric chromosome', 'Dicentric']
C0333711	[]
C0333712	['chromatolysis']
C0333713	[]
C0333714	['reciprocal translocation', 'Reciprocal translocation']
C0333715	['robertsonian translocation', 'Robertsonian Translocation', 'Robertsonian translocation', 'robertsonian translocations']
C0333729	[]
C0333730	[]
C0333732	['karyolysis', 'Karyolysis', 'karyorrhexis', 'Karyorrhexis']
C0333734	[]
C0333750	[]
C0333751	['muscle fiber atrophy']
C0333752	[]
C0333753	[]
C0333754	[]
C0333755	[]
C0333756	[]
C0333760	[]
C0333761	[]
C0333762	[]
C0333768	['tubular aggregate', 'tubular aggregates', 'Tubular aggregates']
C0333773	['Rimmed vacuoles']
C0333776	['Zebra bodies']
C0333795	[]
C0333796	[]
C0333813	[]
C0333818	['C-H cell']
C0333865	['atypical cell', 'atypical cells', 'Atypical', 'cellular atypia', 'cytologic atypia', 'Cytologic atypia']
C0333866	[]
C0333867	[]
C0333868	['Severe cytologic atypia']
C0333869	[]
C0333870	[]
C0333871	[]
C0333872	[]
C0333876	[]
C0333877	[]
C0333878	[]
C0333879	[]
C0333880	[]
C0333881	[]
C0333882	[]
C0333883	[]
C0333884	[]
C0333885	[]
C0333886	[]
C0333887	[]
C0333888	[]
C0333889	[]
C0333890	[]
C0333891	[]
C0333894	[]
C0333895	[]
C0333896	['koilocytosis', 'Koilocytosis']
C0333897	[]
C0333898	[]
C0333899	[]
C0333901	['dyskaryosis']
C0333902	['Karyomegaly', 'Macronucleus']
C0333905	[]
C0333906	[]
C0333907	[]
C0333908	[]
C0333909	['Binucleate cell']
C0333913	[]
C0333914	[]
C0333915	[]
C0333920	[]
C0333926	[]
C0333960	[]
C0333961	['Compensatory hypertrophy']
C0333962	[]
C0333963	['concentric hypertrophy', 'Concentric hypertrophy']
C0334027	['oncocytic metaplasia', 'oncocytosis', 'Oncocytosis']
C0334028	[]
C0334030	['Atypical squamous metaplasia']
C0334031	[]
C0334032	[]
C0334033	['Transitional cell metaplasia']
C0334034	[]
C0334035	['Glandular metaplasia']
C0334038	['gastric metaplasia', 'Gastric Metaplasia', 'Gastric metaplasia']
C0334046	['mild dysplasia', 'Mild']
C0334048	['severe dysplasia', 'Severe dysplasia', 'Severe']
C0334058	['mild epithelial dysplasia']
C0334059	[]
C0334060	['severe epithelial dysplasia']
C0334068	[]
C0334074	[]
C0334075	[]
C0342781	[]
C0345465	[]
C0376628	['chromosome breakage']
C0392053	['mosaicism', 'Mosaicism']
C0392769	['Patch formation', 'patching']
C0398740	['Defective phagocytosis']
C0432400	[]
C0432402	[]
C0432403	[]
C0432405	[]
C0432410	['Trisomy 10']
C0432412	['8 trisomy', 'tri8', 'trisomy 8', 'Trisomy 8']
C0432413	[]
C0432414	['Trisomy 6']
C0432415	[]
C0432430	[]
C0432432	[]
C0432434	[]
C0432436	[]
C0432439	[]
C0432440	[]
C0432445	[]
C0432446	[]
C0432448	[]
C0432449	[]
C0432451	[]
C0432457	[]
C0443977	[]
C0483202	['hypersegmented neutrophil', 'hypersegmented neutrophils']
C0495650	[]
C0495651	[]
C0495652	[]
C0495653	[]
C0495659	[]
C0521185	['agus', 'AGUS', 'atypical glandular cells of undetermined significance']
C0521186	[]
C0522309	[]
C0522312	[]
C0522580	['Atypia of undetermined significance']
C0522588	[]
C0522616	[]
C0522617	[]
C0522619	[]
C0522620	['hypocellular']
C0524894	['Trinucleotide Repeat Expansion']
C0541636	[]
C0544872	[]
C0544873	[]
C0544874	[]
C0544875	[]
C0544876	[]
C0544877	[]
C0544878	[]
C0544879	[]
C0544882	[]
C0544883	[]
C0544884	[]
C0544885	['Nonsense Mutation', 'nonsense mutation', 'Nonsense mutation', 'Nonsense Mutations', 'Nonsense']
C0544886	['Somatic Mutation', 'somatic mutation', 'Somatic mutation', 'somatic mutations']
C0544887	[]
C0544889	[]
C0544892	[]
C0544893	[]
C0544894	[]
C0544895	[]
C0544896	[]
C0544899	[]
C0544900	[]
C0544901	[]
C0544902	[]
C0544903	[]
C0544904	[]
C0544905	[]
C0544906	[]
C0544912	[]
C0544913	[]
C0544914	[]
C0544915	[]
C0544920	[]
C0544921	[]
C0544922	['Myelin figure']
C0544924	[]
C0544925	['axonal swelling', 'Axonal swelling']
C0544926	['Mitochondrial alteration']
C0544927	[]
C0544928	[]
C0544929	[]
C0544930	[]
C0544931	[]
C0544932	[]
C0544933	[]
C0544934	[]
C0544935	[]
C0544936	[]
C0544937	[]
C0544938	[]
C0544939	[]
C0544940	[]
C0544941	[]
C0544942	[]
C0544944	[]
C0544945	[]
C0544946	[]
C0544947	[]
C0544948	[]
C0544950	[]
C0544951	['Cytoplasmic accumulation', 'Cytoplasmic deposition']
C0544952	[]
C0544953	[]
C0544954	[]
C0544955	[]
C0544956	[]
C0544957	[]
C0544958	[]
C0544959	[]
C0544961	['Plasma membrane rupture']
C0544962	[]
C0544963	[]
C0544964	[]
C0544967	[]
C0544968	[]
C0544969	[]
C0544970	[]
C0544971	[]
C0544972	['Foot process fusion']
C0544973	[]
C0544974	[]
C0544975	[]
C0544976	[]
C0544977	[]
C0544981	[]
C0544991	[]
C0544992	[]
C0544993	[]
C0544994	[]
C0544995	[]
C0544996	[]
C0544997	[]
C0544998	[]
C0544999	[]
C0545000	['Elastic fiber alteration']
C0545001	[]
C0545002	[]
C0545003	[]
C0545004	[]
C0545006	[]
C0545007	[]
C0545008	[]
C0545009	[]
C0545010	[]
C0545011	[]
C0545012	['Extracellular matrix alteration']
C0545013	[]
C0545014	[]
C0545015	[]
C0545016	[]
C0545017	[]
C0545018	[]
C0545019	[]
C0545020	['Clasmatodendrosis']
C0545023	[]
C0545024	[]
C0545042	[]
C0546441	[]
C0546443	[]
C0546446	[]
C0546451	[]
C0555250	[]
C0596295	['cellular pathology']
C0596402	['cytotoxicity', 'Cytotoxicity']
C0596988	['mutant', 'Mutant', 'mutants']
C0597162	['paired helical filament', 'PHF']
C0597561	['temperature sensitive mutant']
C0597604	['transneuronal degeneration']
C0597845	[]
C0597944	[]
C0597945	[]
C0598093	[]
C0598172	['chromosome mutation', 'chromosome mutations']
C0598271	[]
C0598308	['clastogenesis']
C0598309	['genotoxicity', 'Genotoxicity']
C0599059	[]
C0599156	['transition mutation', 'Transition Mutation', 'Transition']
C0599157	['transversion mutation', 'Transversion']
C0599732	['cell damage', 'cell injury', 'cells damage']
C0600501	[]
C0795806	['Monosomy 3p']
C0795807	[]
C0795837	['Trisomy 10p']
C0795843	[]
C0795859	[]
C0805250	[]
C0805251	['BCL6 gene rearrangements']
C0805641	[]
C0805643	[]
C0807034	['MYC gene rearrangements']
C0808186	[]
C0852186	[]
C0852187	[]
C0852189	[]
C0870182	[]
C0870767	[]
C0872150	['DNA strand break', 'DNA Strand Break']
C0879455	['genetics of colorectal cancer']
C0887935	[]
C0919532	['Genome Instability', 'genome instability', 'Genomic Instabilities', 'Genomic Instability']
C0920269	['microsatellite instability', 'Microsatellite Instability', 'MSI']
C0920672	['virus pathogenesis']
C0948051	['Mitochondrial DNA deletion', 'Mitochondrial DNA deletions']
C0948447	['chromosomal mutation', 'Chromosomal mutation', 'chromosomal mutations']
C0969675	[]
C0969676	['Uniparental Isodisomy', 'Uniparental isodisomy']
C1115429	[]
C1168161	[]
C1257790	[]
C1257806	['chromosomal instability', 'Chromosomal Instability', 'Chromosomal instability', 'Chromosome instability', 'Chromosome Instability']
C1257899	['Genotoxic Stress', 'Genotoxic Stresses']
C1260900	[]
C1261265	[]
C1261266	[]
C1265899	[]
C1265901	[]
C1265902	[]
C1265903	[]
C1265904	[]
C1265909	[]
C1265910	[]
C1265911	[]
C1265912	[]
C1265913	[]
C1265914	[]
C1265918	[]
C1265919	[]
C1265920	[]
C1265921	[]
C1265922	[]
C1265925	[]
C1265926	['Focal cytologic atypia']
C1265927	[]
C1265982	[]
C1265983	[]
C1265993	[]
C1272644	['Fibrocystic change', 'fibrocystic change', 'fibrocystic changes', 'Fibrocystic changes']
C1279612	[]
C1288349	[]
C1298200	[]
C1298622	[]
C1298623	[]
C1298627	[]
C1298629	['epithelial cell abnormality', 'Epithelial cell abnormality']
C1302824	['Synovial metaplasia']
C1305143	['Hyperdiploid', 'Hyperdiploidy']
C1317225	[]
C1317226	[]
C1317439	[]
C1317977	['epithelialisation', 'epithelialization']
C1367969	['Epidermoid metaplasia']
C1385958	[]
C1385959	[]
C1385960	[]
C1389189	[]
C1389191	[]
C1392562	[]
C1392563	[]
C1392564	[]
C1392567	[]
C1392572	[]
C1392573	[]
C1392574	[]
C1392575	[]
C1392583	[]
C1395098	[]
C1395100	[]
C1395102	[]
C1401406	[]
C1401407	[]
C1401408	[]
C1406727	['Trisomy 21 Mosaicism']
C1407211	[]
C1407212	[]
C1440397	[]
C1440398	[]
C1442161	[]
C1456419	[]
C1506987	['MLL gene rearrangements', 'MLL Rearrangement']
C1507070	[]
C1507149	['Y chromosome deletion', 'Y chromosome deletions', 'Y chromosome microdeletions', 'Y-chromosome microdeletions']
C1507333	[]
C1507334	[]
C1510675	[]
C1510695	[]
C1510696	[]
C1510697	['ATM Gene Mutation']
C1510710	[]
C1510712	[]
C1510714	['Aberrant DNA Methylation']
C1511021	['BRAF gene mutation']
C1511022	['BRCA1 gene mutation', 'BRCA1 Mutation']
C1511023	[]
C1511024	['BRCA2 gene mutation', 'BRCA2 Mutation']
C1511025	[]
C1511041	['Balanced Chromosomal Translocation']
C1511065	[]
C1511111	[]
C1511183	[]
C1511354	[]
C1511355	[]
C1511357	[]
C1511408	[]
C1511413	[]
C1511414	[]
C1511418	[]
C1511424	[]
C1511428	[]
C1511429	[]
C1511430	[]
C1511431	[]
C1511432	[]
C1511442	[]
C1511444	[]
C1511450	[]
C1511473	['CEBPA gene mutation', 'CEBPA Mutation']
C1511577	[]
C1511578	[]
C1511579	[]
C1511581	[]
C1511660	['DNA Adduct Formation']
C1511665	['DNA Crosslink', 'DNA Crosslinking']
C1511667	['DNA Double Strand Break', 'Double-Strand DNA Break', 'Double-Strand DNA Breaks']
C1511674	[]
C1511675	[]
C1511690	[]
C1511698	['DNA Nick', 'DNA Nicks']
C1511706	['SMAD4 Inactivation']
C1511739	[]
C1511760	['Deletion Mutation', 'Deletion Mutations', 'deletion', 'Deletion']
C1511777	[]
C1511778	[]
C1511780	[]
C1512032	['Dominant Negative']
C1512047	['Double Minute Chromosome']
C1512110	[]
C1512116	['EGFR Amplification']
C1512117	[]
C1512143	[]
C1512144	[]
C1512145	[]
C1512146	[]
C1512147	[]
C1512148	[]
C1512149	[]
C1512153	[]
C1512154	[]
C1512155	[]
C1512292	[]
C1512312	[]
C1512320	[]
C1512323	[]
C1512324	[]
C1512430	['high-frequency microsatellite instability', 'microsatellite instability high', 'Microsatellite Instability-High', 'MSI-H']
C1512486	[]
C1512559	[]
C1512572	[]
C1512586	[]
C1512601	[]
C1512680	[]
C1512695	[]
C1513157	[]
C1513278	[]
C1513331	[]
C1513399	[]
C1513476	[]
C1513477	[]
C1513478	[]
C1513479	[]
C1513480	[]
C1513481	[]
C1513482	[]
C1513483	['Monosomy 7']
C1513484	[]
C1513485	[]
C1513808	['NRAS gene mutation']
C1513833	[]
C1513834	[]
C1513852	[]
C1513855	[]
C1513856	[]
C1514212	['Polysomy']
C1514213	[]
C1514214	['Polysomy 17']
C1514215	[]
C1514394	[]
C1514542	[]
C1514638	[]
C1514640	[]
C1514641	[]
C1514646	[]
C1514683	[]
C1514688	['Radiation-Induced DNA Damage']
C1514745	[]
C1514746	[]
C1514747	[]
C1514748	[]
C1514749	[]
C1514750	[]
C1514751	[]
C1514752	[]
C1514753	[]
C1514754	[]
C1514850	['Replication Error', 'RER']
C1515001	['Chromosomal Rearrangement', 'Chromosomal Rearrangements', 'Rearrangement']
C1515143	[]
C1515154	[]
C1515155	[]
C1515156	[]
C1515157	[]
C1515158	[]
C1515159	[]
C1515160	[]
C1515162	[]
C1515171	[]
C1515172	[]
C1515178	[]
C1515179	[]
C1515263	['Shortened telomeres', 'Telomere Shortening']
C1515336	[]
C1515337	[]
C1515338	[]
C1515559	[]
C1515560	['HER2 protein overexpression']
C1515561	[]
C1515562	['MYC Amplification']
C1515569	[]
C1515570	[]
C1515571	[]
C1515572	[]
C1515573	[]
C1515574	[]
C1515575	[]
C1515576	[]
C1515577	[]
C1515578	[]
C1515579	[]
C1515581	[]
C1515582	['del(13q14)']
C1515583	[]
C1515584	[]
C1515585	[]
C1515586	['del(16)(q22)']
C1515587	[]
C1515588	['del(17)(p13)', 'del(17p13)']
C1515589	[]
C1515590	[]
C1515591	[]
C1515592	['1p36 Deletion']
C1515593	[]
C1515594	[]
C1515595	[]
C1515597	[]
C1515598	[]
C1515599	[]
C1515600	[]
C1515601	['del(6q21)']
C1515602	[]
C1515603	[]
C1515604	[]
C1515605	[]
C1515606	[]
C1515607	[]
C1515608	[]
C1515609	[]
C1515610	[]
C1515611	[]
C1515612	[]
C1515613	[]
C1515614	[]
C1515615	[]
C1515616	[]
C1515617	[]
C1515642	[]
C1515643	[]
C1515644	[]
C1515645	[]
C1515647	['i(12p)', 'isochromosome 12p']
C1515648	['i(17q)', 'Isochromosome 17q']
C1515649	[]
C1515650	[]
C1515651	['i(7q)']
C1515652	[]
C1515658	[]
C1515659	[]
C1515660	[]
C1515661	[]
C1515663	[]
C1515664	[]
C1515665	[]
C1515666	['inv(3)(q21q26.2)']
C1515667	[]
C1515674	[]
C1515675	[]
C1515676	[]
C1515701	[]
C1515702	[]
C1515703	[]
C1515704	[]
C1515705	['t(11;14)(q13;q32)']
C1515706	[]
C1515707	[]
C1515708	['t(11;17)(q23;q21)']
C1515709	['t(11;18)(q21;q21)']
C1515710	['t(11;19)(q23;p13.1)']
C1515711	['t(11;19)(q23;p13.3)']
C1515712	['t(11;22)(p13;q12)']
C1515713	['t(11;22)(q24;q12)']
C1515714	[]
C1515716	[]
C1515717	['t(12;21)(p13;q22)']
C1515718	[]
C1515719	[]
C1515720	[]
C1515721	[]
C1515722	['t(14;18)(q32;q21)']
C1515723	[]
C1515724	['t(15;17)(q22;q12)', 't(15;17)(q22;q21)', 't(15;17)(q24;q21)']
C1515726	[]
C1515727	[]
C1515729	[]
C1515730	[]
C1515731	[]
C1515732	[]
C1515733	[]
C1515734	[]
C1515736	['t(1;14)(p22;q32)']
C1515737	[]
C1515738	[]
C1515739	[]
C1515740	[]
C1515741	['t(1;22)(p13;q13)']
C1515742	[]
C1515743	[]
C1515744	[]
C1515745	[]
C1515747	[]
C1515748	[]
C1515749	[]
C1515750	[]
C1515751	[]
C1515752	['t(2;13)(q35;q14)']
C1515753	[]
C1515754	['t(2;18)(p12;q21)']
C1515755	[]
C1515756	[]
C1515757	['t(2;5)(p23;q35)']
C1515758	[]
C1515759	[]
C1515760	[]
C1515761	[]
C1515762	[]
C1515763	[]
C1515764	['t(3;3)(q21;q26.2)']
C1515765	[]
C1515766	[]
C1515767	[]
C1515768	[]
C1515769	['t(4;11)(q21;q23)']
C1515770	[]
C1515771	[]
C1515772	[]
C1515773	[]
C1515774	[]
C1515775	['t(5;14)(q31;q32)']
C1515777	[]
C1515778	['t(6;11)(p21;q12)']
C1515779	['t(6;11)(q27;q23)']
C1515780	[]
C1515781	['t(6;9)(p23;q34)', 't(6;9)(p23;q34.1)']
C1515782	[]
C1515783	['t(7;11)(p15;p15)']
C1515784	[]
C1515785	[]
C1515786	[]
C1515787	[]
C1515788	[]
C1515789	[]
C1515790	[]
C1515791	[]
C1515792	['t(8;14)(q24;q32)']
C1515793	[]
C1515794	['t(8;21)(q22;q22)']
C1515795	['t(8;22)(p11;q11)']
C1515796	[]
C1515797	['t(8;22)(q24;q11)']
C1515798	[]
C1515799	[]
C1515800	['t(9;11)(p21.3;q23.3)', 't(9;11)(p22;q23)']
C1515801	[]
C1515802	[]
C1515803	[]
C1515804	['t(9;14)(p13;q32)']
C1515805	[]
C1515806	[]
C1515807	[]
C1515808	[]
C1515809	['t(9;22)(q34.1;q11.2)', 't(9;22)(q34;q11)', 't(9;22)(q34;q11.2)']
C1515811	[]
C1515812	[]
C1515813	[]
C1515814	['t(X;18)(p11;q11)']
C1515815	[]
C1515816	[]
C1515817	[]
C1515843	[]
C1515845	[]
C1515851	[]
C1515852	['RUNX1 gene mutation']
C1515857	[]
C1516046	[]
C1516129	[]
C1516130	[]
C1516131	[]
C1516132	[]
C1516133	[]
C1516134	[]
C1516135	[]
C1516197	['Cancer Gene Mutation']
C1516309	[]
C1516310	[]
C1516331	[]
C1516360	[]
C1516373	['Cellular Stress']
C1516516	['Chromosome Duplication', 'chromosome duplication', 'duplication of chromosome']
C1516517	[]
C1516518	[]
C1516519	[]
C1516663	[]
C1516664	[]
C1516665	[]
C1516666	[]
C1516672	[]
C1516673	[]
C1516674	[]
C1516675	[]
C1516676	[]
C1516678	[]
C1516679	[]
C1516680	[]
C1516823	[]
C1517085	[]
C1517086	[]
C1517087	[]
C1517090	['FGFR1 Amplification']
C1517091	[]
C1517092	['FGFR2 Amplification']
C1517095	[]
C1517097	[]
C1517099	[]
C1517100	[]
C1517296	[]
C1517297	[]
C1517298	[]
C1517332	[]
C1517379	[]
C1517380	[]
C1517381	[]
C1517382	[]
C1517383	[]
C1517384	[]
C1517385	[]
C1517386	[]
C1517387	[]
C1517388	[]
C1517389	[]
C1517390	[]
C1517391	[]
C1517392	[]
C1517393	[]
C1517394	[]
C1517395	[]
C1517396	[]
C1517397	[]
C1517398	[]
C1517399	[]
C1517400	[]
C1517401	[]
C1517402	[]
C1517403	[]
C1517404	[]
C1517405	[]
C1517406	[]
C1517407	[]
C1517408	[]
C1517409	[]
C1517410	[]
C1517411	[]
C1517412	[]
C1517413	[]
C1517414	[]
C1517415	[]
C1517416	[]
C1517417	[]
C1517418	[]
C1517419	[]
C1517420	[]
C1517421	[]
C1517422	[]
C1517423	[]
C1517424	[]
C1517425	[]
C1517426	[]
C1517427	[]
C1517428	[]
C1517429	[]
C1517430	[]
C1517478	[]
C1517546	[]
C1517604	[]
C1517615	[]
C1517616	[]
C1517617	[]
C1517648	[]
C1517684	[]
C1517694	[]
C1517695	[]
C1517946	['del(1)']
C1517947	[]
C1517948	[]
C1517949	[]
C1517950	['-11', 'del(11)']
C1517952	['11q Deletion', 'del(11q)']
C1517953	[]
C1517954	[]
C1517955	['12p del', '12p deletion', '12p-']
C1517956	[]
C1517957	['del(13)']
C1517959	[]
C1517960	[]
C1517961	['del(16)']
C1517962	[]
C1517963	['del(16q)']
C1517964	['del(17)']
C1517965	['del(17p)']
C1517966	[]
C1517967	['del(18)']
C1517968	[]
C1517969	[]
C1517970	[]
C1517971	[]
C1517972	[]
C1517973	['del(2)']
C1517974	['del(20q)']
C1517975	[]
C1517976	[]
C1517977	[]
C1517978	[]
C1517979	[]
C1517980	[]
C1517981	['3p Deletion']
C1517982	[]
C1517983	['del(4)']
C1517984	[]
C1517985	['-5']
C1517986	['del(6)']
C1517987	[]
C1517988	['del(6q)']
C1517989	['-7', 'del(7)']
C1517990	['del(7q)']
C1517991	['del(8)']
C1517992	['del(8p)']
C1517993	[]
C1517994	['del(9p)']
C1517995	['del(9q)']
C1517996	['del(X)']
C1517997	['del(Y)']
C1517998	[]
C1517999	[]
C1518003	['MSI-L']
C1518116	['MDM2 gene amplification']
C1518117	[]
C1518120	[]
C1518121	[]
C1518126	[]
C1518127	[]
C1518128	[]
C1518129	[]
C1518130	[]
C1518131	[]
C1518132	[]
C1518141	[]
C1518142	[]
C1518144	[]
C1518146	[]
C1518432	[]
C1518472	[]
C1518521	[]
C1518575	[]
C1518576	[]
C1518761	['Oxidative Stress Induction']
C1518770	[]
C1518776	[]
C1518778	[]
C1518782	[]
C1518783	[]
C1518795	[]
C1518796	[]
C1518798	[]
C1518799	[]
C1518800	[]
C1518813	[]
C1518824	[]
C1518828	[]
C1518830	[]
C1518911	['Mutagenic Process']
C1519099	['Ring chromosome 1', 'Ring Chromosome 1']
C1519156	[]
C1519157	[]
C1519158	[]
C1519160	[]
C1519314	[]
C1519481	[]
C1519651	['Mosaic trisomy 16', 'Trisomy 16']
C1519652	[]
C1519654	[]
C1519668	[]
C1519669	[]
C1519745	['UV Mutagenesis']
C1519758	['Unbalanced Translocation']
C1519759	[]
C1519884	[]
C1520002	[]
C1520115	[]
C1520120	['Warburg Effect']
C1520220	[]
C1521461	['5q-', 'del(5q)']
C1522020	['MYCN gene amplification']
C1545608	[]
C1564391	[]
C1627934	[]
C1659983	[]
C1705285	['Genetic Alteration', 'Genetic Change', 'Mutated', 'mutation', 'Mutation']
C1705687	['Inversion']
C1705736	['Gene Fusion']
C1705759	['Amplification', 'Gene Amplification']
C1705960	['Duplication', 'Gene Duplication']
C1706394	[]
C1706395	['Truncation']
C1706659	[]
C1706716	[]
C1706717	[]
C1706718	[]
C1706803	['Amyloidogenesis']
C1706884	[]
C1706890	[]
C1707138	[]
C1707604	[]
C1707605	[]
C1707606	[]
C1707611	[]
C1707869	[]
C1708022	[]
C1708028	[]
C1708029	[]
C1708030	[]
C1708142	[]
C1708164	[]
C1708165	[]
C1708166	[]
C1708167	[]
C1708168	[]
C1708169	[]
C1708170	[]
C1708260	[]
C1708261	[]
C1708262	[]
C1708263	[]
C1708292	[]
C1708741	[]
C1708742	['3q Deletion', 'del(3q)']
C1708818	[]
C1708833	[]
C1708844	[]
C1709046	[]
C1709051	[]
C1709071	['Monosomy 3']
C1709092	[]
C1709093	['Transition Mutations']
C1709094	[]
C1709126	['NF2 Mutation']
C1709386	[]
C1709396	[]
C1709419	[]
C1709556	[]
C1709742	[]
C1709805	[]
C1709808	[]
C1709812	[]
C1709815	['RET gene rearrangements', 'RET Rearrangement']
C1709929	[]
C1709980	[]
C1709981	[]
C1709982	[]
C1709998	[]
C1709999	[]
C1710288	[]
C1710315	[]
C1710329	[]
C1710347	['Variable Number Tandem Repeat']
C1710404	[]
C1710405	[]
C1710406	[]
C1710467	[]
C1710523	[]
C1710592	[]
C1711106	['MET Amplification', 'MET gene amplification', 'MET Gene Amplification']
C1711107	[]
C1711143	[]
C1711144	[]
C1711145	[]
C1711146	[]
C1711147	[]
C1711148	[]
C1711149	[]
C1711150	['t(3;14)(p14.1;q32)']
C1711151	[]
C1711152	[]
C1711153	[]
C1711154	[]
C1711155	[]
C1711217	[]
C1711250	[]
C1711282	[]
C1711291	[]
C1711321	[]
C1711324	[]
C1711381	['RET gene mutation', 'RET Gene Mutation']
C1711431	[]
C1711435	[]
C1721093	[]
C1721098	[]
C1721103	[]
C1848794	[]
C1859091	[]
C1860127	['T cell dysfunction', 'T-cell dysfunction']
C1861242	[]
C1953587	[]
C1954142	[]
C1955829	['Gene Insertion', 'Gene Insertions']
C2004480	['Macrocytosis']
C2347241	[]
C2348499	['FLT3 Internal Tandem Duplication', 'FLT3 ITD', 'FLT3-ITD Mutation', 'FLT3-ITD']
C2348500	[]
C2348501	[]
C2598787	[]
C2599609	[]
C2599786	[]
C2697646	[]
C2697943	['1p/19q Codeletion']
C2699012	[]
C2699013	[]
C2699014	[]
C2699201	[]
C2699203	[]
C2699332	[]
C2707644	['PDGFRA Rearrangement']
C2718000	[]
C2718060	[]
C2734713	[]
C2735292	[]
C2735824	[]
C2735826	[]
C2825735	[]
C2825750	[]
C2825843	['ALK gene mutation']
C2825844	[]
C2826105	[]
C2826126	[]
C2826127	[]
C2826175	['NPM1 gene mutation', 'NPM1 Gene Mutation', 'NPM1 Mutation']
C2826327	['PTPN11 gene mutation', 'PTPN11 Mutation']
C2827253	[]
C2827310	[]
C2827348	['JAK2 Mutation']
C2827357	[]
C2827358	[]
C2827366	[]
C2828339	['t(16;16)(p13.1;q22)', 't(16;16)(p13;q22)']
C2910368	[]
C2910369	[]
C2910372	[]
C2910373	[]
C2930745	['Partial Monosomy']
C2930823	[]
C2930881	[]
C2930882	[]
C2930883	[]
C2930884	[]
C2930885	[]
C2930886	[]
C2930887	[]
C2930888	[]
C2930905	[]
C2930906	[]
C2930907	[]
C2930909	[]
C2930910	[]
C2930913	['13q Deletion', 'Chromosome 13q deletion', 'del(13q)', 'Deletion 13q']
C2930915	[]
C2930916	[]
C2930942	[]
C2930943	[]
C2930944	[]
C2930945	[]
C2930946	[]
C2931164	[]
C2931165	[]
C2931198	[]
C2931199	[]
C2931247	[]
C2931250	[]
C2931304	[]
C2931305	[]
C2931306	[]
C2931310	[]
C2931311	[]
C2931312	[]
C2931313	[]
C2931324	[]
C2931325	[]
C2931328	[]
C2931329	[]
C2931330	[]
C2931331	[]
C2931334	[]
C2931335	[]
C2931336	[]
C2931337	[]
C2931338	['3q13 microdeletion syndrome']
C2931339	[]
C2931340	[]
C2931341	[]
C2931383	[]
C2931422	[]
C2931423	[]
C2931554	[]
C2931555	[]
C2931556	[]
C2931557	[]
C2931558	[]
C2931560	[]
C2931564	[]
C2931566	[]
C2931567	[]
C2931568	[]
C2931569	[]
C2931571	[]
C2931572	[]
C2931573	[]
C2931574	[]
C2931575	[]
C2931576	[]
C2931583	[]
C2931584	[]
C2931602	[]
C2931604	[]
C2931605	[]
C2931606	[]
C2931619	[]
C2931620	[]
C2931621	[]
C2931622	['Ring chromosome 7']
C2931623	[]
C2931624	[]
C2931625	[]
C2931627	[]
C2931628	[]
C2931629	[]
C2931630	[]
C2931632	[]
C2931633	[]
C2931635	[]
C2931636	[]
C2931637	[]
C2931669	['trisomy 8 mosaicism']
C2931670	[]
C2931671	[]
C2931692	[]
C2931693	[]
C2931694	[]
C2931696	[]
C2931697	[]
C2931698	[]
C2931699	[]
C2931700	[]
C2931701	[]
C2931702	[]
C2931703	[]
C2931705	[]
C2931706	[]
C2931708	[]
C2931711	[]
C2931712	[]
C2931713	[]
C2931714	[]
C2931715	[]
C2931723	[]
C2931724	[]
C2931725	[]
C2931726	[]
C2931727	['Ring chromosome 10']
C2931729	[]
C2931730	[]
C2931731	[]
C2931774	[]
C2931793	[]
C2931795	[]
C2931796	[]
C2931798	[]
C2931799	[]
C2931800	[]
C2931801	[]
C2931804	[]
C2931805	[]
C2931806	[]
C2931807	[]
C2931808	[]
C2931809	['Ring Chromosome 18']
C2931810	[]
C2931811	[]
C2931812	[]
C2931813	[]
C2931814	[]
C2931815	[]
C2931816	[]
C2931860	[]
C2932665	[]
C2936267	['Haploinsufficiency']
C2936830	['Trisomy 13']
C2936831	[]
C2936878	[]
C2937262	[]
C2960193	[]
C2983087	[]
C2983088	[]
C2983135	[]
C2984891	['Activating EGFR Mutation', 'EGFR Activating Mutation']
C2985434	['disease-causing mutation']
C2985435	['Founder Mutation', 'founder mutation']
C2985436	['Deleterious Mutation', 'deleterious mutation', 'Deleterious', 'Driver Mutation']
C2985437	['null allele']
C2985438	['Novel Mutation', 'novel mutation']
C2985439	['de novo Mutation', 'de novo mutation', 'new mutation']
C2986942	['t(4;14)']
C2986943	['t(14;16)']
C3172044	[]
C3174418	[]
C3174419	[]
C3174420	[]
C3178870	['Endoplasmic Reticulum Stress', 'Stress, Endoplasmic Reticulum']
C3260038	[]
C3263620	['FMR1 gene premutation']
C3266989	[]
C3266990	['KIT gene mutation']
C3266991	[]
C3266992	['EGFR gene mutation', 'EGFR Gene Mutation', 'Epidermal Growth Factor Receptor Gene Mutation']
C3266993	[]
C3266994	[]
C3266995	[]
C3266996	[]
C3266997	[]
C3266998	[]
C3266999	[]
C3267000	[]
C3267001	['PTEN gene mutation', 'PTEN Mutation']
C3267002	[]
C3267004	[]
C3267005	[]
C3267006	[]
C3267069	[]
C3267161	[]
C3267162	[]
C3272693	[]
C3272694	['PIK3CA Gene Mutation', 'PIK3CA Mutation']
C3272807	[]
C3272842	[]
C3272843	[]
C3273013	[]
C3273083	[]
C3273084	[]
C3273085	[]
C3273086	[]
C3273087	[]
C3273088	['PDGFRA Amplification']
C3273253	['Complex Karyotype']
C3273255	['Unmutated IGHV']
C3273351	['EZH2 gene mutation']
C3273352	[]
C3273353	['ASXL1 gene mutation', 'ASXL1 Gene Mutation']
C3273703	[]
C3273704	['amino acid change']
C3273951	[]
C3273952	[]
C3273953	['AKT1 c.49G>A']
C3273954	['AKT1 E17K']
C3273955	[]
C3273956	[]
C3273957	[]
C3273958	[]
C3273959	[]
C3273960	[]
C3273961	[]
C3273962	[]
C3273963	[]
C3273964	['BRAF G469A']
C3273965	[]
C3273966	[]
C3273967	[]
C3273968	[]
C3273969	[]
C3273970	[]
C3273971	[]
C3273972	[]
C3273973	[]
C3273974	[]
C3273975	['BRAF G469V']
C3273976	[]
C3273977	[]
C3273978	['BRAF L597Q']
C3273979	[]
C3273980	[]
C3273981	[]
C3273982	[]
C3273983	[]
C3273984	[]
C3273985	[]
C3273986	[]
C3273987	[]
C3273988	[]
C3273989	[]
C3273990	['BRAF p.V600E', 'BRAF V600E Mutation', 'BRAF V600E']
C3273991	[]
C3273992	['BRAF c.1799T>A']
C3273993	[]
C3273994	[]
C3273995	['BRAF V600K']
C3273996	[]
C3273997	[]
C3273998	[]
C3273999	['BRAF V600M']
C3274000	[]
C3274001	[]
C3274002	[]
C3274003	[]
C3274004	[]
C3274005	[]
C3274006	[]
C3274007	[]
C3274008	[]
C3274009	[]
C3274010	['KRAS G12A', 'KRAS p.G12A']
C3274011	[]
C3274012	['KRAS G12C Mutation', 'KRAS G12C', 'KRAS p.G12C']
C3274013	['KRAS c.34G>T']
C3274015	[]
C3274016	['KRAS G12D', 'KRAS p.G12D']
C3274017	[]
C3274018	[]
C3274019	[]
C3274020	[]
C3274021	[]
C3274022	['KRAS G12F']
C3274023	[]
C3274024	[]
C3274025	[]
C3274026	[]
C3274027	[]
C3274028	[]
C3274030	[]
C3274032	[]
C3274033	['KRAS G12R']
C3274034	[]
C3274036	['KRAS p.G12S']
C3274037	[]
C3274038	['KRAS G12V', 'KRAS p.G12V']
C3274039	['KRAS c.35G>T']
C3274040	[]
C3274041	[]
C3274042	[]
C3274043	[]
C3274044	[]
C3274046	[]
C3274048	[]
C3274049	[]
C3274050	[]
C3274051	['KRAS G13D', 'KRAS p.G13D']
C3274052	[]
C3274053	[]
C3274054	[]
C3274055	[]
C3274056	[]
C3274057	[]
C3274058	[]
C3274059	[]
C3274060	[]
C3274061	[]
C3274062	['KRAS p.G13R']
C3274063	[]
C3274064	[]
C3274065	[]
C3274066	[]
C3274067	[]
C3274068	[]
C3274069	[]
C3274070	[]
C3274071	[]
C3274072	[]
C3274073	[]
C3274074	['KRAS Q61H']
C3274075	[]
C3274076	[]
C3274077	[]
C3274078	[]
C3274079	[]
C3274080	[]
C3274081	[]
C3274082	[]
C3274083	[]
C3274084	[]
C3274085	['KRAS Q61R']
C3274086	[]
C3274087	[]
C3274088	[]
C3274089	[]
C3274090	[]
C3274091	[]
C3274092	[]
C3274093	['NRAS p.Q61K', 'NRAS Q61K']
C3274094	[]
C3274095	[]
C3274096	[]
C3274097	['NRAS Q61L']
C3274098	[]
C3274099	[]
C3274100	[]
C3274101	[]
C3274102	[]
C3274103	[]
C3274104	['NRAS p.Q61R', 'NRAS Q61R']
C3274105	[]
C3274106	[]
C3274107	[]
C3274108	[]
C3274109	['PIK3CA p.E545A']
C3274110	[]
C3274111	[]
C3274112	[]
C3274113	[]
C3274114	[]
C3274115	[]
C3274116	['PIK3CA E545K', 'PIK3CA p.E545K']
C3274117	[]
C3274118	[]
C3274119	[]
C3274120	[]
C3274121	[]
C3274122	['PIK3CA E542K']
C3274123	[]
C3274124	[]
C3274125	[]
C3274126	[]
C3274127	[]
C3274128	[]
C3274129	[]
C3274130	[]
C3274131	[]
C3274132	['PIK3CA H1047R']
C3274133	['PIK3CA c.3140A>G']
C3274134	[]
C3274135	[]
C3274179	[]
C3274180	[]
C3274181	[]
C3274182	[]
C3274183	[]
C3274184	[]
C3274185	[]
C3274186	['EGFR L861Q']
C3274187	[]
C3274188	[]
C3274189	[]
C3274190	[]
C3274191	[]
C3274192	['EGFR p.T790M', 'EGFR T790M', 'EGFR Thr790Met', 'T790M']
C3274193	[]
C3274194	[]
C3274195	[]
C3274196	[]
C3274197	[]
C3274198	[]
C3274199	[]
C3274200	[]
C3274201	[]
C3274202	[]
C3274203	[]
C3274204	['EGFR L858R', 'EGFR p.L858R']
C3274205	[]
C3274206	[]
C3274207	[]
C3274208	[]
C3274209	['EGFR G719A']
C3274210	[]
C3274211	['EGFR G719C']
C3274212	[]
C3274213	[]
C3274214	[]
C3274215	[]
C3274216	['EGFR G719S']
C3274217	[]
C3274218	[]
C3274219	[]
C3274220	[]
C3274221	[]
C3274222	[]
C3274223	[]
C3274224	[]
C3274225	[]
C3274226	['EGFR p.E746_A750del']
C3274227	[]
C3274228	[]
C3274229	[]
C3274230	[]
C3274231	[]
C3274232	[]
C3274233	[]
C3274234	['EGFR p.E746_S752del']
C3274235	[]
C3274236	[]
C3274237	[]
C3274238	[]
C3274239	[]
C3274240	[]
C3274241	['EGFR L747_A755del']
C3274242	[]
C3274243	[]
C3274244	[]
C3274245	[]
C3274246	[]
C3274247	[]
C3274248	[]
C3274249	[]
C3274250	[]
C3274251	[]
C3274252	[]
C3274253	[]
C3274254	[]
C3274255	[]
C3274256	[]
C3274257	[]
C3274258	[]
C3274259	[]
C3274260	[]
C3274261	[]
C3274262	[]
C3274263	[]
C3274264	[]
C3274265	[]
C3274266	[]
C3274267	[]
C3274268	[]
C3274269	[]
C3274270	[]
C3274271	[]
C3274272	[]
C3274274	[]
C3274276	[]
C3274277	[]
C3274278	[]
C3274279	[]
C3274282	[]
C3274283	[]
C3274284	[]
C3274286	[]
C3274287	[]
C3274288	[]
C3274289	[]
C3274290	[]
C3274291	[]
C3274292	[]
C3274293	[]
C3274294	[]
C3274295	[]
C3274296	[]
C3274297	[]
C3274298	[]
C3274299	[]
C3274300	[]
C3274302	[]
C3274303	[]
C3274304	[]
C3274305	[]
C3274306	[]
C3274307	[]
C3274308	[]
C3274309	[]
C3274311	[]
C3274312	[]
C3274313	[]
C3274314	[]
C3274315	[]
C3274316	[]
C3274317	[]
C3274318	[]
C3274319	[]
C3274320	[]
C3274321	[]
C3274322	[]
C3274323	[]
C3274324	[]
C3274325	[]
C3274326	[]
C3274327	[]
C3274328	[]
C3274329	[]
C3274330	[]
C3274331	[]
C3274332	[]
C3274333	[]
C3274334	[]
C3274335	[]
C3274341	[]
C3274342	[]
C3274343	[]
C3274344	[]
C3274345	[]
C3274346	[]
C3274347	[]
C3274348	[]
C3274349	[]
C3274350	[]
C3274351	[]
C3274352	[]
C3274353	[]
C3274354	[]
C3274355	[]
C3274356	[]
C3274357	[]
C3274358	[]
C3274359	[]
C3274360	[]
C3274361	[]
C3274362	[]
C3274363	[]
C3274364	[]
C3274365	[]
C3274366	[]
C3274367	[]
C3274368	[]
C3274369	[]
C3274725	[]
C3275162	[]
C3275198	[]
C3476547	[]
C3476548	[]
C3476549	[]
C3476550	[]
C3476551	[]
C3476552	[]
C3476553	[]
C3476555	[]
C3476556	[]
C3476557	[]
C3476558	[]
C3476559	[]
C3476560	[]
C3476561	[]
C3476562	[]
C3476563	[]
C3476564	[]
C3476565	[]
C3476567	[]
C3476568	[]
C3476569	[]
C3476570	[]
C3476572	[]
C3476573	[]
C3476574	[]
C3476575	[]
C3476576	[]
C3476577	[]
C3476578	[]
C3476579	[]
C3476580	[]
C3476581	[]
C3476582	[]
C3476583	[]
C3476586	[]
C3476588	[]
C3476590	[]
C3476591	[]
C3476592	[]
C3476593	[]
C3484275	[]
C3484309	[]
C3510471	[]
C3510472	[]
C3533011	[]
C3534089	[]
C3534348	[]
C3534349	[]
C3534382	[]
C3534383	[]
C3534384	[]
C3534385	[]
C3536727	['Triploid', 'Triploidy']
C3536796	[]
C3537048	['Trisomy 18']
C3537167	['Chromosome 21 trisomy', 'Trisomy 21', 'Trisomy-21']
C3540535	['EGFRvIII']
C3550263	[]
C3640004	[]
C3640153	[]
C3641849	[]
C3641850	['KIT Exon 9 Mutation']
C3641851	[]
C3656149	[]
C3656150	[]
C3656151	[]
C3656837	[]
C3656838	[]
C3656839	[]
C3661485	[]
C3670547	[]
C3683846	[]
C3686488	[]
C3686873	[]
C3697479	[]
C3714101	[]
C3804995	[]
C3811055	['ABD']
C3812172	['BRAF V600 Mutation']
C3827240	['PDGFRA D842V', 'PDGFRA p.D842V']
C3827293	[]
C3827386	[]
C3827870	['t(9;11)']
C3827872	['t(14;16)(q32;q23)']
C3828556	[]
C3828557	[]
C3828558	[]
C3828626	[]
C3828627	[]
C3828750	[]
C3828751	[]
C3828752	[]
C3828843	['Near-Haploid', 'Near-Haploidy']
C3829001	['MLL-PTD']
C3829059	[]
C3829182	[]
C3829363	['KRAS Q61X']
C3829364	['KRAS A146 Mutation']
C3829469	[]
C3829470	[]
C3829471	['JAK2 p.V617F', 'JAK2 V617F', 'Janus Kinase 2 V617F']
C3829472	[]
C3829473	[]
C3829474	[]
C3829475	[]
C3829476	[]
C3829477	[]
C3829478	[]
C3829508	['inv(3)']
C3829560	[]
C3830129	[]
C3830130	[]
C3830131	[]
C3830132	[]
C3830133	[]
C3830134	[]
C3830135	[]
C3830136	[]
C3830137	[]
C3830138	[]
C3830139	[]
C3830140	[]
C3830141	[]
C3830142	[]
C3830143	[]
C3830144	[]
C3830145	[]
C3830146	[]
C3830332	['EGFR G719X']
C3831388	[]
C3838913	[]
C3840172	[]
C3842280	[]
C3845271	['Deletion-Insertion', 'delins', 'Insertion and Deletion', 'Insertion/Deletion']
C3869503	[]
C3869512	[]
C3869535	[]
C3869817	[]
C3869818	[]
C3869819	[]
C3869893	['I62V']
C3869894	['V31I']
C3869895	[]
C3869896	[]
C3869897	[]
C3869898	[]
C3869899	[]
C3874276	['Syringometaplasia']
C3875252	[]
C3888138	['Monosomy X']
C3888558	['VKORC1 gene polymorphism']
C3888630	[]
C3888903	[]
C3888906	[]
C3888913	[]
C3888914	[]
C3888915	[]
C3888919	['BCR-ABL T315I mutation']
C3888961	[]
C3889036	['T315I mutation']
C3889117	['EGFR exon 19 deletion']
C3897100	[]
C3897138	['t(9;22)']
C3897139	['t(8;21)']
C3897140	[]
C3897141	['t(1;14)']
C3897142	['t(14;20)']
C3897143	[]
C3897144	['inv(16)']
C3897145	['inv(16)(p13.1q22)', 'inv(16)(p13q22)']
C3897209	[]
C3897377	[]
C3897378	['TSC1 Mutation']
C3897380	['P53 Gene Mutation', 'p53 Mutation', 'TP53 gene mutation', 'TP53']
C3898042	['PMS2 mutation']
C3898046	[]
C3898047	[]
C3898048	[]
C3898206	['NF1 Mutation']
C3898500	['MSH6 mutation']
C3898547	['MLH1 mutation']
C3898552	[]
C3898575	[]
C3898642	['KRAS G13X']
C3898643	[]
C3898644	[]
C3898646	[]
C3898659	['JAK2 p.V617', 'JAK2 V617']
C3898660	[]
C3898661	[]
C3898822	['IDH2 p.R172', 'IDH2 R172']
C3898823	['IDH2 R140']
C3898824	['IDH2 Gene Mutation', 'IDH2 Mutation']
C3898825	[]
C3898826	['IDH1 p.R132', 'IDH1 R132']
C3898827	['IDH1 gene mutation', 'IDH1 Mutation']
C3899165	[]
C3899173	[]
C3899174	[]
C3899176	['FAP Mutation']
C3899399	[]
C3899479	['NPMc']
C3899762	[]
C3899763	[]
C3899966	[]
C3899967	[]
C3899968	[]
C4021848	[]
C4021899	[]
C4022557	[]
C4022856	[]
C4022976	[]
C4023351	[]
C4023594	[]
C4023595	[]
C4023604	[]
C4023618	[]
C4025613	[]
C4025639	[]
C4025672	[]
C4034370	[]
C4034666	[]
C4034667	[]
C4034668	[]
C4035082	[]
C4038432	[]
C4038433	[]
C4038434	[]
C4038463	[]
C4039109	[]
C4049599	['Homologous Recombination Deficiency', 'Homologous Recombination Repair Deficiency']
C4050123	['DNA Damage Repair Deficiency']
C4053730	[]
C4053741	[]
C4053784	[]
C4053812	[]
C4053813	[]
C4053814	[]
C4053815	[]
C4053816	[]
C4053817	[]
C4053818	['t(12;15)(p13;q25)']
C4053819	[]
C4053855	[]
C4054426	[]
C4054667	['LST']
C4055102	[]
C4055343	[]
C4055395	[]
C4068046	[]
C4068047	[]
C4068048	[]
C4068049	[]
C4068050	[]
C4068107	[]
C4068124	[]
C4071766	[]
C4072740	[]
C4072747	[]
C4072757	[]
C4072758	[]
C4072760	[]
C4072761	[]
C4072763	[]
C4072764	[]
C4072931	[]
C4072932	[]
C4086112	[]
C4086254	['EGFR Exon 20 Insertion Mutation']
C4086255	[]
C4086256	[]
C4086503	[]
C4086510	[]
C4086511	[]
C4086524	['iAMP21']
C4086609	[]
C4086836	[]
C4227845	[]
C4262992	[]
C4262995	[]
C4262997	[]
C4262998	[]
C4262999	[]
C4263000	[]
C4263001	[]
C4263002	[]
C4263003	[]
C4263004	[]
C4263005	[]
C4263006	[]
C4263191	[]
C4263199	[]
C4263214	[]
C4263215	[]
C4263272	[]
C4263274	[]
C4263276	[]
C4263561	[]
C4267719	[]
C4267720	[]
C4267756	[]
C4267757	[]
C4267778	[]
C4267779	[]
C4277538	['Chromothripsis']
C4280020	['Synthetic Lethality']
C4280709	[]
C4281741	['Mesangial hypercellularity']
C4283806	[]
C4283807	['MSH2 mutation']
C4284416	['MPL W515K']
C4284417	['MPL W515L']
C4285107	['F2 G20210A', 'Prothrombin G20210A']
C4285664	[]
C4285733	[]
C4285852	[]
C4285888	[]
C4286026	['MSH3 mutation']
C4286050	[]
C4287831	['t(11;14)']
C4287835	[]
C4287854	[]
C4287862	[]
C4287905	[]
C4287907	['STK11 Mutation']
C4287921	[]
C4287924	[]
C4287932	['IDH gene mutation', 'IDH Mutation']
C4287935	['t(8;14)']
C4287936	['t(6;9)']
C4287937	['t(6;11)']
C4287938	[]
C4287939	['t(4;11)']
C4287940	['t(3;3)']
C4287941	['t(2;13)']
C4287942	['t(21;22)']
C4287943	['t(1;19)']
C4287944	['t(1;13)']
C4287945	['t(16;16)']
C4287946	['t(15;17)']
C4287947	['t(14;18)']
C4287948	['t(12;21)']
C4287949	['t(11;22)']
C4287950	[]
C4287956	[]
C4288261	['STAT-3 GOF', 'STAT3 gain of function']
C4288262	['STAT1 Gain of Function', 'STAT1 gain of function']
C4288264	[]
C4288265	[]
C4288266	[]
C4288267	[]
C4288313	[]
C4288384	[]
C4288453	[]
C4288454	[]
C4288530	[]
C4288531	[]
C4288784	[]
C4288785	['MYD88 L265P', 'MYD88 p.Leu265Pro']
C4288786	[]
C4288789	[]
C4288790	[]
C4288791	[]
C4288792	['MPL gene mutation']
C4288794	['MET Exon 14 Mutation']
C4288858	[]
C4288859	['KIT D816V', 'KIT p.D816V']
C4288860	[]
C4288861	[]
C4288928	['IDH1 p.R132H', 'IDH1 R132H Mutation', 'IDH1 R132H']
C4288929	[]
C4288930	['G395A']
C4289018	[]
C4289019	['H3 K27M Mutation', 'H3 K27M', 'Histone H3 K27M']
C4289307	[]
C4289308	['D835', 'FLT3-D835']
C4289309	['FLT3 gene mutation']
C4289326	[]
C4289327	[]
C4289328	['FGFR3 S249C']
C4289329	[]
C4289330	[]
C4289331	[]
C4289332	[]
C4289333	[]
C4289334	[]
C4289335	[]
C4289336	[]
C4289337	[]
C4289482	[]
C4289601	[]
C4289650	[]
C4289654	[]
C4289655	[]
C4289656	[]
C4289657	[]
C4289658	[]
C4289679	[]
C4289700	[]
C4289705	[]
C4289706	[]
C4289707	[]
C4289708	[]
C4289851	[]
C4289890	[]
C4289893	['CDKN2A']
C4289899	['CALR Mutation', 'Calreticulin Gene Mutation']
C4289902	[]
C4289944	['BAP1 Mutation']
C4290002	[]
C4290003	[]
C4290274	[]
C4293670	[]
C4293689	[]
C4293690	[]
C4296244	[]
C4296245	[]
C4296810	[]
C4300408	[]
C4318454	['BRCA2 6174delT']
C4318459	[]
C4318493	[]
C4319775	[]
C4321309	[]
C4321310	[]
C4321312	[]
C4321354	['BRCA1 5382insC', 'BRCA1 c.5266dup', 'BRCA1 c.5266dupC', 'NM_007294.3:c.5266dup']
C4321420	[]
C4321421	['C250T', 'TERT C250T']
C4321422	['C228T', 'TERT C228T']
C4321510	[]
C4329211	['11q Aberration']
C4329222	[]
C4329223	[]
C4329226	[]
C4329227	['ALK Translocation']
C4329229	[]
C4329262	[]
C4329263	[]
C4329264	[]
C4329265	[]
C4329385	[]
C4329387	[]
C4329388	[]
C4329428	[]
C4329429	[]
C4329430	[]
C4329431	[]
C4329432	[]
C4329433	[]
C4329434	[]
C4329435	[]
C4329437	[]
C4329454	['Biallelic Mutation']
C4329496	[]
C4329497	[]
C4329498	[]
C4329499	[]
C4329500	[]
C4329501	[]
C4329502	[]
C4329503	[]
C4329505	[]
C4329506	[]
C4329590	[]
C4329591	[]
C4329592	[]
C4329603	[]
C4329664	[]
C4329665	[]
C4329691	[]
C4329705	[]
C4329706	[]
C4329707	[]
C4329708	[]
C4329709	[]
C4329710	[]
C4329711	[]
C4329712	[]
C4329760	[]
C4329764	[]
C4329776	[]
C4329778	[]
C4329945	[]
C4329946	[]
C4329947	[]
C4329948	[]
C4329949	[]
C4329950	[]
C4329951	[]
C4329952	[]
C4329957	[]
C4329958	[]
C4329959	[]
C4329960	[]
C4329961	[]
C4329962	[]
C4330024	[]
C4330025	[]
C4330026	[]
C4330030	[]
C4330383	[]
C4330384	[]
C4330385	[]
C4330386	[]
C4330387	[]
C4330388	[]
C4330389	[]
C4330390	['IDH1 p.Arg132Cys', 'IDH1 p.R132C', 'IDH1 R132C']
C4330391	[]
C4330392	[]
C4330393	[]
C4330394	[]
C4330395	[]
C4330396	[]
C4330397	['R172G']
C4330398	['IDH2 R172K', 'R172K']
C4330399	['R172M']
C4330480	[]
C4330504	[]
C4330513	[]
C4330514	[]
C4330516	[]
C4330518	[]
C4330519	['KRAS A146T']
C4330520	['Kataegis']
C4330599	['MET Exon 14 Skipping Alteration', 'MET Exon 14 Skipping Mutation']
C4330604	[]
C4330605	[]
C4330606	[]
C4330607	[]
C4330703	['Monoallelic Mutation']
C4330731	[]
C4330760	[]
C4330762	[]
C4330916	[]
C4330918	[]
C4330919	[]
C4330920	[]
C4330921	[]
C4330922	[]
C4330923	[]
C4331198	[]
C4331199	[]
C4331200	[]
C4331201	[]
C4331202	[]
C4331203	[]
C4331205	['Mutant RAS', 'RAS Mutation']
C4331213	['ROS1 Mutation']
C4331214	['ROS1 gene rearrangement', 'ROS1 Rearrangement']
C4331215	['ROS1 Translocation']
C4331216	[]
C4331369	[]
C4331378	[]
C4331398	['NtAI']
C4331805	['t(10;11)(p12;q23)']
C4331807	[]
C4331808	[]
C4331809	['t(8;22)']
C4331810	[]
C4331821	[]
C4331827	[]
C4331829	[]
C4331839	[]
C4331854	[]
C4331856	[]
C4331861	['IDH1 R132G']
C4331875	[]
C4331909	[]
C4331980	[]
C4476724	[]
C4476795	[]
C4476796	['Increased reactive oxygen species production', 'Increased ROS production']
C4476986	[]
C4476987	[]
C4476988	[]
C4476989	[]
C4476991	[]
C4476992	[]
C4479459	[]
C4480736	[]
C4480737	[]
C4505047	['Nitrosative Stress']
C4510060	[]
C4510061	['Mucinous metaplasia']
C4510756	[]
C4510805	[]
C4511738	[]
C4511739	[]
C4511740	[]
C4511741	[]
C4511742	[]
C4511743	[]
C4511744	[]
C4511745	[]
C4511746	[]
C4511747	[]
C4511748	[]
C4511749	[]
C4511750	[]
C4511751	[]
C4511752	[]
C4511753	[]
C4511754	[]
C4511755	[]
C4511756	[]
C4511757	[]
C4511758	[]
C4511759	[]
C4517198	[]
C4517202	[]
C4517325	[]
C4517326	[]
C4517336	[]
C4517337	[]
C4517338	[]
C4517347	[]
C4517352	[]
C4517357	[]
C4517358	[]
C4517359	[]
C4517965	[]
C4517966	[]
C4518488	[]
C4518489	[]
C4518490	[]
C4518491	[]
C4518492	[]
C4518493	[]
C4518494	[]
C4518495	[]
C4518496	[]
C4518497	[]
C4518498	[]
C4518499	[]
C4518500	[]
C4518502	[]
C4518503	[]
C4518504	[]
C4518506	[]
C4518507	[]
C4518508	[]
C4518510	[]
C4518511	[]
C4518512	['Maternal uniparental disomy']
C4518513	['Paternal uniparental disomy']
C4518700	[]
C4518826	[]
C4521446	['Gene Rearrangement']
C4521766	['Deletion 22q11.2']
C4522286	[]
C4522295	['t(2;5)']
C4524438	[]
C4524439	[]
C4524647	[]
C4524648	[]
C4524649	[]
C4524650	[]
C4524659	[]
C4524661	[]
C4524662	[]
C4524663	[]
C4524664	[]
C4524665	[]
C4524666	[]
C4524667	[]
C4524668	[]
C4524669	['ALK R1192P']
C4524670	[]
C4524671	[]
C4524672	[]
C4524673	['ALK L1196M']
C4524674	[]
C4524675	[]
C4524677	[]
C4524808	[]
C4524809	[]
C4524810	[]
C4524811	[]
C4524812	[]
C4524813	[]
C4524814	[]
C4524815	[]
C4524816	[]
C4524817	[]
C4524818	[]
C4524819	[]
C4524820	[]
C4524821	[]
C4524822	[]
C4524824	[]
C4524825	[]
C4524826	['TP53 Deletion']
C4524827	[]
C4524828	[]
C4524829	['TFE3 gene rearrangements']
C4524830	[]
C4524831	[]
C4524832	['U2AF1 gene mutation']
C4524833	[]
C4524834	[]
C4524837	[]
C4525146	[]
C4525161	[]
C4525180	[]
C4525181	[]
C4525187	[]
C4525191	[]
C4525192	[]
C4525193	[]
C4525194	[]
C4525195	[]
C4525196	[]
C4525197	[]
C4525462	[]
C4525556	[]
C4525999	[]
C4526000	[]
C4526001	[]
C4526002	[]
C4526003	[]
C4526009	[]
C4526010	[]
C4526011	[]
C4526553	[]
C4526554	[]
C4526663	[]
C4526665	[]
C4526666	[]
C4526667	[]
C4526668	['MEK Mutation']
C4526669	[]
C4526671	['RAF Mutation']
C4526832	['SMARCB1 Gene Mutation']
C4526834	[]
C4526838	[]
C4526842	[]
C4526843	[]
C4526844	[]
C4526845	[]
C4526846	[]
C4526847	[]
C4526848	[]
C4526849	[]
C4526850	[]
C4526851	[]
C4526852	[]
C4526853	[]
C4526855	[]
C4527147	[]
C4527302	[]
C4527303	[]
C4527327	[]
C4527356	[]
C4527358	[]
C4527362	[]
C4527391	[]
C4527418	['t(11;18)']
C4528125	[]
C4528126	[]
C4528127	[]
C4528128	[]
C4528134	[]
C4528137	[]
C4528141	[]
C4528145	[]
C4528214	[]
C4528407	[]
C4528654	['ALK I1171N']
C4528656	[]
C4528684	[]
C4528702	['DICER1 Gene Mutation']
C4528707	[]
C4528714	[]
C4531025	[]
C4531032	[]
C4531070	['Abnormal meiosis']
C4531139	[]
C4531142	[]
C4531145	[]
C4531146	[]
C4531158	[]
C4531166	[]
C4531167	[]
C4531168	[]
C4531169	[]
C4531170	['Abnormal cell proliferation']
C4531234	[]
C4531235	[]
C4531236	[]
C4542728	[]
C4545193	['Partial deletion']
C4551705	[]
C4552399	[]
C4552599	[]
C4552801	[]
C4553647	[]
C4553648	[]
C4554232	[]
C4554233	[]
C4682497	[]
C4682498	[]
C4682499	[]
C4682500	[]
C4682811	[]
C4682812	['NRAS G12V']
C4682813	[]
C4682814	[]
C4682815	[]
C4682816	['HRAS G12V']
C4682930	[]
C4682931	[]
C4683642	['Deleterious BRCA Mutation']
C4683646	[]
C4683648	[]
C4683655	[]
C4683657	[]
C4683658	[]
C4683678	[]
C4683679	[]
C4683734	[]
C4683735	[]
C4683754	[]
C4683756	[]
C4683759	[]
C4683761	[]
C4683786	[]
C4683790	[]
C4684395	[]
C4684396	[]
C4684397	[]
C4684398	[]
C4684407	[]
C4684420	[]
C4684421	[]
C4684422	[]
C4684423	[]
C4684425	[]
C4684426	[]
C4684429	[]
C4684430	[]
C4684859	[]
C4687398	[]
C4687406	[]
C4687418	[]
C4687419	[]
C4687434	[]
C4687440	[]
C4687441	[]
C4687444	[]
C4687445	[]
C4687518	['ALK F1174L', 'ALK Phe1174Leu']
C4687519	[]
C4687520	[]
C4687521	[]
C4687522	['ALK F1174C']
C4687523	[]
C4687524	['ALK Phe1174Val']
C4687525	[]
C4687526	[]
C4687527	[]
C4687528	[]
C4687529	['ALK Arg1275Gln']
C4687530	[]
C4687531	[]
C4687532	[]
C4687533	[]
C4687534	[]
C4687535	['BRAF K601E', 'BRAF p.K601E']
C4687537	[]
C4687538	['P53 c.524G>A', 'TP53 c.524G>A']
C4687539	['TP53 R175H']
C4687540	[]
C4687541	[]
C4687542	[]
C4687543	[]
C4687544	[]
C4687545	[]
C4687548	[]
C4687549	['TP53 G245S']
C4687551	[]
C4687552	[]
C4687553	[]
C4687554	['TP53 R248Q']
C4687555	[]
C4687556	[]
C4687557	[]
C4687558	[]
C4687559	[]
C4687560	[]
C4687561	[]
C4687562	[]
C4687563	[]
C4687564	[]
C4687565	['TP53 p.R273H']
C4687566	[]
C4687567	['TP53 p.R273C', 'TP53 R273C']
C4687568	[]
C4687569	[]
C4687570	[]
C4687571	[]
C4687572	[]
C4687573	[]
C4687574	[]
C4687575	[]
C4687576	[]
C4687577	[]
C4687578	[]
C4687579	[]
C4687580	[]
C4687581	[]
C4687582	[]
C4687583	[]
C4687584	[]
C4687586	[]
C4687589	[]
C4687590	[]
C4687591	[]
C4687592	[]
C4687593	[]
C4687594	[]
C4687595	[]
C4687596	[]
C4687598	[]
C4687599	[]
C4687600	[]
C4687601	[]
C4687602	[]
C4687603	['GNAS R201H']
C4687604	[]
C4687605	['GNAS R201C']
C4687606	[]
C4687607	[]
C4687608	[]
C4687609	[]
C4687610	[]
C4687611	[]
C4687612	[]
C4687613	[]
C4687614	[]
C4687615	[]
C4687616	[]
C4687617	[]
C4687618	[]
C4687619	[]
C4687620	[]
C4687621	[]
C4687622	[]
C4687623	[]
C4687624	[]
C4687625	[]
C4687626	[]
C4687643	[]
C4687644	[]
C4687645	['EGFR C797S']
C4687646	[]
C4687647	[]
C4687648	[]
C4687649	[]
C4687650	[]
C4687651	[]
C4687652	['EGFR L718V']
C4687653	[]
C4687654	['EGFR L718Q']
C4687655	[]
C4687656	[]
C4687657	[]
C4687658	[]
C4687665	[]
C4687673	[]
C4687674	[]
C4687676	[]
C4687682	[]
C4687688	[]
C4687717	[]
C4687719	[]
C4687725	[]
C4687726	[]
C4687727	[]
C4688010	[]
C4688011	[]
C4688300	['ABCD1 Gene Mutation']
C4688335	[]
C4688368	[]
C4688369	[]
C4688373	[]
C4688374	[]
C4688377	[]
C4688378	[]
C4688379	[]
C4688380	[]
C4688462	[]
C4688494	[]
C4688583	['WT1 gene mutation', 'WT1 mutation']
C4688588	[]
C4688589	[]
C4688590	[]
C4688591	[]
C4688592	[]
C4688597	[]
C4695634	[]
C4696634	[]
C4696732	[]
C4698112	['Tandem duplication']
C4698113	[]
C4698114	[]
C4698193	[]
C4698194	[]
C4698195	[]
C4698196	[]
C4698197	['A1762T/G1764A']
C4698316	[]
C4698317	['W515L']
C4698321	['H1047R']
C4698322	['E542K']
C4698323	['E545D']
C4698324	['E545K']
C4698325	[]
C4698326	[]
C4698327	[]
C4698328	[]
C4698508	[]
C4698509	[]
C4698530	[]
C4698531	[]
C4698532	['R155T']
C4698533	[]
C4698534	['A156T']
C4698535	[]
C4698536	[]
C4698537	[]
C4698538	[]
C4698539	[]
C4698600	[]
C4698601	[]
C4698602	[]
C4698603	[]
C4699131	[]
C4699132	[]
C4699133	[]
C4699134	[]
C4699321	[]
C4700026	['A156S']
C4700072	['W515K']
C4703585	[]
C4703653	[]
C4707718	[]
C4707719	[]
C4707720	[]
C4707721	[]
C4707800	[]
C4707801	[]
C4707802	[]
C4707824	[]
C4708597	[]
C4708598	[]
C4722166	[]
C4722167	[]
C4722260	[]
C4722303	[]
C4722311	[]
C4722312	[]
C4722325	[]
C4722326	[]
C4723840	[]
C4723841	[]
C4723842	['NA Gene Mutation']
C4723843	[]
C4724140	[]
C4724141	[]
C4724176	[]
C4724177	[]
C4724181	['T-Cell Receptor Gene Rearrangement']
C4724211	[]
C4724819	[]
C4724820	[]
C4724826	[]
C4724827	[]
C4724828	[]
C4724829	[]
C4724957	['TET2 gene mutation']
C4724996	[]
C4724997	[]
C4724998	[]
C4725011	[]
C4725012	[]
C4725034	[]
C4725180	[]
C4725181	[]
C4725182	['Truncation Mutation']
C4725183	[]
C4725184	[]
C4725185	[]
C4725186	[]
C4725187	[]
C4725188	[]
C4725189	[]
C4725190	[]
C4725191	[]
C4725192	[]
C4725193	[]
C4725194	[]
C4725639	[]
C4725640	[]
C4725641	[]
C4725642	[]
C4725643	[]
C4725644	[]
C4725645	[]
C4725646	[]
C4725647	[]
C4725648	[]
C4725726	['9p21 LOH']
C4725727	[]
C4725728	[]
C4725729	[]
C4725730	[]
C4725731	[]
C4725732	[]
C4725733	[]
C4725734	[]
C4725735	[]
C4725736	[]
C4725740	[]
C4725762	[]
C4725763	[]
C4725764	[]
C4725765	[]
C4725766	[]
C4725767	[]
C4725768	[]
C4725774	[]
C4725776	[]
C4725777	[]
C4725778	[]
C4725779	['DNMT3A gene mutation', 'DNMT3A Gene Mutation']
C4725781	[]
C4725783	[]
C4725798	['DNA Damage Response Gene Mutation']
C4725849	[]
C4725850	[]
C4725851	[]
C4725872	[]
C4725875	[]
C4725879	[]
C4725880	['FLT3 Amplification']
C4725884	[]
C4725885	['Germline BRCA1 Mutation']
C4725886	['Germline BRCA2 Mutation']
C4725888	[]
C4725889	['HER2 Exon 20 Insertion Mutation']
C4725891	[]
C4725894	[]
C4725900	[]
C4725902	[]
C4725903	[]
C4725921	[]
C4725923	[]
C4725924	[]
C4725936	[]
C4725941	[]
C4725943	[]
C4726017	[]
C4726060	[]
C4726061	[]
C4726541	[]
C4726550	[]
C4726555	[]
C4726632	[]
C4726633	[]
C4726634	[]
C4726635	[]
C4726636	[]
C4726637	[]
C4726638	[]
C4726639	[]
C4726640	[]
C4726999	[]
C4727000	[]
C4727021	[]
C4727023	[]
C4727031	[]
C4727032	[]
C4727098	[]
C4727104	[]
C4727108	[]
C4727109	['ACKR1 c.-67T>C']
C4727112	[]
C4727114	[]
C4727115	[]
C4727119	[]
C4727121	[]
C4727122	[]
C4727123	[]
C4727124	[]
C4727125	[]
C4727126	[]
C4727127	[]
C4727132	['NF1 Deletion']
C4727134	[]
C4727135	[]
C4727136	[]
C4727137	[]
C4727139	['TFE3 Translocation']
C4727140	[]
C4727214	[]
C4727215	[]
C4727222	[]
C4727223	[]
C4727295	[]
C4727301	[]
C4727302	[]
C4727303	[]
C4727309	[]
C4727310	['STAG2']
C4727311	[]
C4727313	[]
C4727315	[]
C4727316	[]
C4727319	[]
C4727320	[]
C4727321	[]
C4727349	[]
C4727353	['Xp11.2 Translocation']
C4727475	[]
C4727476	[]
C4727483	['Positive']
C4727505	[]
C4727506	[]
C4727507	[]
C4727508	[]
C4727569	[]
C4727570	[]
C4727572	[]
C4727573	[]
C4727574	[]
C4727575	[]
C4727576	[]
C4727577	[]
C4727594	[]
C4727641	[]
C4727712	['K5 Gene Mutation']
C4727743	[]
C4727785	['EGFR Sensitizing Mutation']
C4727791	[]
C4727948	['Hypermutation']
C4728198	[]
C4736170	[]
C4736171	[]
C4736172	[]
C4736173	[]
C4736174	[]
C4736175	[]
C4736176	[]
C4736177	[]
C4736178	[]
C4736179	[]
C4736180	[]
C4736181	[]
C4736182	[]
C4736183	[]
C4736184	[]
C4736185	[]
C4736186	[]
C4736187	[]
C4736189	[]
C4736190	[]
C4738939	[]
C4740246	[]
C4743610	[]
C4743612	[]
C4743790	[]
C4743791	['C5 Gene Mutation']
C4743973	[]
C4743974	[]
C4743975	[]
C4743976	[]
C4743977	[]
C4743981	[]
C4743982	[]
C4744312	[]
C4744313	['NRAS G12C']
C4744314	[]
C4744315	[]
C4744316	[]
C4744317	['NRAS G12S']
C4744318	[]
C4744319	[]
C4744320	[]
C4744321	['NRAS G13V']
C4744323	[]
C4744324	[]
C4744325	[]
C4744326	[]
C4744327	[]
C4744328	[]
C4744329	[]
C4744330	[]
C4744331	[]
C4744332	[]
C4744335	[]
C4744336	[]
C4744337	[]
C4744338	[]
C4744339	[]
C4744340	[]
C4744341	[]
C4744342	[]
C4744343	[]
C4744346	[]
C4744347	[]
C4744348	[]
C4744349	[]
C4744350	[]
C4744351	[]
C4744352	[]
C4744353	[]
C4744441	[]
C4744442	[]
C4744443	[]
C4744494	[]
C4744504	[]
C4744505	[]
C4744506	[]
C4744507	[]
C4744508	[]
C4744509	[]
C4744511	[]
C4744513	[]
C4744514	[]
C4744517	[]
C4744518	[]
C4744531	[]
C4744533	[]
C4744670	[]
C4744671	[]
C4744762	[]
C4744783	[]
C4745041	[]
C4745042	[]
C4745050	[]
C4745051	[]
C4745052	[]
C4745145	[]
C4745146	[]
C4745147	[]
C4745148	['HRAS G12D']
C4745155	[]
C4745156	[]
C4745157	[]
C4745158	[]
C4745173	[]
C4745174	[]
C4745175	[]
C4745176	[]
C4745177	[]
C4745243	[]
C4745303	[]
C4745304	[]
C4745305	[]
C4745312	[]
C4760906	[]
C4760907	[]
C4760952	[]
C4760965	[]
C4761071	[]
C4761098	['GJB2 gene mutation']
C4761316	[]
C4761676	[]
C4763434	['PK1 Gene Mutation']
C4763435	[]
C4763580	[]
C4763581	[]
C4763582	[]
C4763583	[]
C4763627	[]
C4763631	[]
C4763636	[]
C4763637	[]
C4763699	[]
C4763700	[]
C4763701	[]
C4763702	[]
C4763703	[]
C4763708	['biCEBPA']
C4763710	[]
C4763711	['JAK2 Rearrangement']
C4763715	[]
C4763716	[]
C4763722	[]
C4763727	[]
C4763728	[]
C4763729	[]
C4763730	[]
C4763731	[]
C4763734	[]
C4763752	[]
C4763753	[]
C4763754	[]
C4763755	[]
C4763764	[]
C4763765	[]
C4763766	[]
C4763767	[]
C4763768	[]
C4763826	['TSC2 LOH']
C4763830	[]
C4763833	[]
C4764011	[]
C4764012	[]
C4764013	[]
C4764014	[]
C4764015	[]
C4764017	[]
C4764018	[]
C4764019	[]
C4764020	[]
C4764021	[]
C4764022	[]
C4764027	[]
C4764057	[]
C4764074	[]
C4764075	[]
C4764076	[]
C4764077	['PAX5 P80R']
C4764078	[]
C4764079	[]
C4764080	[]
C4764253	[]
C4764342	[]
C4764361	[]
C4766185	['MDR1 gene mutation']
C5139101	[]
C5139183	[]
C5139184	[]
C5141330	[]
C5141350	[]
C5141353	[]
C5141354	[]
C5141512	[]
C5142656	[]
C5142657	[]
C5142658	[]
C5142659	[]
C5142669	[]
C5142670	[]
C5142671	[]
C5142672	[]
C5142739	[]
C5142740	[]
C5142741	[]
C5142742	[]
C5142743	[]
C5143067	[]
C5146675	[]
C5150541	[]
C5150542	[]
C5150563	[]
C5150564	[]
C5150606	[]
C5151046	[]
C5151104	[]
C5151202	[]
C5151203	[]
C5152144	[]
C5154181	[]
C5158948	[]
C5158977	[]
C5159751	[]
C5159754	[]
C5159755	[]
C5159756	[]
C5159757	[]
C5159760	[]
C5159761	[]
C5159762	[]
C5159764	[]
C5159765	[]
C5159766	[]
C5159790	[]
C5159791	[]
C5159797	[]
C5159799	[]
C5159800	[]
C5159801	[]
C5161608	[]
C5161791	[]
C5162686	[]
C5164500	[]
C5164501	[]
C5164502	[]
C5164503	[]
C5164743	[]
C5164744	[]
C5166354	[]
C5166456	[]
C5166736	[]
C5167298	[]
C5172005	[]
C5172021	[]
C5172532	[]
C5173089	[]
C5173668	[]
C5173858	[]
C5173859	[]
C5173860	[]
C5173861	[]
C5173906	[]
C5173926	[]
C5173927	[]
C5173928	[]
C5173930	[]
C5173931	[]
C5173933	[]
C5173934	[]
C5173935	[]
C5173936	[]
C5173938	[]
C5177667	[]
C5179191	[]
C5180624	[]
C5182564	[]
C5182577	[]
C5182578	[]
C5182580	[]
C5182581	[]
C5182582	[]
C5182583	[]
C5182584	[]
C5182585	[]
C5182614	[]
C5182646	[]
C5182647	[]
C5182648	[]
C5183720	[]
C5184250	[]
C5185647	[]
C5185648	[]
C5185649	[]
C5185650	[]
C5186239	[]
C5200298	[]
C5202894	[]
C5203853	[]
C5203855	[]
C5203856	['P1 Gene Mutation']
C5203857	[]
C5203860	[]
C5203861	[]
C5203862	[]
C5203867	[]
C5203868	[]
C5203869	[]
C5203870	[]
C5203871	[]
C5203872	[]
C5203873	[]
C5203875	[]
C5203876	['JAK2 Exon 12 Mutation']
C5203877	[]
C5203883	[]
C5203909	[]
C5203910	[]
C5203994	[]
C5203995	['FLT3 F691L']
C5204011	[]
C5204016	[]
C5204022	[]
C5204027	[]
C5204043	[]
C5204044	[]
C5204045	[]
C5204054	[]
C5204055	[]
C5204056	[]
C5204057	[]
C5204058	[]
C5204059	[]
C5204060	[]
C5204077	[]
C5204081	[]
C5204082	[]
C5204083	[]
C5204084	[]
C5204255	[]
C5204419	[]
C5204420	[]
C5204421	[]
C5204422	[]
C5204424	[]
C5204425	[]
C5204426	[]
C5204427	[]
C5204428	[]
C5204429	[]
C5204430	[]
C5204431	[]
C5204447	[]
C5204450	[]
C5205177	[]
C5205224	[]
C5205246	[]
C5205290	[]
C5205374	['TERT Promoter Mutation']
C5205432	[]
C5205433	[]
C5205434	[]
C5205435	[]
C5205437	[]
C5205438	[]
C5205441	[]
C5205443	['IDH2 R140Q']
C5205444	[]
C5205445	[]
C5205446	[]
C5205623	[]
C5205624	[]
C5205625	[]
C5205626	[]
C5205628	[]
C5205629	[]
C5206274	[]
C5206275	[]
C5206401	[]
C5206402	[]
C5206483	[]
C5206484	[]
C5206485	[]
C5206486	[]
C5206487	['MET Y1230H']
C5206488	[]
C5206489	[]
C5206490	[]
C5206491	['MET D1228N']
C5206492	[]
C5206493	[]
C5206494	[]
C5206495	[]
C5206496	[]
C5206497	[]
C5206498	[]
C5206499	[]
C5206500	[]
C5206501	[]
C5206503	[]
C5206504	[]
C5206505	[]
C5206506	[]
C5206507	[]
C5206508	[]
C5206509	[]
C5206556	[]
C5206557	[]
C5206561	['COL7A1 Gene Mutation']
C5206585	[]
C5206615	['KMT2A gene mutation']
C5206616	[]
C5206617	[]
C5206621	[]
C5206789	[]
C5206790	[]
C5206791	[]
C5206884	[]
C5206885	[]
C5206886	[]
C5206887	[]
C5206888	[]
C5206890	[]
C5206891	[]
C5206924	[]
C5206937	[]
C5207007	[]
C5208133	['CFTR gene mutation']
C5208139	[]
C5208150	['RPE65 gene mutation']
C5211358	[]
C5212179	[]
C5212348	[]
C5212350	[]
C5212352	[]
C5212358	['EWSR1 gene rearrangements', 'EWSR1 Rearrangement']
C5212360	[]
C5212365	[]
C5212370	[]
C5212755	[]
C5213118	[]
C5213161	[]
C5213164	[]
C5213403	[]
C5213412	[]
C5213413	[]
C5213428	[]
C5213807	[]
C5214091	[]
C5235650	[]
C5235651	['EGFR L833F']
C5235652	[]
C5235654	[]
C5236027	[]
C5236028	[]
C5236029	[]
C5236030	[]
C5236031	[]
C5236032	[]
C5236035	[]
C5236036	[]
C5236037	[]
C5236038	[]
C5236039	[]
C5236040	[]
C5236041	[]
C5236048	[]
C5236049	[]
C5236050	[]
C5236051	[]
C5236058	[]
C5236059	[]
C5236060	[]
C5236096	[]
C5236097	[]
C5236098	[]
C5236099	[]
C5236100	[]
C5236101	[]
C5236102	[]
C5236103	[]
C5236104	[]
C5236105	[]
C5236106	[]
C5236107	[]
C5236108	['CSF1R c.1085A>G']
C5236109	[]
C5236110	[]
C5236111	[]
C5236112	[]
C5236114	[]
C5236115	[]
C5236116	['CTNNB1 p.T41A']
C5236117	[]
C5236120	[]
C5236121	[]
C5236122	[]
C5236123	[]
C5236124	[]
C5236125	[]
C5236126	[]
C5236127	[]
C5236128	['DPYD c.1627A>G']
C5236129	[]
C5236130	[]
C5237002	[]
C5237003	[]
C5237004	[]
C5237005	[]
C5237007	['Conversion']
C5237021	[]
C5237025	[]
C5237218	['I836']
C5237225	['CDH1 Pathogenic or Likely Pathogenic Variant']
C5237273	[]
C5237274	[]
C5237276	[]
C5237277	[]
C5237278	[]
C5237279	[]
C5237280	[]
C5237281	[]
C5237282	[]
C5237283	[]
C5237284	['PTEN R130Q']
C5237285	[]
C5237286	[]
C5237287	[]
C5237288	[]
C5237300	[]
C5237301	[]
C5237302	[]
C5237357	[]
C5237381	[]
C5237402	[]
C5237408	['del(17)(p13.1)']
C5237409	[]
C5237411	[]
C5237428	[]
C5237429	['FGFR1 p.K656E']
C5237430	[]
C5237432	[]
C5237433	['FGFR4 Gly388Arg']
C5237434	[]
C5237435	[]
C5237436	[]
C5237437	[]
C5237438	[]
C5237439	[]
C5237440	[]
C5237441	[]
C5237740	[]
C5237741	['JAK2 R683G']
C5237742	[]
C5237743	[]
C5237745	[]
C5237747	[]
C5237748	[]
C5237749	[]
C5237937	[]
C5237938	[]
C5237939	[]
C5237940	[]
C5237941	[]
C5237942	[]
C5237943	[]
C5237944	[]
C5237945	[]
C5237962	[]
C5237965	[]
C5237966	[]
C5237967	[]
C5238227	[]
C5238228	[]
C5238229	[]
C5238230	[]
C5238231	[]
C5238232	[]
C5238235	[]
C5238236	[]
C5238256	[]
C5238257	['BRCA VUS']
C5238258	[]
C5238259	[]
C5238260	[]
C5238261	[]
C5238262	[]
C5238263	[]
C5238264	[]
C5238271	[]
C5238272	[]
C5238273	[]
C5238274	[]
C5238275	[]
C5238276	[]
C5238277	[]
C5238278	[]
C5238279	[]
C5238281	[]
C5238283	[]
C5238284	[]
C5238285	[]
C5238287	[]
C5238288	[]
C5238289	[]
C5238290	[]
C5238291	[]
C5238292	[]
C5238293	[]
C5238294	[]
C5238295	[]
C5238296	[]
C5238297	[]
C5238298	[]
C5238299	[]
C5238300	[]
C5238301	[]
C5238302	[]
C5238303	[]
C5238304	[]
C5238305	[]
C5238308	[]
C5238311	[]
C5238312	[]
C5238317	[]
C5238318	[]
C5238319	[]
C5238320	[]
C5238321	[]
C5238322	[]
C5238323	[]
C5238324	[]
C5238325	[]
C5238326	['L576R']
C5238328	[]
C5238329	[]
C5238330	[]
C5238332	[]
C5238333	[]
C5238334	[]
C5238335	[]
C5238336	[]
C5238338	[]
C5238339	[]
C5238340	[]
C5238341	[]
C5238342	[]
C5238343	[]
C5238344	[]
C5238345	['Y842']
C5238351	['t(8;16)(p11;p13)']
C5238352	[]
C5238353	[]
C5238354	[]
C5238355	[]
C5238356	[]
C5238375	[]
C5238376	[]
C5238377	[]
C5238378	[]
C5238379	[]
C5238380	[]
C5238381	[]
C5238382	[]
C5238384	[]
C5238385	[]
C5238386	[]
C5238392	[]
C5238393	[]
C5238394	[]
C5238395	[]
C5238396	[]
C5238397	[]
C5238398	[]
C5238399	[]
C5238400	[]
C5238401	[]
C5238402	[]
C5238403	[]
C5238407	[]
C5238408	[]
C5238913	[]
C5238920	[]
C5239053	[]
C5239088	[]
C5239089	[]
C5239093	[]
C5239094	[]
C5239095	[]
C5239098	['t(11;19)(q23;p13)']
C5239100	[]
C5239103	[]
C5239104	[]
C5239107	[]
C5239108	['moCEBPA']
C5239297	[]
C5239298	[]
C5239299	[]
C5239301	[]
C5239302	[]
C5239303	[]
C5239305	[]
C5239306	[]
C5239307	[]
C5239308	[]
C5239310	[]
C5239311	[]
C5239312	[]
C5239313	[]
C5239314	[]
C5239316	[]
C5239317	[]
C5239318	[]
C5239319	[]
C5239322	[]
C5239323	[]
C5239324	[]
C5239325	[]
C5239326	[]
C5239327	[]
C5239328	[]
C5239329	[]
C5239330	[]
C5239331	[]
C5239332	[]
C5239333	[]
C5239336	[]
C5239337	[]
C5239346	[]
C5239347	[]
C5239348	[]
C5239349	[]
C5239350	[]
C5239351	['STAT5B N642H']
C5239353	[]
C5239354	[]
C5239355	[]
C5239356	[]
C5239357	[]
C5239358	[]
C5239359	[]
C5239360	[]
C5239361	[]
C5239362	[]
C5239363	[]
C5239364	[]
C5239367	[]
C5239368	[]
C5239369	[]
C5239370	['P53 c.1010G>A', 'TP53 c.1010G>A']
C5239371	[]
C5239372	[]
C5239375	[]
C5239376	[]
C5239377	[]
C5239378	[]
C5239379	[]
C5239380	[]
C5239381	[]
C5239382	[]
C5239383	[]
C5239384	[]
C5239385	[]
C5239391	[]
C5239451	[]
C5239454	[]
C5239455	[]
C5239508	[]
C5239518	[]
C5239525	[]
C5239538	[]
C5239539	[]
C5239542	['N676K']
C5239545	[]
C5239577	[]
C5239580	['TP53 p.R337H', 'TP53 R337H']
C5243548	[]
C5243621	[]
C5243627	['CYP3A5 polymorphism']
C5380608	[]
C5380941	[]
C5380942	[]
C5381048	[]
C5381049	[]
C5381050	[]
C5382577	[]
C5382761	[]
C5382762	[]
C5382763	[]
C5382764	[]
C5382765	[]
C5382766	[]
C5382984	[]
C5392202	['Anti-oxidative Stress', 'Antioxidative Stress']
C5392203	['Injury, Oxidative Stress', 'Injury, Oxidative', 'Oxidative Damage', 'Oxidative Damages', 'Oxidative Injuries', 'Oxidative Injury', 'Oxidative Stress Injury']
C5392204	['DNA Oxidative Damage', 'Oxidative DNA Damage']
C5392205	['Nitro-Oxidative Stress', 'Oxidative and Nitrosative Stress']
C5392972	['Oxidative Cleavage']
C5397582	[]
C5397583	[]
C5397598	[]
C5397603	[]
C5397617	[]
C5397620	[]
C5397622	[]
C5397623	[]
C5397625	[]
C5397629	[]
C5397664	['Renal tubular epithelial cell apoptosis']
C5397934	[]
C5397976	[]
C5400127	[]
C5400175	[]
C5400361	[]
C5400493	['NR5A1 gene mutation']
C5400496	['Abnormal DNA methylation']
C5400680	[]
C5400848	[]
C5401098	[]
C5401127	[]
C5401140	[]
C5401231	[]
C5401232	[]
C5401390	[]
C5418543	[]
C5418544	[]
C5418545	[]
C5418546	[]
C5418547	[]
C5418548	[]
C5418549	[]
C5418550	[]
C5418551	[]
C5418552	[]
C5418553	[]
C5418554	[]
C5418555	[]
C5418556	[]
C5418557	[]
C5418558	[]
C5418559	[]
C5418579	[]
C5418761	[]
C5418763	[]
C5418764	[]
C5418864	[]
C5418973	[]
C5418976	['APC c.3920T>A']
C5418977	['APC I1307K', 'APC p.I1307K']
C5418979	[]
C5418980	[]
C5418981	[]
C5418993	[]
C5418995	[]
C5418997	[]
C5418998	[]
C5419032	[]
C5419057	[]
C5419216	[]
C5419218	[]
C5419219	[]
C5419220	[]
C5419232	[]
C5419234	[]
C5419593	[]
C5419594	[]
C5419595	[]
C5419596	[]
C5419600	[]
C5419601	[]
C5419602	[]
C5419603	[]
C5419604	[]
C5419611	[]
C5419612	[]
C5419613	[]
C5419614	[]
C5419615	[]
C5419616	[]
C5419618	[]
C5419620	[]
C5419621	[]
C5419622	[]
C5419623	[]
C5419969	[]
C5419970	[]
C5420199	[]
C5420201	[]
C5420203	[]
C5420204	[]
C5420205	[]
C5420206	[]
C5420207	[]
C5420208	[]
C5420209	[]
C5420210	['CHEK2 I157T', 'CHEK2 p.I157T', 'CHEK2 p.Ile157Thr']
C5420211	['CHEK2 c.1283C>T']
C5420213	['CHEK2 S428F']
C5420217	[]
C5420254	[]
C5420255	[]
C5420277	[]
C5420278	[]
C5420417	[]
C5420418	[]
C5420419	[]
C5420421	[]
C5420422	[]
C5420423	[]
C5420425	[]
C5420426	[]
C5420428	[]
C5420430	[]
C5420607	[]
C5420613	[]
C5420614	[]
C5420615	[]
C5420616	['CTNNB1 p.S45P', 'CTNNB1 S45P']
C5420617	[]
C5420618	[]
C5420619	[]
C5420620	[]
C5420622	[]
C5420623	[]
C5420624	[]
C5420625	[]
C5420627	[]
C5420628	[]
C5420629	[]
C5420630	[]
C5420631	[]
C5420632	[]
C5420633	[]
C5420634	[]
C5420635	[]
C5420636	[]
C5420637	[]
C5420786	[]
C5420787	[]
C5420789	[]
C5420793	[]
C5420794	[]
C5420795	[]
C5420796	[]
C5420797	[]
C5420798	[]
C5420799	[]
C5420800	[]
C5420801	[]
C5420802	[]
C5420805	[]
C5420806	[]
C5420810	[]
C5420811	[]
C5421290	[]
C5421300	[]
C5421301	[]
C5421314	[]
C5421333	[]
C5421623	[]
C5421675	['Ballooning degeneration of hepatocytes']
C5426747	[]
C5436598	['Zygotic cleavage failure']
C5438429	[]
C5438430	[]
C5438431	[]
C5438432	[]
C5438433	[]
C5438434	[]
C5438435	[]
C5438436	[]
C5438437	[]
C5438443	[]
C5438447	[]
C5438448	[]
C5438449	[]
C5438450	[]
C5438451	[]
C5438452	[]
C5438453	[]
C5438454	[]
C5438459	[]
C5438460	[]
C5438461	[]
C5438462	[]
C5438463	[]
C5438645	[]
C5438677	[]
C5438804	[]
C5438805	[]
C5438806	[]
C5438807	[]
C5438808	[]
C5438809	[]
C5438810	[]
C5438811	[]
C5438813	[]
C5438814	[]
C5438816	[]
C5438817	[]
C5438818	[]
C5438819	[]
C5438820	[]
C5438821	[]
C5438822	[]
C5438823	[]
C5438824	[]
C5438825	[]
C5438826	[]
C5438827	[]
C5438828	[]
C5438829	[]
C5438830	[]
C5438831	[]
C5438832	[]
C5438833	[]
C5438834	[]
C5438835	[]
C5438836	[]
C5438837	[]
C5438838	[]
C5438839	[]
C5438840	[]
C5438841	[]
C5438842	[]
C5438843	[]
C5438844	[]
C5438845	[]
C5438846	[]
C5438847	[]
C5438848	[]
C5438852	[]
C5438853	[]
C5438854	[]
C5438855	[]
C5438856	[]
C5438857	[]
C5438858	[]
C5438860	[]
C5438873	[]
C5438875	[]
C5438876	[]
C5438932	[]
C5438935	[]
C5438936	[]
C5438941	[]
C5438942	[]
C5438944	[]
C5438945	[]
C5438946	[]
C5438947	[]
C5438948	[]
C5438949	[]
C5438953	[]
C5438954	[]
C5438956	[]
C5438957	[]
C5438958	[]
C5438959	[]
C5438960	[]
C5438961	[]
C5438962	[]
C5438963	[]
C5438964	[]
C5438965	[]
C5438966	[]
C5439184	[]
C5442422	[]
C5444032	[]
C5444033	[]
C5445401	[]
C5445402	[]
C5445403	[]
C5445404	[]
C5446438	[]
C5446439	[]
C5446441	[]
C5446458	[]
C5446459	[]
C5446461	[]
C5446462	[]
C5446463	[]
C5446464	[]
C5446465	[]
C5446466	['EGFR K860I']
C5446467	[]
C5446469	[]
C5446472	[]
C5446473	[]
C5446474	[]
C5446475	[]
C5446476	[]
C5446488	[]
C5446489	[]
C5446490	[]
C5446491	[]
C5446492	[]
C5446493	[]
C5446494	[]
C5446495	[]
C5446496	[]
C5446497	[]
C5446498	[]
C5446499	[]
C5446505	[]
C5446625	[]
C5446636	['t(11;17)']
C5446637	['t(8;16)']
C5446638	['t(1;22)']
C5446674	[]
C5446678	[]
C5446679	[]
C5446680	[]
C5446681	[]
C5446682	['p53 Frameshift Mutation']
C5446683	[]
C5446684	[]
C5446685	[]
C5446690	[]
C5446881	[]
C5446882	[]
C5446883	[]
C5446884	[]
C5446900	[]
C5446904	[]
C5447247	[]
C5447362	[]
C5447363	[]
C5447364	['STAT1 LOF']
C5447378	[]
C5447517	[]
C5447524	[]
C5447616	['1q Deletion']
C5447617	['t(6;14)']
C5447683	[]
C5447684	[]
C5447694	[]
C5447758	[]
C5447767	[]
C5447770	[]
C5447771	[]
C5447772	[]
C5447777	[]
C5447778	[]
C5447780	[]
C5447781	[]
C5447782	[]
C5447783	[]
C5447784	[]
C5447785	[]
C5447786	[]
C5447787	[]
C5447789	[]
C5447790	[]
C5447791	[]
C5447792	[]
C5447793	[]
C5447794	[]
C5447795	[]
C5447796	[]
C5447797	[]
C5447798	['HER2 Ile655Val']
C5447799	[]
C5447800	[]
C5447801	[]
C5447802	[]
C5447803	[]
C5447805	[]
C5447806	[]
C5447807	[]
C5447808	[]
C5447809	['HER2 S310F Mutation', 'HER2 S310F']
C5447810	[]
C5447811	[]
C5447812	[]
C5447813	[]
C5447814	[]
C5447815	['HER2 V659E']
C5447816	[]
C5447817	[]
C5447818	[]
C5447819	[]
C5447820	[]
C5447821	[]
C5447822	[]
C5447823	[]
C5447824	[]
C5447825	[]
C5447845	[]
C5448016	[]
C5448034	[]
C5448051	[]
C5448068	[]
C5448069	[]
C5448096	[]
C5451644	[]
C5451699	[]
C5451790	[]
C5451791	[]
C5451792	[]
C5451793	[]
C5451794	[]
C5454124	[]
C5454591	[]
C5454603	[]
C5454604	[]
C5454605	[]
C5539524	[]
C5539525	[]
C5539718	[]
C5539859	[]
C5539887	['Abnormal apoptosis']
C5539888	[]
C5547451	[]
